STARLINK-1008           
1 44714U 19074B   26220.14459950  .00023001  00000+0  29029-3 0  9990
2 44714  53.1484 178.4621 0006476  31.5044 328.6356 15.59485397372298
STARLINK-1012           
1 44718U 19074F   26220.52550520  .00056503  00000+0  72691-3 0  9997
2 44718  53.1503 176.9092 0006867  36.4684 323.6796 15.58519068372348
STARLINK-1017           
1 44723U 19074L   26220.19363409  .00032015  00000+0  90387-3 0  9998
2 44723  53.0435 185.8101 0001165  97.4650 262.6484 15.36114369372160
STARLINK-1020           
1 44725U 19074N   26220.20335493  .00053849  00000+0  57255-3 0  9999
2 44725  53.1511 200.0928 0006113  25.4678 334.6638 15.63506810371979
STARLINK-1036           
1 44741U 19074AE  26220.11916228  .00068285  00000+0  34219-3 0  9993
2 44741  53.0388 161.2187 0004005  88.6159 271.5321 15.81150687372499
STARLINK-1039           
1 44744U 19074AH  26220.34386010  .00017968  00000+0  57003-3 0  9999
2 44744  53.0566 231.8911 0002645 354.7238   5.3734 15.32770254371531
STARLINK-1042           
1 44747U 19074AL  26219.90198110  .00052278  00000+0  69974-3 0  9997
2 44747  53.0414  85.2412 0000439 136.6212 223.4833 15.57515315373572
STARLINK-1043           
1 44748U 19074AM  26220.15538558  .00019143  00000+0  16502-3 0  9994
2 44748  53.0458 175.7642 0004123  65.3960 294.7485 15.69326793372300
STARLINK-1046           
1 44751U 19074AQ  26220.44614547  .00027094  00000+0  25018-3 0  9999
2 44751  53.0422 198.8539 0001616  80.9966 279.1232 15.67404333372008
STARLINK-1047           
1 44752U 19074AR  26220.13900327  .00032040  00000+0  87338-3 0  9990
2 44752  53.0665 156.6152 0001233  13.9399 346.1637 15.37207401372594
STARLINK-1048           
1 44753U 19074AS  26220.06408821  .00043108  00000+0  30111-3 0  9999
2 44753  53.0415 145.8962 0000903 190.6375 169.4624 15.73876088372705
STARLINK-1063           
1 44768U 19074BH  26220.50478338  .00044358  00000+0  62265-3 0  9997
2 44768  53.1506 218.0683 0006007  27.7023 332.4308 15.56292753371787
STARLINK-1067           
1 44771U 19074BL  26220.58335647  .00135931  17922-4  42980-3 0  9990
2 44771  53.0354 169.3856 0006480  70.1259 304.6017 15.91044576  6026
STARLINK-1068           
1 44772U 19074BM  26220.49704259  .00098749  00000+0  37530-3 0  9994
2 44772  53.0353 144.6485 0005279  83.8520 276.3105 15.86826727372756
STARLINK-1114           
1 44927U 20001P   26220.53482345  .00045374  00000+0  27984-3 0  9990
2 44927  53.0384 305.4443 0005507 354.8150   5.2811 15.76701367363852
STARLINK-1123           
1 44930U 20001S   26220.49512319  .00027609  00000+0  26827-3 0  9990
2 44930  53.1399 337.5582 0002694 149.8851 210.2321 15.66123285363420
STARLINK-1094           
1 44941U 20001AD  26220.49402677  .00065752  00000+0  70930-3 0  9992
2 44941  53.1482 314.5524 0001465 290.3968  69.6890 15.63072254363751
STARLINK-1122           
1 44949U 20001AM  26220.51085022  .00062343  00000+0  68876-3 0  9993
2 44949  53.1510 315.1589 0000829 294.2871  65.8057 15.62482795363744
STARLINK-1080           
1 44961U 20001AZ  26220.45746123  .00037205  00000+0  25499-3 0  9999
2 44961  53.0427 266.7173 0003980   6.6623 353.4448 15.74380890364393
STARLINK-1090           
1 44968U 20001BG  26220.46463212  .00042231  00000+0  55766-3 0  9997
2 44968  53.1456 304.8683 0000858 327.0882  33.0077 15.57973861363880
STARLINK-1132           
1 45044U 20006A   26220.33929697  .00027900  00000+0  23853-3 0  9996
2 45044  53.1467 243.2123 0002603  55.2436 304.8826 15.69280481360518
STARLINK-1131           
1 45047U 20006D   26220.45930611  .00051330  00000+0  56426-3 0  9996
2 45047  53.1520 277.4253 0004634  11.2520 348.8598 15.62683064360045
STARLINK-1134           
1 45048U 20006E   26220.29843191  .00024512  00000+0  24709-3 0  9996
2 45048  53.0200 224.8112 0005847 332.5145  27.5560 15.65255825360738
STARLINK-1156           
1 45054U 20006L   26220.48377091  .00029618  00000+0  73333-3 0  9994
2 45054  53.1553 291.6484 0001347 340.8415  19.2540 15.40206165359846
STARLINK-1166           
1 45060U 20006S   26220.46384816  .00029938  00000+0  23219-3 0  9995
2 45060  53.0411 255.3381 0004853  23.6645 336.4594 15.71579287360324
STARLINK-1169           
1 45061U 20006T   26220.50264610  .00032604  00000+0  70371-3 0  9995
2 45061  53.1526 288.5321 0001211  60.3238 299.7889 15.44276322359898
STARLINK-1171           
1 45062U 20006U   26220.29478078  .00072574  00000+0  30445-3 0  9995
2 45062  53.0331 216.2466 0005172  51.1805 308.9678 15.84904794360850
STARLINK-1133           
1 45064U 20006W   26220.52354910  .00028432  00000+0  70731-3 0  9997
2 45064  53.1549 268.2775 0001182   2.4748 357.6263 15.40083543360185
STARLINK-1167           
1 45071U 20006AD  26220.41863890  .00028397  00000+0  64127-3 0  9997
2 45071  53.1540 266.6530 0003446  49.2740 310.8565 15.43000244360198
STARLINK-1168           
1 45072U 20006AE  26220.42059354  .00027602  00000+0  67403-3 0  9999
2 45072  53.1548 268.7662 0001346   3.3231 356.7783 15.40663427360162
STARLINK-1172           
1 45074U 20006AG  26220.46457457  .00038828  00000+0  84120-3 0  9998
2 45074  53.1527 265.3046 0002776  32.7274 327.3904 15.44077989360212
STARLINK-1153           
1 45080U 20006AN  26220.46458176  .00030586  00000+0  68824-3 0  9990
2 45080  53.1552 266.3354 0003328  63.6372 296.4976 15.43067483360207
STARLINK-1185           
1 45087U 20006AV  26220.49740830  .00030971  00000+0  49454-3 0  9997
2 45087  53.1548 242.2408 0002883   8.5049 351.6010 15.52944586360544
STARLINK-1183           
1 45088U 20006AW  26220.35754933  .00010927  00000+0  28003-3 0  9998
2 45088  53.1560 253.9230 0001758   0.5701 359.5306 15.39919053360369
STARLINK-1152           
1 45096U 20006BE  26220.25230664  .00049634  00000+0  69375-3 0  9990
2 45096  53.0280 201.8141 0005282  24.1573 335.9684 15.56360047361050
STARLINK-1184           
1 45098U 20006BG  26220.46280369  .00011346  00000+0  58406-3 0  9994
2 45098  53.0519 276.3404 0002041 270.5280  89.5479 15.16876606360027
STARLINK-1193           
1 45100U 20006BJ  26220.21861216  .00038355  00000+0  26039-3 0  9993
2 45100  53.0428 205.5884 0004842  93.2162 266.9411 15.74581151360991
STARLINK-1202           
1 45183U 20012F   26220.24732896  .00024642  00000+0  62462-3 0  9999
2 45183  53.1542  51.2865 0002581  92.6827 267.4473 15.39589719358219
STARLINK-1216           
1 45185U 20012H   26219.96377495  .00010360  00000+0  23386-3 0  9992
2 45185  53.1551  51.7382 0000739  77.1852 282.9237 15.43829852358129
STARLINK-1225           
1 45187U 20012K   26219.94827220  .00035953  00000+0  89230-3 0  9993
2 45187  53.1547  52.8304 0003661 111.6306 248.5089 15.40031844358156
STARLINK-1230           
1 45189U 20012M   26219.83471089  .00034596  00000+0  85991-3 0  9993
2 45189  53.1537  53.4913 0002799 109.7382 250.3925 15.40007779355363
STARLINK-1234           
1 45190U 20012N   26220.58335647  .00167183  21750-4  46508-3 0  9998
2 45190  53.0317 288.4944 0009748 359.7024 114.0771 15.93361909  5919
STARLINK-1269           
1 45197U 20012V   26219.95910135  .00037013  00000+0  92051-3 0  9997
2 45197  53.1540  52.7425 0001823 131.2554 228.8608 15.39958812358131
STARLINK-1154           
1 45198U 20012W   26219.66346105  .00032500  00000+0  28326-3 0  9996
2 45198  53.0411 355.6421 0001204 164.0559 196.0496 15.68723930358843
STARLINK-1199           
1 45201U 20012Z   26220.18998741  .00018752  00000+0  46977-3 0  9994
2 45201  53.1546  35.9249 0003216 124.1246 236.0064 15.40125321358418
STARLINK-1209           
1 45206U 20012AE  26220.50537455  .00051939  00000+0  29739-3 0  9997
2 45206  53.0335 308.5833 0005830 353.3029   6.7912 15.78313980358689
STARLINK-1231           
1 45212U 20012AL  26219.76714504  .00032737  00000+0  10647-2 0  9994
2 45212  53.0381  35.7939 0001942 200.9573 159.1348 15.31616406358307
STARLINK-1271           
1 45217U 20012AR  26219.78979545  .00049588  00000+0  12083-2 0  9997
2 45217  53.1547  37.8422 0002863 110.3882 249.7431 15.40445891358359
STARLINK-1191           
1 45222U 20012AW  26219.79273266  .00046185  00000+0  96648-3 0  9991
2 45222  53.1530   8.9309 0001680   7.7843 352.3189 15.45024619358764
STARLINK-1212           
1 45223U 20012AX  26220.48414176  .00045141  00000+0  27714-3 0  9996
2 45223  53.0404 324.6057 0005134 345.0803  15.0064 15.76809509359415
STARLINK-1215           
1 45225U 20012AZ  26219.65549300  .00031592  00000+0  77841-3 0  9994
2 45225  53.1541  12.7001 0002303 109.5329 250.5925 15.40319146358656
STARLINK-1221           
1 45227U 20012BB  26220.45132220  .00032913  00000+0  62152-3 0  9992
2 45227  53.0635 267.5499 0002825  69.2186 290.9123 15.48167593360166
STARLINK-1222           
1 45228U 20012BC  26220.53519161  .00025453  00000+0  29845-3 0  9998
2 45228  53.0517 329.1923 0002317   8.5948 351.5105 15.61369205359241
STARLINK-1226           
1 45229U 20012BD  26220.53096843  .00033017  00000+0  56556-3 0  9990
2 45229  53.1535   0.3508 0001115  94.2852 265.8286 15.50948235358847
STARLINK-1227           
1 45230U 20012BE  26220.53793058  .00048328  00000+0  82189-3 0  9996
2 45230  53.1519   0.3825 0001456  58.0808 302.0343 15.50973263358960
STARLINK-1246           
1 45235U 20012BK  26219.82875095  .00033253  00000+0  82053-3 0  9994
2 45235  53.1530  52.9053 0003518  74.3511 285.7882 15.40246658358175
STARLINK-1270           
1 45237U 20012BM  26220.50129778  .00045290  00000+0  29398-3 0  9990
2 45237  53.0386 326.6755 0004899 345.1780  14.9094 15.75539128359381
STARLINK-1279           
1 45360U 20019A   26220.58335647  .00197942  26645-4  47072-3 0  9995
2 45360  53.0279  62.5350 0003695 253.8745 338.6763 15.96296826  5975
STARLINK-1301           
1 45361U 20019B   26220.58335647  .00229279  32698-4  47486-3 0  9999
2 45361  53.0265  64.0623 0003689 238.4246 291.5271 15.98743733  6045
STARLINK-1262           
1 45366U 20019G   26220.16619905  .00031604  00000+0  81078-3 0  9995
2 45366  53.1498 178.2157 0003237  32.8875 327.2330 15.39085065352995
STARLINK-1273           
1 45367U 20019H   26220.07351985  .00028272  00000+0  28196-3 0  9996
2 45367  53.0386 142.6659 0002978  79.2822 280.8528 15.65453170353451
STARLINK-1276           
1 45368U 20019J   26220.26647806  .00010872  00000+0  55845-3 0  9996
2 45368  53.0679 198.5710 0001748  55.0051 305.1107 15.16997403352692
STARLINK-1277           
1 45369U 20019K   26220.21041884  .00039540  00000+0  27801-3 0  9990
2 45369  53.0378 132.2627 0002969 100.2946 259.8407 15.73759093353618
STARLINK-1281           
1 45370U 20019L   26220.14419223  .00033695  00000+0  83640-3 0  9998
2 45370  53.1532 177.5986 0002481  12.2860 347.8205 15.40061017353002
STARLINK-1300           
1 45374U 20019Q   26220.19561675  .00033187  00000+0  80463-3 0  9992
2 45374  53.1552 176.9889 0003060  34.0524 326.0677 15.40782736353017
STARLINK-1302           
1 45375U 20019R   26220.05142167  .00040821  00000+0  28812-3 0  9992
2 45375  53.0429 128.8408 0000067 113.4714 246.6311 15.73657285353647
STARLINK-1304           
1 45376U 20019S   26220.21905229  .00031709  00000+0  26937-3 0  9998
2 45376  53.0382 131.2130 0001277  65.3233 294.7916 15.69363821353629
STARLINK-1305           
1 45377U 20019T   26220.58335647  .00082699  00000+0  38941-3 0  9992
2 45377  53.0340 103.5790 0001539  86.2960  45.1509 15.82426478  6004
STARLINK-1319           
1 45379U 20019V   26220.47821538  .00120488  16459-4  38471-3 0  9998
2 45379  53.0312  92.2522 0002164 185.4451 174.6551 15.90950033354193
STARLINK-1266           
1 45383U 20019Z   26220.01054978  .00036772  00000+0  28184-3 0  9991
2 45383  53.0424 116.1007 0004243  97.7008 262.4491 15.71755324353811
STARLINK-1267           
1 45384U 20019AA  26220.15572703  .00050989  00000+0  30431-3 0  9992
2 45384  53.0420 104.9672 0002273 142.5131 217.6048 15.77409158353983
STARLINK-1272           
1 45386U 20019AC  26219.85601922  .00078510  00000+0  34693-3 0  9999
2 45386  53.0350  82.9551 0002097 203.5739 156.5187 15.83797069354269
STARLINK-1274           
1 45387U 20019AD  26219.86389201  .00090848  00000+0  60583-3 0  9999
2 45387  53.0141  86.1830 0001938  35.3917 324.7229 15.74642468354219
STARLINK-1280           
1 45388U 20019AE  26220.10265025  .00427419  10171-3  46210-3 0  9999
2 45388  53.0253  82.6751 0001317 236.6974 123.3933 16.09386469354273
STARLINK-1283           
1 45389U 20019AF  26219.93699685  .00062738  00000+0  32788-3 0  9992
2 45389  53.0329  82.3665 0002198  97.3847 262.7424 15.80274836354284
STARLINK-1284           
1 45390U 20019AG  26219.96592422  .00055425  00000+0  32237-3 0  9992
2 45390  53.0399 107.0028 0004112 156.6754 203.4453 15.77947119353937
STARLINK-1297           
1 45395U 20019AM  26220.52809405  .00069640  00000+0  33724-3 0  9999
2 45395  53.0376 102.2269 0002356 147.2839 212.8329 15.81890026353237
STARLINK-1307           
1 45397U 20019AP  26220.42974242  .00020460  00000+0  24510-3 0  9992
2 45397  53.0509 116.4676 0001718  79.2342 280.8864 15.60954650353678
STARLINK-1255           
1 45399U 20019AR  26220.08090270  .00038224  00000+0  29354-3 0  9994
2 45399  53.0317  81.4766 0000767  17.0126 343.0916 15.71697638354113
STARLINK-1260           
1 45404U 20019AW  26220.05740643  .00078827  00000+0  17157-2 0  9994
2 45404  53.1523 139.2888 0001004  61.5842 298.5266 15.43627277353247
STARLINK-1263           
1 45405U 20019AX  26220.47240566  .00046459  00000+0  11333-2 0  9996
2 45405  53.1535 139.9162 0003328  40.6880 319.4374 15.40438822353273
STARLINK-1265           
1 45406U 20019AY  26220.48631411  .00020683  00000+0  45163-3 0  9991
2 45406  53.1517 137.0560 0003328  96.3868 263.7518 15.44192465353319
STARLINK-1278           
1 45408U 20019BA  26220.38266363  .00070708  00000+0  32086-3 0  9995
2 45408  53.0355 101.3461 0001967 167.0673 193.0400 15.83275693353774
STARLINK-1296           
1 45412U 20019BE  26220.06680944  .00036097  00000+0  78162-3 0  9998
2 45412  53.1509 138.6714 0001693  69.7728 290.3461 15.44130386353257
STARLINK-1309           
1 45414U 20019BG  26219.96213167  .00062630  00000+0  31920-3 0  9999
2 45414  53.0561  98.3057 0002181 153.9555 206.1577 15.80824742353760
STARLINK-1316           
1 45415U 20019BH  26220.47606586  .00036548  00000+0  78024-3 0  9994
2 45415  53.1517 136.5183 0001321  65.6611 294.4534 15.44543615353349
STARLINK-1286           
1 45417U 20019BK  26220.00261531  .00055440  00000+0  42352-3 0  9999
2 45417  53.0425 112.9629 0005655 108.5022 251.6610 15.71641560353852
STARLINK-1308           
1 45419U 20019BM  26220.05081826  .00041101  00000+0  31404-3 0  9998
2 45419  53.0429 131.6532 0003297 191.6799 168.4142 15.71780293353349
STARLINK-1329           
1 45531U 20025A   26220.58335647  .00008804  00000+0  43099-4 0  9998
2 45531  53.0371  48.6008 0001042 135.6559 252.4516 15.83286330  6006
STARLINK-1338           
1 45532U 20025B   26219.93031692  .00056187  00000+0  31630-3 0  9993
2 45532  53.0397  60.2797 0001722 217.9393 142.1506 15.78679464349119
STARLINK-1350           
1 45535U 20025E   26219.78682460  .00007612  00000+0  18976-3 0  9991
2 45535  53.0705  41.2233 0001040 136.8256 223.2830 15.41249569349412
STARLINK-1362           
1 45538U 20025H   26219.99934000  .00044876  00000+0  10145-2 0  9999
2 45538  53.1523 111.8632 0004998  64.5509 295.6014 15.42738616348439
STARLINK-1368           
1 45540U 20025K   26219.93901122  .00034465  00000+0  77584-3 0  9999
2 45540  53.1532 112.4194 0003531  67.3129 292.8250 15.42994898348418
STARLINK-1371           
1 45542U 20025M   26220.29365881  .00041043  00000+0  27341-3 0  9994
2 45542  53.0410  69.7436 0001525 178.7854 181.3169 15.74998579349013
STARLINK-1372           
1 45543U 20025N   26220.20443454  .00030613  00000+0  68061-3 0  9994
2 45543  53.1537 110.4720 0003607  62.2893 297.8479 15.43425022347567
STARLINK-1373           
1 45544U 20025P   26219.97366997  .00050522  00000+0  30596-3 0  9996
2 45544  53.0389  65.6002 0001926 195.3977 164.6984 15.77083829349048
STARLINK-1327           
1 45555U 20025AA  26219.91312163  .00060134  00000+0  32574-3 0  9996
2 45555  53.0372  42.5826 0002096 256.5840 103.4947 15.79503894349353
STARLINK-1356           
1 45564U 20025AK  26219.93206733  .00034338  00000+0  27705-3 0  9990
2 45564  53.0414  58.5671 0002328 126.8587 233.2643 15.70567804349133
STARLINK-1357           
1 45565U 20025AL  26220.13944629  .00049614  00000+0  29969-3 0  9995
2 45565  53.0400  11.8894 0004699 325.5750  34.4964 15.77139264349815
STARLINK-1361           
1 45567U 20025AN  26220.51854752  .00041618  00000+0  27479-3 0  9996
2 45567  53.0388  52.6993 0001328 227.2342 132.8565 15.75196668349275
STARLINK-1376           
1 45570U 20025AR  26220.35667978  .00030622  00000+0  66700-3 0  9997
2 45570  53.1545  85.9415 0001334  92.2956 267.8203 15.44036907348824
STARLINK-1321           
1 45573U 20025AU  26220.00036341  .00045378  00000+0  29272-3 0  9993
2 45573  53.0390  38.9380 0001634 251.6020 108.4821 15.75692817349110
STARLINK-1331           
1 45578U 20025AZ  26220.47795209  .00044807  00000+0  29287-3 0  9996
2 45578  53.0439  43.6139 0001334 248.5384 111.5493 15.75396466349402
STARLINK-1333           
1 45580U 20025BB  26219.94283101  .00032758  00000+0  79303-3 0  9998
2 45580  53.1538  90.7519 0002813  81.3116 278.8208 15.40835737348726
STARLINK-1335           
1 45581U 20025BC  26220.36055635  .00032788  00000+0  74915-3 0  9993
2 45581  53.1520  84.7626 0001788  23.4818 336.6269 15.42578018348836
STARLINK-1337           
1 45582U 20025BD  26220.51103322  .00084210  00000+0  34639-3 0  9994
2 45582  53.0395  28.8941 0003172 298.5706  61.4997 15.85269299349595
STARLINK-1347           
1 45586U 20025BH  26219.90058522  .00057606  00000+0  36616-3 0  9996
2 45586  53.0364   5.7218 0002152 324.4029  35.6846 15.75928135349866
STARLINK-1364           
1 45589U 20025BL  26219.75218982  .00051261  00000+0  31694-3 0  9992
2 45589  53.0373  42.8487 0001287 156.5026 203.6053 15.76608870349339
STARLINK-1365           
1 45590U 20025BM  26219.85015952  .00032875  00000+0  26247-3 0  9995
2 45590  53.0428  79.1876 0001542 142.3718 217.7407 15.70844224348856
STARLINK-1443           
1 45660U 20035D   26220.00020459  .00033803  00000+0  91909-3 0  9990
2 45660  53.1322  80.4292 0001457 142.5600 217.5505 15.37261357341945
STARLINK-1446           
1 45663U 20035G   26220.51654988  .00022303  00000+0  38050-3 0  9990
2 45663  53.0206 353.8179 0002544  37.9167 322.2020 15.51282190343179
STARLINK-1448           
1 45665U 20035J   26220.58335647  .00011709  00000+0  59597-4 0  9995
2 45665  53.0384  24.6787 0003487 287.5479 272.9027 15.82017255  5931
STARLINK-1451           
1 45668U 20035M   26220.09068866  .00017152  00000+0  87288-3 0  9995
2 45668  53.0522  98.7693 0002302  81.2758 278.8496 15.16929907341672
STARLINK-1452           
1 45669U 20035N   26220.14405813  .00028857  00000+0  26952-3 0  9994
2 45669  53.0217   7.3489 0003810 151.1214 209.0013 15.67078531342959
STARLINK-1453           
1 45670U 20035P   26220.54623422  .00100070  00000+0  43854-3 0  9996
2 45670  53.0347 344.7387 0006938 330.1695  29.8931 15.83848337343197
STARLINK-1454           
1 45671U 20035Q   26220.17391107  .00067410  00000+0  35445-3 0  9995
2 45671  53.0416  28.7103 0003030 294.8910  65.1795 15.80110315342641
STARLINK-1456           
1 45673U 20035S   26219.76106544  .00050673  00000+0  33450-3 0  9996
2 45673  53.0412  26.8098 0002769 268.9580  91.1121 15.75112439342650
STARLINK-1458           
1 45675U 20035U   26219.80315479  .00034840  00000+0  27384-3 0  9999
2 45675  53.0424  44.3676 0000855 265.4846  94.6073 15.71189225342379
STARLINK-1460           
1 45676U 20035V   26220.31629293  .00025420  00000+0  62340-3 0  9995
2 45676  53.1548  76.2725 0003164 113.5819 246.5519 15.40578610341992
STARLINK-1392           
1 45677U 20035W   26220.32450594  .00029725  00000+0  64127-3 0  9990
2 45677  53.1508  73.3100 0003545 103.7933 256.3468 15.44334337342077
STARLINK-1394           
1 45679U 20035Y   26219.68601373  .00041546  00000+0  29813-3 0  9990
2 45679  53.0391  18.0238 0001710 301.1023  58.9827 15.73261438342766
STARLINK-1402           
1 45685U 20035AE  26220.13632826  .00031964  00000+0  26350-3 0  9992
2 45685  53.0399   8.7893 0001811 308.8239  51.2615 15.70087124342945
STARLINK-1404           
1 45686U 20035AF  26220.26561700  .00042327  00000+0  72580-3 0  9990
2 45686  53.1542  52.5276 0002116  75.6381 284.4863 15.50798728342363
STARLINK-1413           
1 45689U 20035AJ  26219.97532533  .00038710  00000+0  95739-3 0  9993
2 45689  53.1549  62.6319 0003163  95.2072 264.9294 15.40104674342115
STARLINK-1417           
1 45693U 20035AN  26220.01775974  .00002449  00000+0  12861-3 0  9998
2 45693  53.0473  84.6243 0002790  24.2928 335.8198 15.19570138341851
STARLINK-1420           
1 45695U 20035AQ  26220.11276927  .00065171  00000+0  36734-3 0  9991
2 45695  53.0420 357.2727 0004178 323.0039  37.0693 15.78582358343097
STARLINK-1422           
1 45696U 20035AR  26219.98691617  .00036501  00000+0  84383-3 0  9990
2 45696  53.1542  61.9046 0001545 216.7390 143.3510 15.42173705342204
STARLINK-1351           
1 45697U 20035AS  26220.11052597  .00040702  00000+0  29785-3 0  9999
2 45697  53.0418 359.6346 0003346 344.7647  15.3270 15.72806896343067
STARLINK-1400           
1 45700U 20035AV  26220.49377477  .00063883  00000+0  36235-3 0  9995
2 45700  53.0416 358.6881 0003647 308.2228  51.8463 15.78453133343109
STARLINK-1403           
1 45701U 20035AW  26220.23193572  .00028659  00000+0  73763-3 0  9999
2 45701  53.1526  49.4087 0002374 100.3222 259.8050 15.39037782342394
STARLINK-1407           
1 45703U 20035AY  26220.41350846  .00075758  00000+0  30398-3 0  9999
2 45703  53.0239 282.5226 0005575 331.6596  28.4123 15.85809673344165
STARLINK-1423           
1 45710U 20035BF  26219.67718120  .00053597  00000+0  33170-3 0  9994
2 45710  53.0435 359.3527 0004957 303.1792  56.8751 15.76555291343012
STARLINK-1433           
1 45711U 20035BG  26220.50016639  .00080518  00000+0  35633-3 0  9994
2 45711  53.0405 351.7895 0005375 328.5576  31.5124 15.83740485343192
STARLINK-1434           
1 45712U 20035BH  26220.18928328  .00031498  00000+0  79846-3 0  9993
2 45712  53.0486  31.2773 0001544 221.9542 138.1343 15.39452932342633
STARLINK-1465           
1 45731U 20038B   26220.21757004  .00044662  00000+0  28656-3 0  9992
2 45731  53.0408 201.2553 0004139  34.6694 325.4594 15.75815658340087
STARLINK-1471           
1 45735U 20038F   26220.45347678  .00052064  00000+0  66152-3 0  9992
2 45735  53.0415 130.3479 0001904  89.7049 270.4181 15.58904135341116
STARLINK-1480           
1 45741U 20038M   26220.20784700  .00034686  00000+0  26760-3 0  9994
2 45741  53.0444 196.5621 0000765 100.8788 259.2316 15.71636527340168
STARLINK-1500           
1 45744U 20038Q   26220.22707830  .00013713  00000+0  32457-3 0  9996
2 45744  53.0326 197.8143 0004048  40.9059 319.2248 15.42102826340143
STARLINK-1504           
1 45746U 20038S   26220.43971709  .00022598  00000+0  24598-3 0  9997
2 45746  53.0178 124.4808 0002282  61.4416 298.6827 15.63368398341175
STARLINK-1506           
1 45747U 20038T   26220.26171117  .00021185  00000+0  71755-3 0  9992
2 45747  53.0743 219.1475 0004627  31.6234 328.5043 15.30543423339862
STARLINK-1464           
1 45751U 20038X   26220.20797796  .00040594  00000+0  51821-3 0  9995
2 45751  53.0421 195.1843 0000919 130.2527 229.8565 15.58890565340184
STARLINK-1477           
1 45754U 20038AA  26220.37068086  .00015279  00000+0  67396-3 0  9995
2 45754  53.0381 239.4231 0002851  34.6857 325.4324 15.21978700339570
STARLINK-1478           
1 45755U 20038AB  26220.15845437  .00066598  00000+0  36853-3 0  9999
2 45755  53.0418 172.0879 0005028  83.9354 276.2239 15.78978610340482
STARLINK-1493           
1 45759U 20038AF  26220.53552242  .00037912  00000+0  29451-3 0  9998
2 45759  53.0418 182.5396 0001776 151.4854 208.6260 15.71427979340379
STARLINK-1502           
1 45764U 20038AL  26220.18842672  .00036392  00000+0  29281-3 0  9996
2 45764  53.0409 188.5835 0004532  70.1403 290.0102 15.70596806340273
STARLINK-1470           
1 45772U 20038AU  26220.20252063  .00028282  00000+0  70772-3 0  9997
2 45772  53.0392 184.3877 0001940  79.9564 280.1659 15.39904730340336
STARLINK-1482           
1 45773U 20038AV  26220.23031750  .00029443  00000+0  66423-3 0  9997
2 45773  53.1531 200.2090 0001871  69.9098 290.2109 15.43013484340145
STARLINK-1496           
1 45780U 20038BC  26220.07146966  .00059622  00000+0  36140-3 0  9998
2 45780  53.0395 157.1868 0006219  83.0467 277.1260 15.76973022340681
STARLINK-1513           
1 45786U 20038BJ  26220.22800750  .00023449  00000+0  73345-3 0  9995
2 45786  53.1576 205.9289 0002440  78.0940 282.0335 15.33050215340063
STARLINK-1522           
1 46027U 20055A   26220.13937433  .00015855  00000+0  84066-3 0  9996
2 46027  53.0613 160.3456 0001694 102.2536 257.8647 15.15538372331807
STARLINK-1523           
1 46028U 20055B   26220.47758751  .00027351  00000+0  80783-3 0  9994
2 46028  53.1575 140.6164 0004720  84.7366 275.4175 15.34774995332156
STARLINK-1526           
1 46029U 20055C   26220.05953288  .00003635  00000+0  12884-3 0  9997
2 46029  53.1602 143.0506 0001373  77.9257 282.1898 15.31699982332076
STARLINK-1555           
1 46032U 20055F   26220.17606087  .00004119  00000+0  14449-3 0  9993
2 46032  53.1611 142.5163 0001506  84.8313 275.2860 15.31689681332090
STARLINK-1556           
1 46033U 20055G   26220.48366855  .00002957  00000+0  10702-3 0  9990
2 46033  53.1588 141.0743 0001109 103.3926 256.7199 15.31695918332110
STARLINK-1557           
1 46034U 20055H   26220.16674015 -.00000220  00000+0  46684-5 0  9998
2 46034  53.1613 142.6128 0001415  98.3097 261.8065 15.31676783332068
STARLINK-1558           
1 46035U 20055J   26220.18072811  .00002391  00000+0  88797-4 0  9997
2 46035  53.1604 142.6182 0001335  92.0880 268.0274 15.31698698332094
STARLINK-1560           
1 46036U 20055K   26220.48834080  .00004053  00000+0  14231-3 0  9993
2 46036  53.1593 141.1414 0001133  88.2011 271.9120 15.31698869332142
STARLINK-1569           
1 46039U 20055N   26220.17139174  .00004270  00000+0  14929-3 0  9999
2 46039  53.1585 142.5246 0001230  85.4612 274.6530 15.31699651332086
STARLINK-1582           
1 46043U 20055S   26220.04944782  .00004186  00000+0  14658-3 0  9994
2 46043  53.1584 142.3988 0001373  79.1407 280.9749 15.31701391332077
STARLINK-1591           
1 46045U 20055U   26220.07351113  .00004759  00000+0  16496-3 0  9997
2 46045  53.1584 142.9819 0001204  79.7211 280.3926 15.31708720332052
STARLINK-1524           
1 46047U 20055W   26220.14927539  .00004731  00000+0  16410-3 0  9994
2 46047  53.1592 129.2321 0001438  73.8478 286.2682 15.31702282332273
STARLINK-1527           
1 46048U 20055X   26220.47086434  .00009787  00000+0  32653-3 0  9994
2 46048  53.1588 127.7135 0001263  83.2462 276.8683 15.31720642332297
STARLINK-1540           
1 46051U 20055AA  26220.45688764  .00001090  00000+0  46876-4 0  9992
2 46051  53.1588 127.9906 0001167  98.2956 261.8178 15.31713279332332
STARLINK-1543           
1 46053U 20055AC  26220.16792732  .00004011  00000+0  14095-3 0  9996
2 46053  53.1595 129.1450 0001160  87.2168 272.8966 15.31694951332282
STARLINK-1548           
1 46054U 20055AD  26220.44291925  .00003834  00000+0  13526-3 0  9996
2 46054  53.1594 127.9383 0001221  94.1533 265.9608 15.31698493332320
STARLINK-1554           
1 46055U 20055AE  26220.16325837  .00002439  00000+0  90329-4 0  9993
2 46055  53.1589 129.1844 0001289  92.7440 267.3709 15.31706198332281
STARLINK-1564           
1 46058U 20055AH  26220.45741456  .00002067  00000+0  78377-4 0  9993
2 46058  53.1618 129.2416 0001198  93.6395 266.4744 15.31693896332303
STARLINK-1570           
1 46059U 20055AJ  26220.45221015  .00001857  00000+0  71562-4 0  9993
2 46059  53.1577 127.7187 0001248  88.9525 271.1619 15.31712499332286
STARLINK-1572           
1 46060U 20055AK  26220.12893512  .00001398  00000+0  59350-4 0  9997
2 46060  53.1605 130.6948 0001108  97.0869 263.0258 15.30182198332224
STARLINK-1573           
1 46061U 20055AL  26220.43823148  .00003482  00000+0  12390-3 0  9998
2 46061  53.1603 127.7550 0001143  94.4921 265.6211 15.31700677332325
STARLINK-1577           
1 46063U 20055AN  26220.46619147  .00005066  00000+0  17488-3 0  9998
2 46063  53.1586 127.6158 0001194  89.4255 270.6883 15.31705564332321
STARLINK-1583           
1 46064U 20055AP  26220.48024454  .00004488  00000+0  15639-3 0  9995
2 46064  53.1592 128.0556 0001289  85.8980 274.2169 15.31684743332317
STARLINK-1525           
1 46066U 20055AR  26220.49432657  .00092984  00000+0  15273-2 0  9997
2 46066  53.0469 101.1627 0001660 195.0497 165.0463 15.51658608332667
STARLINK-1536           
1 46070U 20055AV  26220.41628343  .00007183  00000+0  24292-3 0  9992
2 46070  53.1581 115.7361 0001056  96.7058 263.4063 15.31709315332482
STARLINK-1542           
1 46073U 20055AY  26220.44065384  .00004912  00000+0  16995-3 0  9996
2 46073  53.1590 118.5927 0001435  90.2982 269.8184 15.31702969332437
STARLINK-1549           
1 46074U 20055AZ  26219.93374470  .00030914  00000+0  86722-3 0  9994
2 46074  53.0470 116.5752 0002270 128.2381 231.8826 15.36331233332395
STARLINK-1551           
1 46075U 20055BA  26220.40729422  .00004370  00000+0  15251-3 0  9996
2 46075  53.1587 115.7185 0001255  82.9617 277.1527 15.31698814332473
STARLINK-1552           
1 46076U 20055BB  26220.13225216  .00006062  00000+0  20693-3 0  9995
2 46076  53.1582 116.5796 0001103  81.9930 278.1197 15.31700480332427
STARLINK-1559           
1 46077U 20055BC  26220.01015166  .00050562  00000+0  10893-2 0  9998
2 46077  53.0207  81.5801 0003093 127.2256 232.9031 15.44122039332858
STARLINK-1566           
1 46079U 20055BE  26220.00639311  .00005818  00000+0  19912-3 0  9999
2 46079  53.1584 117.0197 0000961  91.1481 268.9630 15.31697610332427
STARLINK-1568           
1 46080U 20055BF  26219.86369491  .00031390  00000+0  39373-3 0  9999
2 46080  53.0573  24.5110 0001804 240.7884 119.2948 15.59482510333689
STARLINK-1578           
1 46082U 20055BH  26219.94553383  .00002520  00000+0  92971-4 0  9992
2 46082  53.1602 117.8219 0001098  95.2536 264.8591 15.31688019332405
STARLINK-1579           
1 46083U 20055BJ  26219.99707196  .00002804  00000+0  10210-3 0  9991
2 46083  53.1603 117.1139 0001086  84.2696 275.8430 15.31696762332412
STARLINK-1623           
1 46129U 20057N   26220.40164608  .00337598  60288-4  59362-3 0  9998
2 46129  53.0282 222.8061 0007205  30.6763 329.4687 16.01476876330791
STARLINK-1596           
1 46141U 20057AA  26220.26447090  .00044287  00000+0  37125-3 0  9999
2 46141  53.0293 215.1456 0004185  16.7691 343.3463 15.69516032330899
STARLINK-1597           
1 46142U 20057AB  26220.58335647  .00330512  55829-4  71060-3 0  9998
2 46142  53.0306 262.2352 0012049   5.0674 157.6851 15.97869822  5753
STARLINK-1608           
1 46146U 20057AF  26220.48286663  .00033527  00000+0  78236-3 0  9998
2 46146  53.1566 319.0655 0000935 257.9794 102.1107 15.41934836329491
STARLINK-1595           
1 46159U 20057AU  26220.58335647  .00244258  33408-4  73019-3 0  9992
2 46159  53.0314 266.4915 0009917   2.0216 333.1248 15.91865392  6013
STARLINK-1598           
1 46160U 20057AV  26220.43546528  .00137746  00000+0  49137-3 0  9994
2 46160  53.0377 254.1606 0010340  24.1780 335.9728 15.87917973331605
STARLINK-1626           
1 46167U 20057BC  26220.58335647  .00315943  52122-4  66412-3 0  9994
2 46167  53.0305 260.2886 0012726   9.7770 331.0635 15.98262999  6021
STARLINK-1640           
1 46173U 20057BJ  26220.58335647  .00257445  36177-4  73717-3 0  9991
2 46173  53.0315 267.3989 0010552   2.6688 186.1762 15.92664589  5750
STARLINK-1641           
1 46174U 20057BK  26220.43212344  .00080730  00000+0  55636-3 0  9996
2 46174  53.0425 265.8749 0008296   7.3046 352.8092 15.73887265330196
STARLINK-1695           
1 46329U 20062E   26220.46981595  .00333002  58347-4  60879-3 0  9998
2 46329  53.0327 303.5785 0014674 350.0319  10.0417 16.00641301328749
STARLINK-1762           
1 46342U 20062T   26219.75753190  .00042011  00000+0  90858-3 0  9996
2 46342  53.1538  22.2666 0001815  49.2807 310.8357 15.44094727327625
STARLINK-1553           
1 46348U 20062Z   26220.49588193  .00012273  00000+0  26754-3 0  9995
2 46348  53.0359 308.4757 0002181 312.0506  48.0314 15.44679797328692
STARLINK-1646           
1 46351U 20062AC  26220.68819704  .01866612  11904-4  75995-3 0  9991
2 46351  53.0194 296.0186 0012179 341.3721  18.6871 16.22472962328887
STARLINK-1653           
1 46352U 20062AD  26220.50438647  .00448448  10569-3  59882-3 0  9990
2 46352  53.0270 284.5440 0013196   6.4654 353.6546 16.05872667329027
STARLINK-1656           
1 46353U 20062AE  26220.48922605  .00131932  00000+0  52528-3 0  9992
2 46353  53.0375 331.8124 0010141 335.2552  24.7983 15.85696932328358
STARLINK-1661           
1 46355U 20062AG  26220.18321792  .00039864  00000+0  85239-3 0  9997
2 46355  53.1538  20.0274 0002368  50.7094 309.4123 15.44454641327696
STARLINK-1724           
1 46375U 20062BC  26220.41419076  .00111044  00000+0  46094-3 0  9995
2 46375  53.0164 258.4192 0007669  34.0986 326.0528 15.84936073329371
STARLINK-1770           
1 46383U 20062BL  26220.40674294  .00127401  17314-4  35949-3 0  9990
2 46383  53.0329 278.4935 0008060  20.5181 339.6168 15.93240904329093
STARLINK-1771           
1 46384U 20062BM  26220.50059823  .00032867  00000+0  27674-3 0  9993
2 46384  53.0371 327.8197 0003138 349.8968  10.1985 15.69556327328416
STARLINK-1672           
1 46537U 20070F   26219.98997677  .00091318  00000+0  52186-3 0  9992
2 46537  53.0375 118.9051 0003735 142.8410 217.2869 15.78143732323692
STARLINK-1664           
1 46553U 20070X   26220.15203003  .00060192  00000+0  64182-3 0  9999
2 46553  53.0391 126.9842 0002301 182.7548 177.3454 15.63402271323593
STARLINK-1676           
1 46556U 20070AA  26220.58335647  .00255703  36000-4  71588-3 0  9995
2 46556  53.0281 115.1590 0004825 193.8528 249.9331 15.93176384  6019
STARLINK-1714           
1 46562U 20070AG  26220.58335647  .00222984  29366-4  71211-3 0  9997
2 46562  53.0295  86.3782 0003944 232.6297 333.5923 15.90685551  5956
STARLINK-1730           
1 46563U 20070AH  26219.98180792  .00065865  00000+0  49781-3 0  9998
2 46563  53.0206 107.2725 0005587 114.5789 245.5810 15.71824695323850
STARLINK-1728           
1 46582U 20070BC  26220.48861352  .00388777  77758-4  64676-3 0  9993
2 46582  53.0231  92.4209 0006026 223.4836 136.5719 16.02416004324105
STARLINK-1718           
1 46674U 20073E   26220.58335647  .00235993  33910-4  49422-3 0  9997
2 46674  53.0312 193.5615 0007796  54.4627 106.8245 15.98492223  6029
STARLINK-1781           
1 46685U 20073R   26220.58335647  .00149900  19438-4  46271-3 0  9999
2 46685  53.0333 210.8657 0007741  51.0256 219.8670 15.91449530  6061
STARLINK-1797           
1 46698U 20073AE  26220.17254954  .00132860  00000+0  66887-3 0  9991
2 46698  53.0336 183.0882 0001955  70.5606 289.5627 15.80787148321340
STARLINK-1802           
1 46702U 20073AJ  26220.30937146  .00034407  00000+0  74736-3 0  9993
2 46702  53.1531 225.7314 0003268  35.7789 324.3436 15.44057833320797
STARLINK-1805           
1 46705U 20073AM  26220.29117413  .00127839  00000+0  46970-3 0  9992
2 46705  53.0361 216.3826 0007412  43.1734 316.9870 15.87392321320882
STARLINK-1807           
1 46706U 20073AN  26220.34939163  .00024186  00000+0  69874-3 0  9992
2 46706  53.0547 242.7146 0002534   4.4271 355.6753 15.35544377320538
STARLINK-1810           
1 46709U 20073AR  26220.26947214  .00094164  00000+0  59121-3 0  9999
2 46709  53.0343 212.6927 0004504  29.7175 330.4099 15.76002890320932
STARLINK-1821           
1 46718U 20073BA  26220.29930611  .00064200  00000+0  74297-3 0  9994
2 46718  53.0378 220.1755 0007908  23.2429 336.8940 15.61234590320848
STARLINK-1828           
1 46725U 20073BH  26220.22923419  .00070701  00000+0  37630-3 0  9996
2 46725  53.0439 210.7447 0003649  75.2064 284.9361 15.79822329320962
STARLINK-1830           
1 46727U 20073BK  26220.30207370  .00368754  69394-4  67899-3 0  9992
2 46727  53.0236 150.3820 0004486 110.6863 249.4648 16.00704457321819
STARLINK-1892           
1 46743U 20074E   26220.58335647  .00313121  49985-4  75731-3 0  9996
2 46743  53.0286 263.9766 0013401  13.6226  32.0098 15.95714595  5804
STARLINK-1835           
1 46782U 20074AV  26220.58335647  .00211180  28798-4  49872-3 0  9997
2 46782  53.0290 239.0667 0011097  24.2095 111.0920 15.96297751  6070
STARLINK-1893           
1 46786U 20074AZ  26220.58335647  .00106705  00000+0  43162-3 0  9994
2 46786  53.0374 237.7651 0010141  26.0734 327.0088 15.85456285  6053
STARLINK-1942           
1 46794U 20074BH  26220.43022602  .00122098  00000+0  50357-3 0  9998
2 46794  53.0345 270.4532 0010785   7.3735 352.7445 15.84987790320813
STARLINK-1777           
1 47122U 20088A   26220.36617072  .00083653  00000+0  39572-3 0  9991
2 47122  53.0416 257.5571 0008902  15.7943 344.3354 15.82270066315863
STARLINK-1812           
1 47126U 20088E   26220.49267543  .00021572  00000+0  88424-3 0  9995
2 47126  53.1005 324.4778 0001762 353.1531   6.9442 15.24230437314956
STARLINK-1845           
1 47135U 20088P   26220.47290720  .00124469  00000+0  47668-3 0  9990
2 47135  53.0373 247.3633 0009101  31.5442 328.6126 15.86536053316012
STARLINK-1856           
1 47143U 20088X   26220.58335647 -.00007914  00000+0 -35702-4 0  9993
2 47143  53.0414 247.0258 0006086  12.0275 228.4797 15.81321364  5685
STARLINK-1871           
1 47157U 20088AM  26220.48889275  .00030754  00000+0  72093-3 0  9997
2 47157  53.1553 306.0857 0000957   3.7057 356.3955 15.41841153315233
STARLINK-1873           
1 47158U 20088AN  26220.48023434  .00984545  67748-3  59622-3 0  9990
2 47158  53.0260 229.9923 0008310  23.5078 336.6337 16.17705334316251
STARLINK-1888           
1 47171U 20088BB  26220.38317487  .00100151  00000+0  45607-3 0  9993
2 47171  53.0418 255.0757 0009115  18.4615 341.6736 15.83009735315904
STARLINK-1912           
1 47178U 20088BJ  26220.58335647  .00226351  30769-4  60749-3 0  9995
2 47178  53.0374 247.7579 0011643  19.7235  81.9675 15.93900199  6068
STARLINK-1913           
1 47179U 20088BK  26220.50114953  .00027745  00000+0  69897-3 0  9992
2 47179  53.1567 318.0264 0001700 316.6915  43.3956 15.39712153315062
STARLINK-2017           
1 47351U 21005C   26220.50691309  .00002878  00000+0  10446-3 0  9995
2 47351  53.1605  27.2061 0001158  92.6657 267.4477 15.31704964306983
STARLINK-2034           
1 47352U 21005D   26219.84503041  .00001199  00000+0  50370-4 0  9992
2 47352  53.1611  69.3559 0001480  85.9038 274.2132 15.31711260306336
STARLINK-2045           
1 47353U 21005E   26220.15825865 -.00001877  00000+0 -48728-4 0  9999
2 47353  53.1614  15.8248 0000943  83.6495 276.4614 15.31711068307118
STARLINK-2046           
1 47354U 21005F   26219.91239082  .00003781  00000+0  13347-3 0  9994
2 47354  53.1600  40.2929 0001067  88.2881 271.8242 15.31715222306740
STARLINK-2047           
1 47355U 21005G   26219.87667375  .00003091  00000+0  11127-3 0  9998
2 47355  53.1604  27.4714 0001261  64.7077 295.4055 15.31716785306914
STARLINK-2049           
1 47356U 21005H   26220.25570797  .00000865  00000+0  39634-4 0  9994
2 47356  53.1604  51.6880 0000903  99.2903 260.8200 15.31704096306607
STARLINK-2050           
1 47357U 21005J   26220.30916491  .00004133  00000+0  14484-3 0  9993
2 47357  53.1589  77.3525 0001458  75.1222 284.9941 15.31706303306257
STARLINK-2055           
1 47358U 21005K   26220.26861183  .00026629  00000+0  79276-3 0  9990
2 47358  53.1591  51.6409 0001549 130.6191 229.4946 15.34547496306607
STARLINK-2071           
1 47361U 21005N   26220.25178484  .00001226  00000+0  51250-4 0  9997
2 47361  53.1613  52.1720 0001046  87.9253 272.1868 15.31704132306598
STARLINK-2076           
1 47362U 21005P   26219.89677042  .00033981  00000+0  82687-3 0  9990
2 47362  53.1564  75.5915 0004777 111.3824 248.7691 15.40655576306241
STARLINK-2081           
1 47366U 21005T   26220.30412692  .00000275  00000+0  20622-4 0  9992
2 47366  53.1598  77.0832 0001241  93.0344 267.0800 15.31701404306252
STARLINK-2082           
1 47367U 21005U   26219.88000363  .00002397  00000+0  88967-4 0  9995
2 47367  53.1600  79.1355 0001252  81.4723 278.6420 15.31705124306196
STARLINK-2084           
1 47368U 21005V   26220.31376358 -.00000454  00000+0 -28602-5 0  9991
2 47368  53.1598  76.9554 0001090 105.5053 254.6068 15.31701517306265
STARLINK-2088           
1 47371U 21005Y   26220.31894198  .00000582  00000+0  30526-4 0  9999
2 47371  53.1600  80.7720 0001240  93.6592 266.4551 15.31703015306200
STARLINK-2092           
1 47373U 21005AA  26219.86599150  .00002993  00000+0  10817-3 0  9997
2 47373  53.1602  79.0230 0001495  82.8965 277.2206 15.31701431306192
STARLINK-2094           
1 47375U 21005AC  26219.89395942  .00001257  00000+0  52246-4 0  9990
2 47375  53.1602  78.9242 0001100 100.7372 259.3754 15.31709938306199
STARLINK-2096           
1 47376U 21005AD  26219.89862308 -.00000460  00000+0 -30540-5 0  9997
2 47376  53.1601  78.9095 0001164  99.8310 260.2823 15.31694984306197
STARLINK-2097           
1 47377U 21005AE  26219.99767537 -.00001532  00000+0 -37596-4 0  9995
2 47377  53.1593  82.2018 0001183  91.8211 268.2926 15.31710801306159
STARLINK-2098           
1 47378U 21005AF  26220.41376878 -.00000266  00000+0  32053-5 0  9995
2 47378  53.1608  28.1524 0001043  83.0926 277.0195 15.31708584306969
STARLINK-2099           
1 47379U 21005AG  26219.96624893  .00004924  00000+0  17024-3 0  9990
2 47379  53.1593  29.6041 0001260  82.2475 277.8669 15.31719505306907
STARLINK-2100           
1 47380U 21005AH  26220.59134221  .06401031  12351-4  67320-3 0  9991
2 47380  53.0315   1.4567 0012248 303.8706  56.1173 16.36590439307311
STARLINK-2101           
1 47381U 21005AJ  26219.84164312 -.00000108  00000+0  82779-5 0  9997
2 47381  53.1607  54.0636 0001333  99.7072 260.4080 15.31703937306542
STARLINK-2102           
1 47382U 21005AK  26220.22101743  .00000295  00000+0  21259-4 0  9992
2 47382  53.1608  41.4187 0001296  78.6844 281.4303 15.31701184306752
STARLINK-2103           
1 47383U 21005AL  26220.17206895  .00032094  00000+0  81321-3 0  9998
2 47383  53.1574  26.8407 0002877 137.1625 222.9605 15.39457660306964
STARLINK-2104           
1 47384U 21005AM  26219.82765362 -.00000160  00000+0  66042-5 0  9993
2 47384  53.1610  54.1428 0001098  86.5540 273.5587 15.31697621306539
STARLINK-2105           
1 47385U 21005AN  26219.94811435  .00001802  00000+0  69800-4 0  9997
2 47385  53.1600  53.2399 0001122  85.7721 274.3408 15.31712996306552
STARLINK-2106           
1 47386U 21005AP  26219.81366780  .00002557  00000+0  94104-4 0  9995
2 47386  53.1606  54.2252 0001045 107.1418 252.9698 15.31713593306539
STARLINK-2109           
1 47388U 21005AR  26219.89620615  .00007585  00000+0  25181-3 0  9999
2 47388  53.1593  82.6392 0000878 113.9822 246.1271 15.32226974306134
STARLINK-2110           
1 47389U 21005AS  26219.91528630  .00041142  00000+0  11869-2 0  9991
2 47389  53.1571  52.4191 0000487 193.4313 166.6677 15.35321687306571
STARLINK-2111           
1 47390U 21005AT  26219.94140721 -.00002356  00000+0 -64196-4 0  9996
2 47390  53.1585  82.5119 0000991 109.9649 250.1459 15.31701431306141
STARLINK-2112           
1 47391U 21005AU  26220.28377116  .00012482  00000+0  69266-3 0  9997
2 47391  53.0662  66.6318 0002033  96.4385 263.6839 15.14113492306378
STARLINK-2119           
1 47397U 21005BA  26220.52146390  .00031245  00000+0  81013-3 0  9990
2 47397  53.1571  74.0333 0004771 122.3644 237.7822 15.38759975306329
STARLINK-2121           
1 47399U 21005BC  26219.91078559  .00000391  00000+0  24359-4 0  9993
2 47399  53.1601  53.0163 0001152  89.0378 271.0756 15.31702497306569
STARLINK-2122           
1 47400U 21005BD  26219.77516087  .00000393  00000+0  24406-4 0  9998
2 47400  53.1607  30.4807 0001044  90.7926 269.3196 15.31707023306872
STARLINK-2123           
1 47401U 21005BE  26219.95741037  .00005074  00000+0  17504-3 0  9995
2 47401  53.1608  53.0646 0000734  83.1000 277.0084 15.31719585306564
STARLINK-2130           
1 47405U 21005BJ  26220.09902231  .00003023  00000+0  10910-3 0  9997
2 47405  53.1589  77.8747 0001267  90.9029 269.2118 15.31711791306226
STARLINK-2134           
1 47407U 21005BL  26220.50758278  .00020331  00000+0  66134-3 0  9995
2 47407  53.1596  52.3413 0001381  89.1037 271.0123 15.31884467306611
STARLINK-2135           
1 47408U 21005BM  26220.25063543  .00005885  00000+0  20027-3 0  9990
2 47408  53.1607  51.9283 0001064  84.4141 275.6982 15.31858112306607
STARLINK-1954           
1 47555U 21009H   26219.84729657  .00027378  00000+0  55142-3 0  9992
2 47555  53.0506  17.0490 0000673 259.3131 100.7799 15.46398899304235
STARLINK-1995           
1 47590U 21009AU  26220.18808819  .00770530  35177-3  66091-3 0  9995
2 47590  53.0261 343.9076 0014897 323.5357  36.4662 16.12581426304711
STARLINK-2001           
1 47596U 21009BA  26220.00002315  .00060201  00000+0  24037-3 0  9993
2 47596  53.0340 357.1428 0007918 313.4228  10.3830 15.85977111  5809
STARLINK-1609           
1 47621U 21012B   26219.86836460  .00063454  00000+0  98070-3 0  9995
2 47621  53.1548  68.7719 0002484 117.5996 242.5268 15.53522326303438
STARLINK-1704           
1 47625U 21012F   26219.77152157  .00075717  00000+0  50385-3 0  9995
2 47625  53.0423  49.2121 0002246 333.8154  26.2751 15.74765148303651
STARLINK-1972           
1 47627U 21012H   26220.48359507  .00072844  00000+0  43077-3 0  9993
2 47627  53.0443 303.6744 0008764 352.8100   7.2793 15.77424009305171
STARLINK-1973           
1 47628U 21012J   26220.40731054  .00001330  00000+0  54602-4 0  9996
2 47628  53.1589  79.0052 0000974  74.6893 285.4216 15.31701889303333
STARLINK-1983           
1 47630U 21012L   26220.27339124  .00000866  00000+0  39650-4 0  9995
2 47630  53.1595  64.2014 0001218  90.6501 269.4640 15.31708897303501
STARLINK-1992           
1 47632U 21012N   26220.54332523 -.00001523  00000+0 -37309-4 0  9995
2 47632  53.1626 346.0808 0001514  69.6902 290.4262 15.31701824304621
STARLINK-2015           
1 47638U 21012U   26220.50870875  .00033457  00000+0  80898-3 0  9993
2 47638  53.1565 342.8368 0001910 122.2537 237.8653 15.40862374304665
STARLINK-2019           
1 47641U 21012X   26220.53920333  .02734587  12076-4  65670-3 0  9991
2 47641  53.0201 262.5534 0007659 347.8275  12.2580 16.28676283305752
STARLINK-2031           
1 47648U 21012AE  26219.97044210  .00000755  00000+0  36090-4 0  9990
2 47648  53.1605  65.5783 0001328  88.6241 271.4913 15.31704872303481
STARLINK-2033           
1 47650U 21012AG  26219.84472635  .00038217  00000+0  55556-3 0  9996
2 47650  53.1606  56.2712 0002492 271.7788  88.2939 15.55425592303586
STARLINK-2036           
1 47652U 21012AJ  26220.58335647  .00213257  28675-4  55697-3 0  9990
2 47652  53.1561  45.3571 0008679 280.9552 159.1337 15.94486533  5904
STARLINK-2039           
1 47655U 21012AM  26220.34665031  .00016072  00000+0  51230-3 0  9992
2 47655  53.1605  79.2908 0001006 176.5381 183.5628 15.32704097303324
STARLINK-2040           
1 47656U 21012AN  26220.29203095  .00000730  00000+0  35271-4 0  9997
2 47656  53.1612  64.0720 0001199  88.8708 271.2430 15.31702421303524
STARLINK-2041           
1 47657U 21012AP  26220.47172330  .00313280  52817-4  57867-3 0  9994
2 47657  53.1444  32.8644 0005397 280.7247  79.3176 16.00668549303973
STARLINK-2068           
1 47722U 21017A   26220.27984550  .00000943  00000+0  42169-4 0  9996
2 47722  53.1597 205.6156 0001389  83.3541 276.7618 15.31695476301305
STARLINK-2107           
1 47723U 21017B   26220.58335647  .00036566  00000+0  10686-2 0  9995
2 47723  53.1607 139.8337 0001583  79.4016 352.2083 15.34969915  5926
STARLINK-2131           
1 47728U 21017G   26220.50985957  .00078205  00000+0  49964-3 0  9995
2 47728  53.0658 195.7135 0004923  72.5710 287.5847 15.75678085301432
STARLINK-2140           
1 47730U 21017J   26220.30465130  .00001849  00000+0  71340-4 0  9996
2 47730  53.1595 231.4633 0001318  86.4111 273.7041 15.31697021300885
STARLINK-2143           
1 47733U 21017M   26220.29529372  .00001210  00000+0  50768-4 0  9999
2 47733  53.1593 231.2231 0001312  85.2238 274.8913 15.31697197300940
STARLINK-2144           
1 47734U 21017N   26220.23165324  .00001325  00000+0  54452-4 0  9998
2 47734  53.1588 218.7292 0001194  96.6349 263.4788 15.31693014301083
STARLINK-2147           
1 47736U 21017Q   26220.42995176  .00040907  00000+0  34648-3 0  9990
2 47736  53.0687 201.6904 0002264  85.5140 274.6135 15.69308501301344
STARLINK-2150           
1 47739U 21017T   26220.35689279  .00001538  00000+0  61325-4 0  9999
2 47739  53.1590 233.4542 0001279  86.6336 273.4812 15.31696696300922
STARLINK-2156           
1 47742U 21017W   26220.29491536  .00001376  00000+0  56119-4 0  9998
2 47742  53.1593 208.6938 0001334  83.5545 276.5608 15.31694703301264
STARLINK-2159           
1 47745U 21017Z   26220.58335647  .00155018  20066-4  46783-3 0  9990
2 47745  53.1455 184.7952 0003756  92.6720 288.0294 15.91915744  6011
STARLINK-2160           
1 47746U 21017AA  26220.50707697  .00047338  00000+0  36889-3 0  9993
2 47746  53.1527 202.5891 0001794 103.4467 256.6751 15.71253590301303
STARLINK-2161           
1 47747U 21017AB  26220.29022230  .00000586  00000+0  30654-4 0  9992
2 47747  53.1602 208.4518 0001367  83.6513 276.4644 15.31694454301244
STARLINK-2163           
1 47749U 21017AD  26220.37842964  .02004526  11912-4  72434-3 0  9997
2 47749  53.1339 167.5499 0003412 200.0705 160.0202 16.24120146301789
STARLINK-2164           
1 47750U 21017AE  26220.23890811  .00002288  00000+0  85473-4 0  9998
2 47750  53.1577 208.3290 0001308  88.1880 271.9271 15.31699681301217
STARLINK-2169           
1 47752U 21017AG  26220.50004630  .00087031  13931-4  27680-3 0  9992
2 47752  53.1453 184.2978 0003426  94.0129 202.7422 15.91231841  6007
STARLINK-2170           
1 47753U 21017AH  26220.31554463  .00000447  00000+0  26170-4 0  9994
2 47753  53.1597 218.3441 0001307  92.8863 267.2288 15.31702980301126
STARLINK-2178           
1 47760U 21017AQ  26220.25334947  .00000800  00000+0  37545-4 0  9999
2 47760  53.1591 231.4367 0001184  89.9658 270.1479 15.31698331300918
STARLINK-2180           
1 47762U 21017AS  26220.50004630  .00102854  00000+0  34994-3 0  9998
2 47762  53.1470 192.1883 0004864  61.9168 331.2358 15.89052391  6041
STARLINK-2185           
1 47767U 21017AX  26220.38403480  .00091629  00000+0  46753-3 0  9998
2 47767  53.1473 193.4915 0004831  74.0639 286.0916 15.80641293301479
STARLINK-2193           
1 47770U 21017BA  26220.28757734  .00000079  00000+0  14304-4 0  9992
2 47770  53.1605 218.4901 0001423 106.8832 253.2325 15.31696097301092
STARLINK-2194           
1 47771U 21017BB  26220.29223166  .00001466  00000+0  58996-4 0  9997
2 47771  53.1592 218.3983 0001208  94.6126 265.5013 15.31699120301100
STARLINK-2195           
1 47772U 21017BC  26220.32334081  .00000784  00000+0  37015-4 0  9992
2 47772  53.1589 231.7077 0001198  86.5492 273.5646 15.31700578300890
STARLINK-2196           
1 47773U 21017BD  26220.32774715  .00065209  00000+0  20757-2 0  9991
2 47773  53.1578 231.1154 0001421  88.1465 271.9699 15.31993430300897
STARLINK-2209           
1 47776U 21017BG  26220.50004630  .00116267  16274-4  33223-3 0  9995
2 47776  53.1451 184.7998 0004942  82.0067 209.7390 15.93090981  6056
STARLINK-2211           
1 47778U 21017BJ  26220.21387734  .00039589  00000+0  36990-3 0  9994
2 47778  53.1554 201.2524 0001516  86.9856 273.1334 15.66914814301326
STARLINK-2213           
1 47780U 21017BL  26220.26426333  .00001530  00000+0  61074-4 0  9998
2 47780  53.1587 218.5097 0001325  84.8997 275.2155 15.31697795301122
STARLINK-2257           
1 47787U 21018A   26220.49828362  .00000287  00000+0  21010-4 0  9993
2 47787  53.1583 259.2867 0001147  87.8752 272.2380 15.31689023299944
STARLINK-2314           
1 47788U 21018B   26220.26434058  .00016619  00000+0  35787-3 0  9995
2 47788  53.1535 227.7515 0002970  32.0782 328.0405 15.44766609300381
STARLINK-2315           
1 47789U 21018C   26220.41752697  .00000862  00000+0  39548-4 0  9998
2 47789  53.1590 253.2755 0000846  70.8491 289.2601 15.31693807300011
STARLINK-2319           
1 47790U 21018D   26220.30927397  .00001741  00000+0  67850-4 0  9993
2 47790  53.1593 231.1568 0001271  83.0793 277.0353 15.31699537300337
STARLINK-2322           
1 47791U 21018E   26220.50004630  .00046750  00000+0  11967-2 0  9997
2 47791  53.1590 256.3273 0001297  76.9686 153.9466 15.38971256  5749
STARLINK-2334           
1 47792U 21018F   26220.40818287 -.00001996  00000+0 -52577-4 0  9997
2 47792  53.1602 253.1496 0001438  99.4446 260.6718 15.31693207300011
STARLINK-2338           
1 47793U 21018G   26220.35689275  .00001278  00000+0  52928-4 0  9996
2 47793  53.1585 253.3875 0000978  83.4196 276.6917 15.31712789299997
STARLINK-2373           
1 47796U 21018K   26220.34948382  .00025152  00000+0  65308-3 0  9997
2 47796  53.1559 251.1242 0004009  12.0047 348.1052 15.38836760300033
STARLINK-2377           
1 47797U 21018L   26220.44034822  .00001270  00000+0  52673-4 0  9991
2 47797  53.1603 269.2498 0001172  92.3923 267.7212 15.31696459299795
STARLINK-2379           
1 47798U 21018M   26220.37556083  .00000986  00000+0  43527-4 0  9993
2 47798  53.1598 253.3053 0001165  85.8771 274.2364 15.31699281300004
STARLINK-2380           
1 47799U 21018N   26220.39260889  .00002820  00000+0  10264-3 0  9992
2 47799  53.1577 246.2241 0001080  82.1869 277.9255 15.31687420300108
STARLINK-2381           
1 47800U 21018P   26220.45011664  .00001452  00000+0  58550-4 0  9998
2 47800  53.1597 252.8714 0001190  81.3226 278.7910 15.31705171300012
STARLINK-2383           
1 47802U 21018R   26220.42642285  .00000879  00000+0  40096-4 0  9994
2 47802  53.1595 269.7816 0001121  87.5560 272.5570 15.31700722299798
STARLINK-2385           
1 47804U 21018T   26220.30844053  .00001034  00000+0  45098-4 0  9991
2 47804  53.1589 244.6486 0001271  85.9059 274.2087 15.31696718300120
STARLINK-2386           
1 47805U 21018U   26220.47050838  .00018417  00000+0  71101-3 0  9996
2 47805  53.0847 258.2838 0003263 351.1742   8.9198 15.26339420299938
STARLINK-2387           
1 47806U 21018V   26220.38140840  .00002308  00000+0  86113-4 0  9992
2 47806  53.1591 257.1121 0001124  70.7583 289.3540 15.31700132300027
STARLINK-2388           
1 47807U 21018W   26220.31392687 -.00002679  00000+0 -74585-4 0  9997
2 47807  53.1586 231.1448 0001203  83.1696 276.9442 15.31704092300311
STARLINK-2389           
1 47808U 21018X   26220.37170995  .00001916  00000+0  73480-4 0  9994
2 47808  53.1587 256.8200 0001279  82.3216 277.7931 15.31700593300027
STARLINK-2391           
1 47810U 21018Z   26220.40310045  .00002317  00000+0  86399-4 0  9992
2 47810  53.1595 269.7416 0001304  84.1198 275.9952 15.31699209299840
STARLINK-2395           
1 47814U 21018AD  26220.39259046  .00019215  00000+0  61579-3 0  9994
2 47814  53.1572 256.8681 0001593  51.0358 309.0785 15.32401384300034
STARLINK-2396           
1 47815U 21018AE  26220.39069912  .00001870  00000+0  72017-4 0  9994
2 47815  53.1591 256.7797 0001003  98.4609 261.6506 15.31691265299964
STARLINK-2399           
1 47816U 21018AF  26220.46436977  .00003492  00000+0  12434-3 0  9990
2 47816  53.1604 271.9347 0001510  87.2639 272.8535 15.31675327299745
STARLINK-2400           
1 47817U 21018AG  26220.41871248  .00000830  00000+0  38509-4 0  9995
2 47817  53.1594 257.0860 0000902  77.5173 282.5929 15.31694893299966
STARLINK-2402           
1 47819U 21018AJ  26220.34879005  .00001303  00000+0  53751-4 0  9990
2 47819  53.1591 257.3259 0001122  89.4334 270.6796 15.31697414300028
STARLINK-2406           
1 47821U 21018AL  26220.42334404 -.00000117  00000+0  79822-5 0  9992
2 47821  53.1589 256.8502 0001253  75.4738 284.6402 15.31694148299972
STARLINK-2407           
1 47822U 21018AM  26220.41236208  .00001465  00000+0  58974-4 0  9995
2 47822  53.1599 269.2785 0001215  83.2860 276.8279 15.31700869299801
STARLINK-2408           
1 47823U 21018AN  26220.45968396  .00000597  00000+0  31017-4 0  9994
2 47823  53.1604 271.8254 0001484  68.9505 291.1655 15.31695165299757
STARLINK-2409           
1 47824U 21018AP  26220.44545904  .00003211  00000+0  11520-3 0  9992
2 47824  53.1587 272.5558 0001136  83.1375 276.9755 15.31696265299733
STARLINK-2410           
1 47825U 21018AQ  26220.38604781  .00002191  00000+0  82344-4 0  9994
2 47825  53.1581 256.9478 0001069  95.1290 264.9833 15.31702084299976
STARLINK-2411           
1 47826U 21018AR  26220.37241600  .00001396  00000+0  56725-4 0  9991
2 47826  53.1585 259.5585 0001224  72.3219 287.7916 15.31707017299932
STARLINK-2413           
1 47827U 21018AS  26220.39967686  .00003718  00000+0  13155-3 0  9992
2 47827  53.1586 256.6426 0001202  87.2346 272.8793 15.31690253300022
STARLINK-2415           
1 47828U 21018AT  26220.41702694  .00000752  00000+0  35996-4 0  9995
2 47828  53.1596 269.2674 0001176  89.1478 270.9658 15.31699517299800
STARLINK-2419           
1 47830U 21018AV  26220.46368816  .00000669  00000+0  33330-4 0  9994
2 47830  53.1590 269.3685 0001228  77.5770 282.5369 15.31686871299799
STARLINK-2420           
1 47831U 21018AW  26220.42764657  .00001219  00000+0  51050-4 0  9995
2 47831  53.1590 256.6128 0001323  83.1329 276.9822 15.31691554300013
STARLINK-2422           
1 47832U 21018AX  26220.49363374  .00001928  00000+0  73881-4 0  9997
2 47832  53.1591 259.3185 0001296  70.3900 289.7241 15.31698951299944
STARLINK-2423           
1 47833U 21018AY  26220.40284860  .00003005  00000+0  10854-3 0  9999
2 47833  53.1595 270.3448 0001219  78.5198 281.5940 15.31700904299823
STARLINK-2424           
1 47834U 21018AZ  26220.46557544  .00001795  00000+0  69574-4 0  9996
2 47834  53.1590 258.7914 0001175  77.6736 282.4397 15.31704026300004
STARLINK-2426           
1 47836U 21018BB  26220.47023503  .00001692  00000+0  66294-4 0  9994
2 47836  53.1593 258.7207 0001185  80.9202 279.1933 15.31698849299955
STARLINK-2427           
1 47837U 21018BC  26220.38521402  .00001232  00000+0  51462-4 0  9997
2 47837  53.1597 253.1406 0001044  79.8024 280.3095 15.31696354300015
STARLINK-2429           
1 47838U 21018BD  26220.37711707  .00002007  00000+0  76421-4 0  9999
2 47838  53.1592 259.8983 0001210  81.1358 278.9781 15.31695645299929
STARLINK-2431           
1 47839U 21018BE  26220.33334491 -.00004889  00000+0 -14586-3 0  9992
2 47839  53.1562 231.3201 0001338  88.7736 275.3467 15.31705657  5370
STARLINK-2432           
1 47840U 21018BF  26220.45480045  .00001296  00000+0  53511-4 0  9993
2 47840  53.1589 253.0076 0000694  78.0010 282.1069 15.31702934300011
STARLINK-2433           
1 47841U 21018BG  26220.37089148  .00003391  00000+0  12096-3 0  9994
2 47841  53.1585 253.2452 0001297  86.1947 273.9202 15.31705724300003
STARLINK-2435           
1 47843U 21018BJ  26220.43567898  .00000715  00000+0  34817-4 0  9999
2 47843  53.1596 269.1774 0001114  88.9912 271.1217 15.31695021299810
STARLINK-2446           
1 47844U 21018BK  26220.36866035  .00017182  00000+0  49088-3 0  9998
2 47844  53.1594 259.1714 0005588  12.7416 347.3728 15.36115755299937
STARLINK-2453           
1 47845U 21018BL  26220.43145594  .00001008  00000+0  44247-4 0  9990
2 47845  53.1589 272.5270 0001184  84.0082 276.1054 15.31701283299749
STARLINK-2280           
1 47861U 21021B   26220.42209884  .00005407  00000+0  18582-3 0  9993
2 47861  53.1588 272.2626 0001205  96.9469 263.1670 15.31708495299644
STARLINK-2291           
1 47862U 21021C   26220.50004630  .00158799  00000+0  57360-3 0  9995
2 47862  53.1515 244.3905 0007193  31.0239 111.5124 15.87649112  5996
STARLINK-2326           
1 47870U 21021L   26220.48841811  .00002440  00000+0  90368-4 0  9998
2 47870  53.1602 294.6163 0001097  85.6262 274.4864 15.31699116299223
STARLINK-2329           
1 47873U 21021P   26220.45899016  .00000323  00000+0  22170-4 0  9992
2 47873  53.1590 269.1938 0001283  74.8525 285.2619 15.31694323299670
STARLINK-2330           
1 47874U 21021Q   26220.28414110  .00031015  00000+0  70899-3 0  9994
2 47874  53.1408 226.5065 0002162   1.6093 358.4920 15.42590835300252
STARLINK-2336           
1 47879U 21021V   26220.46412162  .00165644  00000+0  60608-3 0  9997
2 47879  53.1489 266.0614 0008316  15.7067 344.4215 15.87354967299891
STARLINK-2342           
1 47883U 21021Z   26220.56127851  .04168907  12155-4  74516-3 0  9992
2 47883  53.1342 240.0474 0004974 338.4063  21.6771 16.31821442300269
STARLINK-2343           
1 47884U 21021AA  26220.49307602  .00002463  00000+0  91109-4 0  9998
2 47884  53.1596 294.6344 0001290  89.8432 270.2718 15.31702818299317
STARLINK-2346           
1 47887U 21021AD  26220.50704760  .00001258  00000+0  52276-4 0  9992
2 47887  53.1608 294.5268 0001244  77.1565 282.9575 15.31703719299327
STARLINK-2354           
1 47894U 21021AL  26220.43450664  .00026322  00000+0  69426-3 0  9996
2 47894  53.1511 279.9671 0004872 359.3761   0.7236 15.38325454299464
STARLINK-2355           
1 47895U 21021AM  26220.49466529  .00000180  00000+0  17582-4 0  9991
2 47895  53.1599 281.7614 0001193  78.3330 281.7805 15.31697209299480
STARLINK-2356           
1 47896U 21021AN  26220.53034980  .00001280  00000+0  53011-4 0  9998
2 47896  53.1599 294.4034 0000986  76.4550 283.6561 15.31694830299285
STARLINK-2358           
1 47898U 21021AQ  26220.48067884  .00000711  00000+0  34671-4 0  9992
2 47898  53.1598 281.7579 0001105  90.7450 269.3678 15.31695159299455
STARLINK-2361           
1 47901U 21021AT  26220.44528198  .00028890  00000+0  63805-3 0  9991
2 47901  53.1544 263.4570 0001853  32.9208 327.1914 15.43657222299759
STARLINK-2364           
1 47904U 21021AW  26220.44964878  .00000968  00000+0  42964-4 0  9993
2 47904  53.1588 269.0733 0001123  84.0001 276.1128 15.31695441299664
STARLINK-2367           
1 47907U 21021AZ  26220.51639404  .00001198  00000+0  50367-4 0  9990
2 47907  53.1610 294.6283 0001320  66.6769 293.4371 15.31697146299287
STARLINK-2370           
1 47910U 21021BC  26220.47135527  .00001040  00000+0  45273-4 0  9992
2 47910  53.1604 281.8392 0001135  82.7041 277.4090 15.31702201299514
STARLINK-2371           
1 47911U 21021BD  26220.44646252  .00001720  00000+0  67177-4 0  9994
2 47911  53.1606 294.8142 0001125  89.2343 270.8787 15.31700887299169
STARLINK-2378           
1 47916U 21021BJ  26220.45433047  .00002509  00000+0  92597-4 0  9996
2 47916  53.1591 269.2174 0001163  84.3637 275.7497 15.31701853299663
STARLINK-2405           
1 47919U 21021BM  26220.48374314  .00003201  00000+0  11486-3 0  9990
2 47919  53.1602 294.6173 0001261  84.5944 275.5201 15.31704100299302
STARLINK-1647           
1 47978U 21024B   26219.63443720  .00001088  00000+0  46818-4 0  9990
2 47978  53.1619 349.9944 0000968  84.5042 275.6070 15.31708241297759
STARLINK-2303           
1 47981U 21024E   26220.54296456  .00001298  00000+0  53589-4 0  9994
2 47981  53.1611 345.8285 0001046  87.4229 272.6892 15.31696039297890
STARLINK-2273           
1 47993U 21024S   26220.46994128  .00085915  00000+0  47765-3 0  9995
2 47993  53.1479 287.3362 0007662   5.9298 354.1813 15.78753767298693
STARLINK-2266           
1 47997U 21024W   26220.48990508  .00004747  00000+0  16463-3 0  9994
2 47997  53.1600 320.3958 0001022  88.4193 271.6926 15.31697665298248
STARLINK-2270           
1 48000U 21024Z   26220.37301212  .00032847  00000+0  65940-3 0  9992
2 48000  53.1252 247.2743 0000840 137.3574 222.7498 15.46399358299190
STARLINK-2153           
1 48009U 21024AJ  26220.54217125  .00004793  00000+0  16605-3 0  9992
2 48009  53.1609 322.7904 0001365  77.1914 282.9239 15.31715329298166
STARLINK-2226           
1 48010U 21024AK  26220.09588654 -.00001101  00000+0 -23722-4 0  9993
2 48010  53.1617 348.1335 0000986  67.4387 292.6719 15.31717845297762
STARLINK-2285           
1 48019U 21024AU  26220.50388322 -.00000545  00000+0 -57903-5 0  9998
2 48019  53.1618 320.4335 0001140  83.7769 276.3362 15.31713957298183
STARLINK-2298           
1 48022U 21024AX  26220.51160291  .00059639  00000+0  41176-3 0  9995
2 48022  53.1189 323.7693 0004410 353.6013   6.4949 15.74000704298186
STARLINK-2292           
1 48023U 21024AY  26220.50278769  .00025261  00000+0  47522-3 0  9990
2 48023  53.1168 334.9941 0001895 128.4475 231.6703 15.48422456298024
STARLINK-2299           
1 48029U 21024BE  26220.50004630  .00148795  19339-4  45117-3 0  9996
2 48029  53.1127 315.9581 0012127 345.1881 197.3508 15.91719428  5903
STARLINK-2404           
1 48093U 21027B   26220.12650006  .00001919  00000+0  73626-4 0  9995
2 48093  53.1606 170.2516 0001677  91.1326 268.9868 15.31693544295860
STARLINK-2412           
1 48094U 21027C   26220.17588496  .00000995  00000+0  43809-4 0  9997
2 48094  53.1597 180.8321 0001197 111.6714 248.4415 15.31700765295727
STARLINK-2414           
1 48095U 21027D   26220.15721360  .00001002  00000+0  44054-4 0  9998
2 48095  53.1594 180.6348 0001306  85.7820 274.3330 15.31696280295734
STARLINK-2417           
1 48096U 21027E   26220.21316578  .00002971  00000+0  10748-3 0  9995
2 48096  53.1601 180.5223 0001297  94.6354 265.4796 15.31699283295727
STARLINK-2418           
1 48097U 21027F   26220.13988431  .00008551  00000+0  28721-3 0  9990
2 48097  53.1604 168.1757 0001389  90.0563 270.0598 15.31676017295888
STARLINK-2421           
1 48098U 21027G   26220.10319626  .00001986  00000+0  75751-4 0  9993
2 48098  53.1615 170.3550 0001248  92.5700 267.5444 15.31699998295852
STARLINK-2428           
1 48099U 21027H   26220.18117454  .00001113  00000+0  47626-4 0  9999
2 48099  53.1583 182.8574 0001269  97.1366 262.9780 15.31694061295682
STARLINK-2430           
1 48100U 21027J   26220.15410773  .00004517  00000+0  15714-3 0  9992
2 48100  53.1591 167.6704 0000925  95.0845 265.0262 15.31719104295895
STARLINK-2436           
1 48101U 21027K   26220.17778525  .00004406  00000+0  15365-3 0  9996
2 48101  53.1591 170.1360 0001272  85.8538 274.2608 15.31700070295871
STARLINK-2439           
1 48104U 21027N   26220.12155152  .00003921  00000+0  13804-3 0  9996
2 48104  53.1599 168.1262 0001420  88.8112 271.3052 15.31701643295896
STARLINK-2440           
1 48105U 21027P   26219.98275317  .00002566  00000+0  94442-4 0  9997
2 48105  53.1597 117.2343 0001457  78.5101 281.6064 15.31696984296589
STARLINK-2442           
1 48106U 21027Q   26220.17247249  .00004641  00000+0  16123-3 0  9999
2 48106  53.1588 167.7641 0001211  85.5905 274.5235 15.31702230295895
STARLINK-2443           
1 48107U 21027R   26220.13552950  .00001999  00000+0  76156-4 0  9990
2 48107  53.1607 168.0610 0001383  97.2998 262.8161 15.31699953295884
STARLINK-2448           
1 48111U 21027V   26220.11384336  .00034494  00000+0  67604-3 0  9997
2 48111  53.1525 161.9507 0002567 108.3236 251.8052 15.47072010295983
STARLINK-2449           
1 48112U 21027W   26220.18083094  .00001658  00000+0  65177-4 0  9992
2 48112  53.1611 182.8441 0001733 110.2363 249.8825 15.31703095295696
STARLINK-2450           
1 48113U 21027X   26220.18983096  .00002927  00000+0  10607-3 0  9991
2 48113  53.1588 180.3243 0001260  97.3732 262.7413 15.31694821295719
STARLINK-2452           
1 48115U 21027Z   26220.14047847  .00002018  00000+0  76780-4 0  9990
2 48115  53.1603 170.1697 0001263  90.0538 270.0608 15.31700299295856
STARLINK-2454           
1 48116U 21027AA  26220.17125296  .00005272  00000+0  18152-3 0  9992
2 48116  53.1589 180.9636 0001191  86.2767 273.8370 15.31702694295716
STARLINK-2455           
1 48117U 21027AB  26220.15846996  .00002764  00000+0  10079-3 0  9991
2 48117  53.1606 167.6588 0001342  85.7350 274.3804 15.31701390295894
STARLINK-2459           
1 48119U 21027AD  26220.15878626  .00004308  00000+0  15049-3 0  9996
2 48119  53.1584 167.5830 0001162  88.1833 271.9302 15.31702104295882
STARLINK-2460           
1 48120U 21027AE  26220.38336088  .00010550  00000+0  22681-3 0  9990
2 48120  53.1565 173.6872 0004020  52.5500 307.5872 15.45262524295845
STARLINK-2462           
1 48121U 21027AF  26220.17311322  .00001258  00000+0  52308-4 0  9997
2 48121  53.1618 170.0447 0001274  81.0323 279.0823 15.31690486295860
STARLINK-2464           
1 48123U 21027AH  26220.09822651  .00002581  00000+0  94929-4 0  9997
2 48123  53.1602 168.0677 0001148  89.5018 270.6115 15.31694582295885
STARLINK-2465           
1 48124U 21027AJ  26220.18243115  .00001863  00000+0  71807-4 0  9992
2 48124  53.1603 170.0245 0001509  76.9695 283.1475 15.31695328295868
STARLINK-2466           
1 48125U 21027AK  26220.16655447 -.00000258  00000+0  34403-5 0  9996
2 48125  53.1593 180.7186 0001237  81.5427 278.5715 15.31708286295719
STARLINK-2467           
1 48126U 21027AL  26220.11648909  .00009958  00000+0  33188-3 0  9999
2 48126  53.1598 167.8316 0001391 102.2505 257.8652 15.31733974295896
STARLINK-2468           
1 48127U 21027AM  26220.18484396  .00001845  00000+0  71186-4 0  9993
2 48127  53.1598 180.4413 0001328  95.0230 265.0923 15.31711263295721
STARLINK-2469           
1 48128U 21027AN  26220.50004630  .00053254  00000+0  15901-2 0  9991
2 48128  53.1003 120.5599 0002118  99.5769 230.1767 15.34119530  5907
STARLINK-2471           
1 48129U 21027AP  26220.19452670  .00004708  00000+0  16334-3 0  9990
2 48129  53.1595 180.5647 0001226  94.8365 265.2776 15.31704601295729
STARLINK-2472           
1 48130U 21027AQ  26220.13893913  .00002759  00000+0  10063-3 0  9992
2 48130  53.1605 183.4412 0001371  93.3391 266.7767 15.31699617295680
STARLINK-2473           
1 48131U 21027AR  26220.14486527  .00003035  00000+0  10953-3 0  9999
2 48131  53.1598 168.0857 0001254  93.9882 266.1263 15.31699163295888
STARLINK-2474           
1 48132U 21027AS  26220.20913960  .00001561  00000+0  62079-4 0  9992
2 48132  53.1603 182.7131 0001377  90.8498 269.2661 15.31693199295686
STARLINK-2475           
1 48133U 21027AT  26220.16186462  .00002334  00000+0  86960-4 0  9991
2 48133  53.1598 180.5440 0001314  88.4210 271.6941 15.31701116295727
STARLINK-2476           
1 48134U 21027AU  26220.19914294  .00005911  00000+0  20209-3 0  9994
2 48134  53.1599 180.2232 0001387  87.8436 272.2725 15.31701711295726
STARLINK-2478           
1 48135U 21027AV  26220.21382276  .00002484  00000+0  91780-4 0  9992
2 48135  53.1605 182.8711 0001155  77.5716 282.5415 15.31696508295698
STARLINK-2479           
1 48136U 21027AW  26220.38094622  .00005331  00000+0  18340-3 0  9990
2 48136  53.1584 179.6751 0001259  94.5287 265.5858 15.31706118295758
STARLINK-2480           
1 48137U 21027AX  26220.14553261  .00002226  00000+0  83487-4 0  9999
2 48137  53.1595 170.5757 0001273  87.7524 272.3624 15.31698532295848
STARLINK-2481           
1 48138U 21027AY  26220.39556787  .00002393  00000+0  88862-4 0  9990
2 48138  53.1600 181.8248 0001332  95.3250 264.7903 15.31696413295721
STARLINK-2482           
1 48139U 21027AZ  26220.16316786  .00003730  00000+0  13192-3 0  9998
2 48139  53.1588 167.8783 0001365  70.9483 289.1666 15.31694947295893
STARLINK-2483           
1 48140U 21027BA  26220.20851253  .00001333  00000+0  54734-4 0  9993
2 48140  53.1599 180.6114 0001445  89.5167 270.6000 15.31694357295726
STARLINK-2485           
1 48142U 21027BC  26220.12591146  .00001430  00000+0  57846-4 0  9993
2 48142  53.1599 168.3701 0001652  87.2876 272.8314 15.31694171295888
STARLINK-2486           
1 48143U 21027BD  26220.01512481  .00040701  00000+0  86444-3 0  9996
2 48143  53.1536 110.6561 0001569  96.5365 263.5820 15.44645263296687
STARLINK-2487           
1 48144U 21027BE  26220.14448267  .00002252  00000+0  84316-4 0  9997
2 48144  53.1595 167.7355 0001319  95.1883 264.9269 15.31699264295889
STARLINK-2491           
1 48148U 21027BJ  26220.15258937  .00003927  00000+0  13824-3 0  9990
2 48148  53.1590 180.9117 0001352  81.2366 278.8788 15.31704442295706
STARLINK-2492           
1 48149U 21027BK  26220.16785562  .00007611  00000+0  25673-3 0  9990
2 48149  53.1572 168.0773 0001092  81.8504 278.2621 15.31706367295880
STARLINK-2493           
1 48150U 21027BL  26220.15384573  .00004044  00000+0  14199-3 0  9996
2 48150  53.1599 167.9521 0001496  90.4499 269.6674 15.31703314295899
STARLINK-2503           
1 48151U 21027BM  26220.14950331  .00003925  00000+0  13819-3 0  9992
2 48151  53.1576 167.8807 0001184  93.3532 266.7604 15.31699110295894
STARLINK-2567           
1 48276U 21036A   26219.99360016  .00004115  00000+0  14421-3 0  9998
2 48276  53.1593  66.8661 0001233  90.0716 270.0427 15.31715850291921
STARLINK-2569           
1 48277U 21036B   26220.16319249  .00025197  00000+0  71554-3 0  9995
2 48277  53.1240  27.0808 0000420  34.8739 325.2291 15.36062276292498
STARLINK-2543           
1 48278U 21036C   26220.22005664  .00000572  00000+0  30182-4 0  9999
2 48278  53.1600  39.2741 0001248  83.8001 276.3142 15.31703526292334
STARLINK-2565           
1 48280U 21036E   26220.43515433  .00014484  00000+0  47689-3 0  9991
2 48280  53.1593 115.0701 0001090  93.8794 266.2332 15.31746639291286
STARLINK-2558           
1 48282U 21036G   26219.85542994  .00001998  00000+0  76138-4 0  9997
2 48282  53.1600  92.0149 0001353  83.6993 276.4162 15.31692674291572
STARLINK-2516           
1 48283U 21036H   26220.49860294  .00002366  00000+0  87957-4 0  9997
2 48283  53.1588  88.9581 0001100  90.9684 269.1444 15.31707209291674
STARLINK-2564           
1 48284U 21036J   26220.02328620  .00002500  00000+0  92348-4 0  9999
2 48284  53.1609  91.6830 0001255  74.6119 285.5021 15.31685496291586
STARLINK-2547           
1 48286U 21036L   26220.16770727  .00003987  00000+0  14019-3 0  9993
2 48286  53.1592  90.5752 0001343  90.5462 269.5694 15.31697526291615
STARLINK-2566           
1 48287U 21036M   26219.87939917  .00002420  00000+0  89740-4 0  9993
2 48287  53.1597  94.2798 0001135  93.5508 266.5623 15.31687872291538
STARLINK-2545           
1 48289U 21036P   26220.37713051  .00002560  00000+0  94242-4 0  9999
2 48289  53.1603  89.8381 0001442  80.4818 279.6346 15.31697547291645
STARLINK-2555           
1 48291U 21036R   26219.93065794  .00004994  00000+0  17258-3 0  9990
2 48291  53.1614  94.0484 0001642  91.7046 268.4144 15.31700871291548
STARLINK-2542           
1 48292U 21036S   26219.92996597  .00002075  00000+0  78623-4 0  9996
2 48292  53.1607  91.4842 0001265  99.1282 260.9862 15.31696168291586
STARLINK-2550           
1 48293U 21036T   26219.94398715  .00003652  00000+0  12941-3 0  9999
2 48293  53.1591  91.5765 0001259  95.8161 264.2984 15.31697544291587
STARLINK-2533           
1 48294U 21036U   26219.93465630  .00001780  00000+0  69109-4 0  9999
2 48294  53.1599  91.5706 0001125  84.5446 275.5684 15.31696652291585
STARLINK-2535           
1 48295U 21036V   26219.94866329  .00001228  00000+0  51328-4 0  9992
2 48295  53.1594  91.6719 0001142 104.7231 255.3897 15.31691721291586
STARLINK-2559           
1 48298U 21036Y   26219.92756310  .00035978  00000+0  89379-3 0  9996
2 48298  53.1550  88.8207 0004784 105.2902 254.8632 15.39998217291621
STARLINK-2557           
1 48299U 21036Z   26220.37276578  .00005959  00000+0  20359-3 0  9990
2 48299  53.1607  89.5155 0001212  88.0402 272.0738 15.31710087291652
STARLINK-2538           
1 48300U 21036AA  26219.99364466  .00001667  00000+0  65476-4 0  9995
2 48300  53.1590 104.1018 0001249  80.3983 279.7160 15.31699137291416
STARLINK-2537           
1 48301U 21036AB  26220.41817440  .00003351  00000+0  11969-3 0  9999
2 48301  53.1597 105.1365 0001280  87.0176 273.0972 15.31700662291428
STARLINK-2530           
1 48303U 21036AD  26219.94241810  .00002966  00000+0  10733-3 0  9998
2 48303  53.1595 104.6252 0001243  88.4746 271.6397 15.31689015291393
STARLINK-2524           
1 48304U 21036AE  26220.39692598  .00006345  00000+0  21603-3 0  9996
2 48304  53.1580 112.9657 0001152  90.1945 269.9188 15.31701842291301
STARLINK-2519           
1 48305U 21036AF  26220.12200012  .00002772  00000+0  10103-3 0  9997
2 48305  53.1589 114.8309 0001350  90.7740 269.3417 15.31704530291255
STARLINK-2523           
1 48306U 21036AG  26220.40160038  .00004166  00000+0  14598-3 0  9993
2 48306  53.1587 113.0637 0001108  94.3153 265.7975 15.31688221291301
STARLINK-2517           
1 48309U 21036AK  26220.09624911 -.00032383  00000+0 -10344-2 0  9994
2 48309  53.1602 104.3557 0003507 134.5839 225.5449 15.31748069291418
STARLINK-2536           
1 48310U 21036AL  26220.08329893  .00002115  00000+0  79917-4 0  9997
2 48310  53.1593 106.9439 0001389  86.6196 273.4964 15.31694861291374
STARLINK-2534           
1 48311U 21036AM  26220.39454356  .00003490  00000+0  12422-3 0  9999
2 48311  53.1592 102.7336 0001299  97.9546 262.1603 15.31693021291460
STARLINK-2061           
1 48312U 21036AN  26220.36654638  .00006011  00000+0  20531-3 0  9994
2 48312  53.1598 102.6187 0001110  93.7245 266.3884 15.31701708291461
STARLINK-2549           
1 48314U 21036AQ  26220.40881537  .00002822  00000+0  10267-3 0  9992
2 48314  53.1595 104.8925 0001433  87.9981 272.1184 15.31695853291421
STARLINK-2506           
1 48315U 21036AR  26220.42487397  .00002043  00000+0  77558-4 0  9993
2 48315  53.1591 112.8627 0001289  86.7548 273.3601 15.31705304291308
STARLINK-2507           
1 48316U 21036AS  26220.42020808  .00002235  00000+0  83746-4 0  9993
2 48316  53.1589 112.8734 0001531  91.4237 268.6940 15.31709080291301
STARLINK-2513           
1 48317U 21036AT  26220.38981545  .00003152  00000+0  11331-3 0  9992
2 48317  53.1595 102.2702 0001374  88.0002 272.1156 15.31692560291464
STARLINK-2509           
1 48318U 21036AU  26220.42096223  .00003631  00000+0  12877-3 0  9996
2 48318  53.1587 115.8131 0001383  83.8570 276.2589 15.31690245291277
STARLINK-2512           
1 48319U 21036AV  26220.41153661  .00006837  00000+0  23182-3 0  9998
2 48319  53.1574 115.1296 0000992  91.1030 269.0085 15.31707488291287
STARLINK-2029           
1 48320U 21036AW  26220.43986991  .00003642  00000+0  12905-3 0  9994
2 48320  53.1596 115.3091 0001374  85.0080 275.1079 15.31704529291284
STARLINK-2457           
1 48321U 21036AX  26220.00602693 -.00000113  00000+0  81342-5 0  9996
2 48321  53.1596 116.9515 0001122  94.4753 265.6377 15.31700023291229
STARLINK-2515           
1 48323U 21036AZ  26219.99671977  .00004102  00000+0  14390-3 0  9993
2 48323  53.1588 116.9676 0001190  90.6967 269.4171 15.31692683291226
STARLINK-2495           
1 48325U 21036BB  26220.13189971  .00005805  00000+0  19868-3 0  9997
2 48325  53.1577 116.4668 0001120  92.1753 267.9377 15.31700088291247
STARLINK-2498           
1 48326U 21036BC  26220.12289537  .00015628  00000+0  51410-3 0  9999
2 48326  53.1583 116.4427 0001054  75.8636 284.2482 15.31712492291243
STARLINK-2502           
1 48327U 21036BD  26220.11824301  .00005838  00000+0  19973-3 0  9993
2 48327  53.1585 116.4634 0001170  76.8489 283.2643 15.31701468291241
STARLINK-2504           
1 48328U 21036BE  26220.43015825  .00001411  00000+0  57230-4 0  9994
2 48328  53.1595 114.8927 0001238  87.7855 272.3288 15.31688225291286
STARLINK-2510           
1 48329U 21036BF  26220.42582917  .00002441  00000+0  90422-4 0  9999
2 48329  53.1590 114.9075 0001268  92.6407 267.4740 15.31697240291294
STARLINK-2501           
1 48330U 21036BG  26220.01109919  .00004572  00000+0  15902-3 0  9999
2 48330  53.1582 117.3333 0001317  95.1196 264.9955 15.31699031291222
STARLINK-2514           
1 48331U 21036BH  26219.93455875  .00031767  00000+0  85789-3 0  9990
2 48331  53.1552 116.1799 0005377  95.7231 264.4386 15.37493044291235
STARLINK-2518           
1 48333U 21036BK  26220.09026746  .00002791  00000+0  10167-3 0  9995
2 48333  53.1600 116.5228 0001171  94.6566 265.4570 15.31694631291245
STARLINK-2470           
1 48334U 21036BL  26220.41185887  .00003620  00000+0  12836-3 0  9991
2 48334  53.1586 115.0130 0001227  91.9899 268.1243 15.31699523291293
STARLINK-2613           
1 48353U 21038A   26220.12529851  .00003354  00000+0  11975-3 0  9992
2 48353  53.1591  13.4552 0001042  92.1757 267.9364 15.31709616290284
STARLINK-2674           
1 48354U 21038B   26220.12997129  .00000956  00000+0  42567-4 0  9997
2 48354  53.1622  13.5182 0001106  83.4003 276.7125 15.31704208290283
STARLINK-2635           
1 48355U 21038C   26219.85498271  .00002726  00000+0  99572-4 0  9995
2 48355  53.1597  14.6894 0001070 101.5080 258.6041 15.31704964290245
STARLINK-2637           
1 48356U 21038D   26219.81306849  .00000929  00000+0  41686-4 0  9997
2 48356  53.1611  15.1847 0000784  69.1142 290.9943 15.31701278290230
STARLINK-2636           
1 48357U 21038E   26219.78506401  .00000396  00000+0  24509-4 0  9993
2 48357  53.1610  15.0749 0001070 100.4440 259.6682 15.31711060290231
STARLINK-2624           
1 48358U 21038F   26219.84564909  .00001215  00000+0  50897-4 0  9998
2 48358  53.1610  14.7489 0001003  84.5101 275.6015 15.31713038290236
STARLINK-2628           
1 48359U 21038G   26219.87367789 -.00002503  00000+0 -68944-4 0  9994
2 48359  53.1608  14.9670 0001679  71.2140 288.9043 15.31687728290237
STARLINK-2622           
1 48360U 21038H   26219.71049083  .00002344  00000+0  87243-4 0  9997
2 48360  53.1606  15.4110 0001095  86.7057 273.4070 15.31708266290210
STARLINK-2591           
1 48361U 21038J   26220.16258212  .00001241  00000+0  51747-4 0  9990
2 48361  53.1611  13.2923 0000917  90.7676 269.3430 15.31707540290284
STARLINK-2578           
1 48362U 21038K   26220.12061000  .00010330  00000+0  34366-3 0  9990
2 48362  53.1603  13.4778 0001126  75.6711 284.4416 15.31747374290282
STARLINK-2611           
1 48364U 21038M   26220.12256987  .00000528  00000+0  28783-4 0  9997
2 48364  53.1621   3.1347 0001040  97.8377 262.2742 15.31702800290439
STARLINK-2608           
1 48365U 21038N   26220.10859387 -.00001371  00000+0 -32426-4 0  9997
2 48365  53.1605   3.2564 0001171  96.0726 264.0409 15.31694671290434
STARLINK-2643           
1 48367U 21038Q   26220.54171853  .00001464  00000+0  58912-4 0  9991
2 48367  53.1620 358.7803 0001127  99.7010 260.4119 15.31703185290523
STARLINK-2623           
1 48368U 21038R   26219.80570837  .00000903  00000+0  40850-4 0  9993
2 48368  53.1618   5.1813 0001155 103.7746 256.3385 15.31714173290379
STARLINK-2621           
1 48370U 21038T   26219.79165622  .00000948  00000+0  42311-4 0  9999
2 48370  53.1618   4.6378 0001104  88.5660 271.5468 15.31703966290370
STARLINK-2589           
1 48371U 21038U   26219.67048925 -.00002357  00000+0 -64220-4 0  9994
2 48371  53.1607   5.3395 0001152  79.6707 280.4424 15.31700073290357
STARLINK-2609           
1 48373U 21038W   26220.53240801  .00000830  00000+0  38491-4 0  9993
2 48373  53.1609 358.9074 0001106  80.1767 279.9359 15.31699894290521
STARLINK-2604           
1 48374U 21038X   26219.84292618  .00000772  00000+0  36622-4 0  9998
2 48374  53.1619   4.4199 0001043  74.0100 286.1017 15.31707371290382
STARLINK-2603           
1 48375U 21038Y   26220.10426759 -.00000595  00000+0 -73951-5 0  9997
2 48375  53.1613   3.2260 0001253  73.9517 286.1623 15.31713909290428
STARLINK-2610           
1 48376U 21038Z   26220.50088382  .00086278  00000+0  50749-3 0  9996
2 48376  53.1553 340.5996 0005196 331.0443  29.0290 15.77514267290779
STARLINK-2499           
1 48377U 21038AA  26219.70776923  .00001159  00000+0  49110-4 0  9998
2 48377  53.1634   5.1298 0001180  99.5003 260.6132 15.31707822290360
STARLINK-2526           
1 48378U 21038AB  26220.11328266 -.00000466  00000+0 -32483-5 0  9997
2 48378  53.1617   3.3991 0001004  84.7790 275.3326 15.31701407290424
STARLINK-2612           
1 48379U 21038AC  26220.53710449  .00001152  00000+0  48858-4 0  9995
2 48379  53.1613 359.1518 0000763  91.2813 268.8276 15.31699192290527
STARLINK-2614           
1 48380U 21038AD  26220.54641050  .00000971  00000+0  43052-4 0  9998
2 48380  53.1606 358.9896 0001181  80.2035 279.9100 15.31702617290522
STARLINK-2630           
1 48381U 21038AE  26220.13658673  .00017870  00000+0  58488-3 0  9997
2 48381  53.1611   3.6224 0001382  78.8774 281.2383 15.31775033290424
STARLINK-2585           
1 48382U 21038AF  26220.53771341  .00002620  00000+0  96172-4 0  9990
2 48382  53.1602   1.1925 0001216  73.4529 286.6606 15.31697496290491
STARLINK-2598           
1 48385U 21038AJ  26220.09428787  .00000700  00000+0  34306-4 0  9995
2 48385  53.1620   0.8886 0001098  68.8309 291.2809 15.31707426291682
STARLINK-2606           
1 48386U 21038AK  26220.52741727  .00000376  00000+0  23890-4 0  9991
2 48386  53.1617 358.9919 0001250  79.4799 280.6344 15.31712914290519
STARLINK-2594           
1 48388U 21038AM  26220.53205187  .00002672  00000+0  97812-4 0  9995
2 48388  53.1599 358.7524 0001182  86.3440 273.7696 15.31709054290529
STARLINK-2586           
1 48390U 21038AP  26220.53400716  .00001173  00000+0  49561-4 0  9996
2 48390  53.1618 346.0805 0000966  64.8816 295.2286 15.31696500291923
STARLINK-2607           
1 48391U 21038AQ  26220.49643345  .00001086  00000+0  46748-4 0  9996
2 48391  53.1616 346.6038 0001054  77.5719 282.5401 15.31699976291915
STARLINK-2605           
1 48392U 21038AR  26220.51534519  .00000478  00000+0  27167-4 0  9990
2 48392  53.1616 346.0592 0001056  90.6496 269.4626 15.31703754291929
STARLINK-2574           
1 48395U 21038AU  26220.07289010  .00001212  00000+0  50814-4 0  9999
2 48395  53.1620 350.4753 0001304  71.7038 288.4105 15.31708959291827
STARLINK-2575           
1 48396U 21038AV  26220.50135888  .00000474  00000+0  27026-4 0  9999
2 48396  53.1604 346.0766 0000932  74.1210 285.9894 15.31700257291921
STARLINK-2590           
1 48397U 21038AW  26220.51069772  .00000638  00000+0  32327-4 0  9991
2 48397  53.1620 346.1702 0001194 117.7507 242.3615 15.31702956291921
STARLINK-2588           
1 48398U 21038AX  26220.11380780  .00024607  00000+0  10288-2 0  9995
2 48398  53.0506   5.7448 0003397 231.5663 128.5029 15.23480898291589
STARLINK-2587           
1 48399U 21038AY  26220.49670398  .00004207  00000+0  14723-3 0  9997
2 48399  53.1596 346.1605 0001255 108.1445 251.9693 15.31708185291911
STARLINK-2576           
1 48400U 21038AZ  26220.52004767  .00001585  00000+0  62833-4 0  9997
2 48400  53.1610 346.3491 0001266  90.9563 269.1584 15.31704300290708
STARLINK-2571           
1 48401U 21038BA  26219.64348888  .00003153  00000+0  11322-3 0  9993
2 48401  53.1600 350.4581 0000864  86.5362 273.5739 15.31728711290562
STARLINK-2593           
1 48404U 21038BD  26220.49204116  .00007237  00000+0  24453-3 0  9992
2 48404  53.1606 346.2856 0001117  70.1788 289.9333 15.31729329290705
STARLINK-2570           
1 48405U 21038BE  26220.50606677  .00001740  00000+0  67816-4 0  9997
2 48405  53.1622 346.3958 0001146  88.4940 271.6193 15.31702027290698
STARLINK-2568           
1 48406U 21038BF  26220.53910450  .00005306  00000+0  18257-3 0  9994
2 48406  53.1612 349.2441 0001479  65.1115 295.0040 15.31712463290665
STARLINK-2592           
1 48408U 21038BH  26220.52475220  .00003732  00000+0  13193-3 0  9991
2 48408  53.1589 346.6157 0001204  91.2928 268.8211 15.31706026290692
STARLINK-2563           
1 48410U 21038BK  26220.54378466  .00001558  00000+0  61966-4 0  9996
2 48410  53.1611 309.9548 0001143  87.8381 272.2751 15.31703894291210
STARLINK-2505           
1 48411U 21038BL  26220.52873947  .00007349  00000+0  24810-3 0  9999
2 48411  53.1592 307.2996 0001110  85.2155 274.8973 15.31733242291249
STARLINK-2581           
1 48412U 21038BM  26220.50181185  .00000971  00000+0  43033-4 0  9997
2 48412  53.1608 310.0322 0001243  68.5405 291.5729 15.31703452291203
STARLINK-2461           
1 48428U 21040A   26220.39337566  .00001567  00000+0  62238-4 0  9990
2 48428  53.1583 192.8043 0001211  87.9102 272.2038 15.31710389289924
STARLINK-2700           
1 48431U 21040D   26220.13520888  .00005313  00000+0  18284-3 0  9991
2 48431  53.1585 168.0794 0001347 102.8143 257.3009 15.31702865290238
STARLINK-2680           
1 48432U 21040E   26220.13055508  .00004011  00000+0  14093-3 0  9992
2 48432  53.1578 168.2066 0001176  88.8441 271.2695 15.31705452290229
STARLINK-2699           
1 48433U 21040F   26220.14916767  .00004990  00000+0  17242-3 0  9992
2 48433  53.1599 167.8281 0001239  87.4342 272.6801 15.31703452290235
STARLINK-2692           
1 48434U 21040G   26220.13085588  .00003648  00000+0  12922-3 0  9999
2 48434  53.1600 168.0724 0001383  82.3217 277.7941 15.31713568290240
STARLINK-2633           
1 48435U 21040H   26220.37125325  .00003033  00000+0  10947-3 0  9993
2 48435  53.1589 179.4485 0001242  91.9288 268.1855 15.31701797290097
STARLINK-2639           
1 48436U 21040J   26220.41160693  .00002502  00000+0  92342-4 0  9996
2 48436  53.1598 192.1387 0001231  94.3421 265.7721 15.31703543289921
STARLINK-2642           
1 48437U 21040K   26220.22857367  .00002495  00000+0  92132-4 0  9995
2 48437  53.1600 205.8925 0001282  78.7268 281.3878 15.31705980289718
STARLINK-2640           
1 48438U 21040L   26220.15095023  .00002275  00000+0  85045-4 0  9992
2 48438  53.1605 193.4127 0001234  96.6648 263.4494 15.31699195289881
STARLINK-2583           
1 48439U 21040M   26220.23020505  .00001700  00000+0  66540-4 0  9996
2 48439  53.1586 193.2236 0001283  92.8430 267.2718 15.31696156289896
STARLINK-2682           
1 48440U 21040N   26220.39795286  .00001420  00000+0  57516-4 0  9992
2 48440  53.1592 192.1777 0001295  84.8324 275.2825 15.31699082289922
STARLINK-2702           
1 48441U 21040P   26220.20687892  .00004419  00000+0  15407-3 0  9999
2 48441  53.1583 193.1539 0001415 104.1509 255.9650 15.31705293289894
STARLINK-2644           
1 48442U 21040Q   26220.47047579  .00047170  00000+0  39318-3 0  9999
2 48442  53.1563 181.2783 0001568 117.8647 242.2529 15.69635930290083
STARLINK-2663           
1 48443U 21040R   26220.18821339  .00001908  00000+0  73243-4 0  9997
2 48443  53.1591 193.1218 0001110  89.1871 270.9258 15.31694246289891
STARLINK-2645           
1 48444U 21040S   26220.38864111  .00001142  00000+0  48565-4 0  9994
2 48444  53.1591 192.2751 0001344  90.7248 269.3907 15.31696893289926
STARLINK-2634           
1 48445U 21040T   26220.18355970  .00001940  00000+0  74288-4 0  9998
2 48445  53.1597 193.1689 0001346  87.8942 272.2214 15.31697015289890
STARLINK-2655           
1 48449U 21040X   26220.23949330  .00001335  00000+0  54806-4 0  9999
2 48449  53.1604 192.9219 0001277 101.5193 258.5952 15.31691797289903
STARLINK-2703           
1 48452U 21040AA  26220.23482837  .00001257  00000+0  52278-4 0  9991
2 48452  53.1604 192.9396 0001220  94.2728 265.8412 15.31696126289906
STARLINK-2620           
1 48453U 21040AB  26220.22550252  .00001627  00000+0  64180-4 0  9994
2 48453  53.1590 192.9566 0001273  89.5704 270.5443 15.31700262289903
STARLINK-2654           
1 48454U 21040AC  26220.22084329  .00001752  00000+0  68209-4 0  9997
2 48454  53.1598 192.9679 0001250  94.4333 265.6811 15.31699103289900
STARLINK-2497           
1 48455U 21040AD  26220.24419424  .00001923  00000+0  73751-4 0  9996
2 48455  53.1597 193.1530 0001431  72.3737 287.7420 15.31691995289893
STARLINK-2698           
1 48458U 21040AG  26220.24457407  .00001576  00000+0  62550-4 0  9991
2 48458  53.1602 193.5329 0001224  93.0775 267.0366 15.31696254290610
STARLINK-2579           
1 48459U 21040AH  26220.21152822  .00001558  00000+0  61966-4 0  9992
2 48459  53.1606 193.0823 0001145  80.7479 279.3652 15.31702550289917
STARLINK-2582           
1 48460U 21040AJ  26220.09108839  .00849451  44783-3  66786-3 0  9995
2 48460  53.0346  95.3974 0008834 247.9113 112.0984 16.14031979291741
STARLINK-2683           
1 48462U 21040AL  26220.24257163  .00023755  00000+0  77485-3 0  9998
2 48462  53.1572 205.8490 0001189  84.9485 275.1652 15.31698351289722
STARLINK-2686           
1 48464U 21040AN  26220.20097242  .00001592  00000+0  63076-4 0  9993
2 48464  53.1594 206.1595 0001264  89.3381 270.7765 15.31696578289710
STARLINK-2681           
1 48465U 21040AP  26220.34135928  .00158099  00000+0  64340-3 0  9992
2 48465  53.1335 174.9481 0005981  73.0702 287.0978 15.85215729290169
STARLINK-2687           
1 48466U 21040AQ  26220.25655573  .00001657  00000+0  65159-4 0  9993
2 48466  53.1593 205.8238 0001105  97.8576 262.2550 15.31700072289730
STARLINK-2659           
1 48467U 21040AR  26220.27052117  .00000951  00000+0  42404-4 0  9995
2 48467  53.1596 205.6398 0001342  86.4469 273.6686 15.31697820289739
STARLINK-2685           
1 48468U 21040AS  26220.22396691  .00002808  00000+0  10221-3 0  9993
2 48468  53.1596 206.2333 0001305  84.0825 276.0325 15.31698774289720
STARLINK-2661           
1 48469U 21040AT  26220.28452431  .00000739  00000+0  35578-4 0  9999
2 48469  53.1593 205.7608 0001411 101.6681 258.4479 15.31689315289737
STARLINK-2675           
1 48470U 21040AU  26220.20062262  .00000408  00000+0  24928-4 0  9992
2 48470  53.1591 206.0143 0001953 129.0161 231.1014 15.31688247289717
STARLINK-2684           
1 48471U 21040AV  26220.26120654  .00014985  00000+0  49359-3 0  9998
2 48471  53.1566 205.7412 0001021  96.8671 263.2447 15.31706290289724
STARLINK-2722           
1 48472U 21040AW  26220.31124266  .00011254  00000+0  62198-3 0  9990
2 48472  53.0589 225.6818 0001826  39.8254 320.2872 15.14358178289418
STARLINK-2658           
1 48473U 21040AX  26220.27518328  .00000989  00000+0  43641-4 0  9998
2 48473  53.1604 205.6275 0001319  87.6237 272.4916 15.31697024289728
STARLINK-2697           
1 48474U 21040AY  26220.24731595  .00001391  00000+0  56579-4 0  9991
2 48474  53.1592 206.5073 0001198 100.1559 259.9578 15.31698194289705
STARLINK-2728           
1 48478U 21040BC  26220.23325574  .00001397  00000+0  56789-4 0  9999
2 48478  53.1591 205.9594 0001413  86.6974 273.4189 15.31696755289719
STARLINK-2755           
1 48479U 21040BD  26220.25192832  .00010466  00000+0  34842-3 0  9993
2 48479  53.1564 206.1254 0001187 106.6963 253.4169 15.31711568289711
STARLINK-2706           
1 48481U 21040BF  26220.27618872  .00000839  00000+0  38808-4 0  9995
2 48481  53.1592 208.1139 0001378  76.1640 283.9515 15.31697629289695
STARLINK-2525           
1 48482U 21040BG  26220.24827759  .00003170  00000+0  11387-3 0  9992
2 48482  53.1592 208.6604 0001287  86.4928 273.6221 15.31701099289686
STARLINK-2531           
1 48483U 21040BH  26220.26228860  .00001718  00000+0  67125-4 0  9991
2 48483  53.1589 208.7736 0001167  89.0529 271.0606 15.31699260289688
STARLINK-2500           
1 48485U 21040BK  26220.23427058  .00002791  00000+0  10167-3 0  9995
2 48485  53.1592 208.5479 0001263  90.9741 269.1405 15.31697255289687
STARLINK-2494           
1 48487U 21040BM  26220.27160683  .00001104  00000+0  47363-4 0  9995
2 48487  53.1589 208.6781 0001326  90.8467 269.2686 15.31693321289699
STARLINK-2063           
1 48553U 21041A   26220.06810780  .00004241  00000+0  14833-3 0  9997
2 48553  53.1590 142.3959 0001084  90.3691 269.7434 15.31700988288470
STARLINK-2139           
1 48554U 21041B   26220.06342406  .00001291  00000+0  53370-4 0  9995
2 48554  53.1601 142.3171 0001272  84.8814 275.2333 15.31698033288471
STARLINK-2145           
1 48555U 21041C   26220.07376293  .00001711  00000+0  66885-4 0  9990
2 48555  53.1597 164.5113 0001163  93.0667 267.0468 15.31695954288146
STARLINK-2151           
1 48556U 21041D   26220.06754135 -.00005989  00000+0 -18131-3 0  9998
2 48556  53.1605 158.0357 0001164  78.9030 281.2103 15.31713089288247
STARLINK-2155           
1 48557U 21041E   26220.16598716  .00000464  00000+0  26721-4 0  9997
2 48557  53.1599 141.9898 0001506  90.5712 269.5462 15.31702453288484
STARLINK-2166           
1 48558U 21041F   26220.16132908  .00002397  00000+0  89006-4 0  9997
2 48558  53.1603 141.9995 0001415  90.2823 269.8341 15.31691059287621
STARLINK-2187           
1 48562U 21041K   26220.41121817  .00074711  00000+0  47969-3 0  9997
2 48562  53.1503 118.6940 0002099 128.5681 231.5528 15.75596472288830
STARLINK-2188           
1 48563U 21041L   26220.47358392  .00003498  00000+0  12442-3 0  9996
2 48563  53.1598 140.4316 0001267  96.0980 264.0166 15.31700209288535
STARLINK-2190           
1 48564U 21041M   26220.07275488  .00000031  00000+0  12762-4 0  9993
2 48564  53.1615 142.2770 0001334  93.7994 266.3160 15.31711111288470
STARLINK-2214           
1 48566U 21041P   26220.13434475  .00003395  00000+0  12107-3 0  9993
2 48566  53.1582 164.1929 0001633 111.3522 248.7654 15.31713808288152
STARLINK-2217           
1 48568U 21041R   26220.48294510  .00000160  00000+0  16915-4 0  9996
2 48568  53.1588 140.8005 0000904  99.3740 260.7363 15.31694636288522
STARLINK-2219           
1 48569U 21041S   26220.07742149  .00005014  00000+0  17324-3 0  9995
2 48569  53.1589 142.2643 0001183  98.5103 261.6033 15.31699662288474
STARLINK-2221           
1 48571U 21041U   26220.09513200  .00006406  00000+0  21799-3 0  9991
2 48571  53.1596 155.0216 0001411  88.5062 271.6101 15.31706211288296
STARLINK-2222           
1 48572U 21041V   26220.11103839  .00003547  00000+0  12601-3 0  9993
2 48572  53.1589 164.3083 0001323  80.9593 279.1558 15.31704751288152
STARLINK-2224           
1 48573U 21041W   26220.17536917 -.00002206  00000+0 -59364-4 0  9998
2 48573  53.1598 142.4623 0001074  78.2953 281.8169 15.31692122288474
STARLINK-2225           
1 48574U 21041X   26220.10856721  .00004541  00000+0  15803-3 0  9991
2 48574  53.1600 116.3790 0001276  83.6806 276.4341 15.31698038288839
STARLINK-2227           
1 48575U 21041Y   26219.95636242  .00003871  00000+0  13646-3 0  9995
2 48575  53.1609 104.3333 0001286  85.9922 274.1226 15.31696637289004
STARLINK-2228           
1 48576U 21041Z   26220.09925959  .00003120  00000+0  11232-3 0  9995
2 48576  53.1594 116.5111 0001463  89.3551 270.7619 15.31689991288844
STARLINK-2231           
1 48577U 21041AA  26220.05879656  .00004961  00000+0  17148-3 0  9990
2 48577  53.1589 142.5457 0001233  84.1178 275.9964 15.31706502288460
STARLINK-2232           
1 48578U 21041AB  26220.47824360  .00007049  00000+0  23862-3 0  9999
2 48578  53.1584 140.4239 0001237  98.9020 261.2121 15.31709027288530
STARLINK-2234           
1 48580U 21041AD  26220.18779498  .00002272  00000+0  84983-4 0  9996
2 48580  53.1600 116.0469 0001223  83.2041 276.9099 15.31689537288856
STARLINK-2235           
1 48581U 21041AE  26220.44983715 -.00001259  00000+0 -28803-4 0  9990
2 48581  53.1608 117.6632 0001434  89.4645 270.6521 15.31692232288842
STARLINK-2236           
1 48582U 21041AF  26220.50004630  .00229360  00000+0  24172-2 0  9994
2 48582  53.0522 110.9747 0000868 122.9861  74.4620 15.63000551  5909
STARLINK-2237           
1 48583U 21041AG  26220.12503319  .00002748  00000+0  10029-3 0  9997
2 48583  53.1597 164.3156 0001330  73.5630 286.5518 15.31700596288153
STARLINK-2241           
1 48586U 21041AK  26220.35806031  .00004604  00000+0  16002-3 0  9992
2 48586  53.1581 163.1648 0001164  83.2512 276.8622 15.31705057288182
STARLINK-2245           
1 48589U 21041AN  26220.17063646  .00001749  00000+0  68123-4 0  9991
2 48589  53.1593 141.8963 0000929  84.2567 275.8541 15.31693485288483
STARLINK-2250           
1 48593U 21041AS  26220.09051339  .00002412  00000+0  89482-4 0  9992
2 48593  53.1603 155.3974 0001475  73.2876 286.8287 15.31696195288288
STARLINK-2251           
1 48594U 21041AT  26220.47966858 -.00001755  00000+0 -48494-4 0  9995
2 48594  53.1611 129.3889 0001311  89.0605 271.0546 15.29360849288687
STARLINK-2252           
1 48595U 21041AU  26220.12035199  .00001540  00000+0  61384-4 0  9996
2 48595  53.1606 164.2509 0001357  81.1312 278.9843 15.31700269289423
STARLINK-2253           
1 48596U 21041AV  26220.12308753  .00009087  00000+0  30406-3 0  9990
2 48596  53.1590 154.8795 0001299  94.0625 266.0525 15.31718291288757
STARLINK-2255           
1 48597U 21041AW  26220.12775040  .00004150  00000+0  14542-3 0  9997
2 48597  53.1590 154.8280 0001191  96.9201 263.1936 15.31699843289564
STARLINK-2713           
1 48602U 21041BB  26220.44752889  .00005576  00000+0  19122-3 0  9997
2 48602  53.1586 127.6538 0001385  89.8239 270.2921 15.31717122289965
STARLINK-2714           
1 48603U 21041BC  26220.16379476  .00003294  00000+0  11792-3 0  9994
2 48603  53.1603 130.6159 0001460 100.3015 259.8151 15.31686637289890
STARLINK-2757           
1 48604U 21041BD  26220.12968101  .00001738  00000+0  67777-4 0  9996
2 48604  53.1596 164.2293 0001246  93.4645 266.6499 15.31697255289425
STARLINK-2739           
1 48639U 21044B   26220.23780609 -.00004873  00000+0 -14535-3 0  9992
2 48639  53.1583 128.6474 0001150 102.3249 257.7881 15.31706460287049
STARLINK-2736           
1 48640U 21044C   26220.07001603  .00002567  00000+0  94469-4 0  9997
2 48640  53.1600 129.3987 0001323  88.6647 271.4506 15.31695107287017
STARLINK-2754           
1 48641U 21044D   26220.02774923  .00005555  00000+0  19056-3 0  9993
2 48641  53.1607 129.8651 0001529  70.0446 290.0720 15.31714510287013
STARLINK-2646           
1 48642U 21044E   26220.02806608  .00004404  00000+0  15349-3 0  9993
2 48642  53.1594 129.7133 0001210  91.7358 268.3782 15.31720729287017
STARLINK-2704           
1 48643U 21044F   26220.46118697  .00004806  00000+0  16649-3 0  9996
2 48643  53.1586 127.6321 0001380  82.7117 277.4041 15.31706668287088
STARLINK-2695           
1 48644U 21044G   26220.01844492  .00003576  00000+0  12697-3 0  9999
2 48644  53.1609 129.8677 0001521  96.3868 263.7306 15.31697104287013
STARLINK-2732           
1 48646U 21044J   26220.45187752  .00004584  00000+0  15945-3 0  9997
2 48646  53.1587 127.6884 0001327  91.3962 268.7191 15.31687467287085
STARLINK-2521           
1 48648U 21044L   26220.45654713  .00005203  00000+0  17928-3 0  9997
2 48648  53.1578 127.7810 0001100 101.3053 258.8072 15.31703719287086
STARLINK-2673           
1 48649U 21044M   26220.04638452  .00005540  00000+0  19017-3 0  9990
2 48649  53.1586 129.5092 0001002 101.8179 258.2935 15.31697848287013
STARLINK-2672           
1 48650U 21044N   26220.44722569  .00003416  00000+0  12180-3 0  9993
2 48650  53.1585 127.7748 0001229  92.0932 268.0210 15.31696389287071
STARLINK-2731           
1 48651U 21044P   26220.44255922  .00002864  00000+0  10403-3 0  9990
2 48651  53.1602 127.7908 0001141 102.0464 258.0666 15.31699550287072
STARLINK-2727           
1 48652U 21044Q   26220.50004630  .00236171  32621-4  62555-3 0  9990
2 48652  53.0373  86.4562 0003749 185.4179 354.9688 15.94250484  5951
STARLINK-2720           
1 48653U 21044R   26220.23281247  .00006197  00000+0  21125-3 0  9994
2 48653  53.1593 128.6939 0001039  96.0508 264.0611 15.31704960287040
STARLINK-2657           
1 48655U 21044T   26220.04174721  .00009252  00000+0  30949-3 0  9992
2 48655  53.1592 129.7038 0001031  97.2912 262.8207 15.31704923287010
STARLINK-2701           
1 48656U 21044U   26220.47982910  .00002392  00000+0  88789-4 0  9991
2 48656  53.1596 127.5119 0001342  85.9938 274.1217 15.31714222287085
STARLINK-2734           
1 48657U 21044V   26220.16289889 -.00005376  00000+0 -16142-3 0  9993
2 48657  53.1612 129.1050 0001345  84.8842 275.2313 15.31730083287039
STARLINK-2647           
1 48658U 21044W   26220.46592925  .00002408  00000+0  89333-4 0  9999
2 48658  53.1585 128.2159 0001126  90.7698 269.3432 15.31698052287070
STARLINK-2717           
1 48659U 21044X   26220.47050447  .00004279  00000+0  14956-3 0  9995
2 48659  53.1596 127.5744 0001417  83.6386 276.4777 15.31705190287087
STARLINK-2726           
1 48662U 21044AA  26220.17311174  .00005156  00000+0  17783-3 0  9999
2 48662  53.1582 130.5196 0001241  97.5458 262.5684 15.31696771287009
STARLINK-2667           
1 48663U 21044AB  26220.00709063  .00005995  00000+0  20477-3 0  9995
2 48663  53.1581 119.7708 0001120  88.7491 271.3638 15.31701893287157
STARLINK-2666           
1 48666U 21044AE  26220.47604889  .00008319  00000+0  27933-3 0  9996
2 48666  53.1611 129.1977 0001402  82.6807 277.4354 15.31724132287045
STARLINK-2735           
1 48667U 21044AF  26220.48536684  .00004269  00000+0  14923-3 0  9990
2 48667  53.1601 129.0622 0001276  88.0534 272.0614 15.31703108287058
STARLINK-2738           
1 48668U 21044AG  26220.13293568  .00006539  00000+0  22229-3 0  9994
2 48668  53.1587 119.2377 0001169  85.8653 274.2483 15.31702499287171
STARLINK-2707           
1 48669U 21044AH  26220.14228266  .00007980  00000+0  26863-3 0  9998
2 48669  53.1601 119.3247 0001267  89.5710 270.5437 15.31699918287168
STARLINK-2763           
1 48670U 21044AJ  26220.41262051  .00004834  00000+0  16742-3 0  9990
2 48670  53.1602 118.1908 0001150  87.0986 273.0147 15.31704537287206
STARLINK-2745           
1 48671U 21044AK  26220.48072025  .00001121  00000+0  47910-4 0  9996
2 48671  53.1612 129.2066 0001407  89.7019 270.4144 15.31690887287049
STARLINK-2705           
1 48672U 21044AL  26220.41730054  .00003348  00000+0  11962-3 0  9993
2 48672  53.1610 118.2845 0001215  97.8480 262.2659 15.31693640287208
STARLINK-2711           
1 48673U 21044AM  26220.14047477  .00001807  00000+0  70004-4 0  9995
2 48673  53.1600 130.6708 0001259  93.2983 266.8162 15.31690462286993
STARLINK-2712           
1 48674U 21044AN  26220.14511247  .00006295  00000+0  21429-3 0  9999
2 48674  53.1611 130.7734 0001467  98.5683 261.5484 15.31726248286993
STARLINK-2746           
1 48676U 21044AQ  26220.45274574  .00007382  00000+0  24926-3 0  9997
2 48676  53.1585 129.2122 0001243  88.9896 271.1248 15.31720777287043
STARLINK-2615           
1 48678U 21044AS  26220.14689541  .00001758  00000+0  68382-4 0  9995
2 48678  53.1601 119.0175 0001282  89.2824 270.8325 15.31703694287172
STARLINK-2648           
1 48679U 21044AT  26220.44342866  .00003227  00000+0  11569-3 0  9992
2 48679  53.1598 129.2726 0001418  78.5895 281.5266 15.31701705287043
STARLINK-2725           
1 48681U 21044AV  26220.03257431  .00004592  00000+0  15968-3 0  9996
2 48681  53.1589  91.3760 0001343  79.2774 280.8379 15.31694971287542
STARLINK-2743           
1 48682U 21044AW  26220.30477824  .00000311  00000+0  21796-4 0  9999
2 48682  53.1603  79.4933 0001269  80.1953 279.9192 15.31704793287733
STARLINK-2756           
1 48683U 21044AX  26220.03448359  .00003343  00000+0  11943-3 0  9991
2 48683  53.1598  80.9428 0000913  95.5602 264.5503 15.31699256287697
STARLINK-2741           
1 48684U 21044AY  26219.92567289  .00004308  00000+0  15051-3 0  9998
2 48684  53.1604  94.1676 0001249  77.6414 282.4727 15.31702527287506
STARLINK-2751           
1 48685U 21044AZ  26220.10433861 -.00005064  00000+0 -15158-3 0  9999
2 48685  53.1585  80.3322 0001242  85.8683 274.2460 15.31691964287710
STARLINK-2629           
1 48686U 21044BA  26220.35845045  .00004014  00000+0  14105-3 0  9991
2 48686  53.1602  89.6125 0001162 109.5717 250.5410 15.31701062287596
STARLINK-2627           
1 48687U 21044BB  26220.32341656  .00000763  00000+0  36368-4 0  9991
2 48687  53.1607  79.3759 0001411  97.3676 262.7486 15.31700598287733
STARLINK-2742           
1 48688U 21044BC  26220.34674734  .00000977  00000+0  43254-4 0  9999
2 48688  53.1604  79.4791 0001289  80.7165 279.3982 15.31703807287731
STARLINK-2740           
1 48690U 21044BE  26220.33082134  .00002702  00000+0  98804-4 0  9997
2 48690  53.1598  89.6930 0001074  91.8593 268.2531 15.31693873287596
STARLINK-2750           
1 48691U 21044BF  26220.34446764  .00002936  00000+0  10637-3 0  9998
2 48691  53.1585  89.6081 0001200  99.3548 260.7589 15.31693903287598
STARLINK-2752           
1 48692U 21044BG  26220.36306971  .00003908  00000+0  13768-3 0  9994
2 48692  53.1599  89.3179 0001485  85.2964 274.8207 15.31691938287601
STARLINK-2618           
1 48693U 21044BH  26220.35408477 -.00008560  00000+0 -26425-3 0  9993
2 48693  53.1585  89.4982 0001199  68.4274 291.6855 15.31718552287607
STARLINK-2748           
1 48694U 21044BJ  26220.01895779 -.00000773  00000+0 -13127-4 0  9996
2 48694  53.1593  94.3012 0001844 130.2123 229.9041 15.31712142287503
STARLINK-2616           
1 48695U 21044BK  26220.35478242  .00002393  00000+0  88850-4 0  9999
2 48695  53.1587  92.0446 0001322  86.5683 273.5469 15.31703685287576
STARLINK-2753           
1 48696U 21044BL  26220.40384800  .00003254  00000+0  11660-3 0  9993
2 48696  53.1599 102.6188 0001334  89.4523 270.6631 15.31697801287424
STARLINK-3005           
1 48881U 21059C   26220.31634206 -.00002317  00000+0 -17608-3 0  9992
2 48881  97.3463 343.2739 0004358 137.9183 222.2378 15.01271070281557
STARLINK-3090           
1 49132U 21082C   26220.51777667  .00000162  00000+0  21384-4 0  9990
2 49132  69.9981 271.5174 0003666 270.1892  89.8847 14.98331456268723
STARLINK-3077           
1 49133U 21082D   26220.53447664 -.00000326  00000+0 -19484-4 0  9996
2 49133  69.9986 271.6024 0003583 267.8469  92.2280 14.98328586268724
STARLINK-3078           
1 49134U 21082E   26220.53030523 -.00000403  00000+0 -25946-4 0  9995
2 49134  69.9987 271.6161 0003608 268.7541  91.3205 14.98327545269921
STARLINK-3073           
1 49135U 21082F   26220.43385325  .00002386  00000+0  20759-3 0  9994
2 49135  69.9984 231.8371 0003581 269.1028  90.9721 14.98346451269706
STARLINK-3055           
1 49137U 21082H   26220.50783838 -.00001467  00000+0 -11768-3 0  9996
2 49137  69.9980 252.9358 0003645 268.0596  92.0146 14.97515250269182
STARLINK-3058           
1 49138U 21082J   26220.52613009 -.00000962  00000+0 -72850-4 0  9990
2 49138  69.9993 271.6301 0003472 266.2459  93.8303 14.98334580268728
STARLINK-3057           
1 49139U 21082K   26220.50004630  .00066946  00000+0  19395-2 0  9998
2 49139  69.9988 226.1436 0003004 272.2784  97.0350 15.35213313  5871
STARLINK-3093           
1 49141U 21082M   26220.52196014 -.00000028  00000+0  54586-5 0  9995
2 49141  69.9984 271.6439 0003527 270.5069  89.5686 14.98329042269926
STARLINK-3109           
1 49143U 21082P   26220.50377862  .00000217  00000+0  26509-4 0  9999
2 49143  69.9977 252.9497 0003606 269.4424  90.6322 14.97522652270299
STARLINK-3100           
1 49144U 21082Q   26220.51361727  .00000236  00000+0  27618-4 0  9997
2 49144  69.9984 271.6444 0003687 270.1066  89.9671 14.98329046268724
STARLINK-3119           
1 49145U 21082R   26220.46307935  .00002360  00000+0  20556-3 0  9996
2 49145  69.9989 231.7636 0003770 263.6097  96.4633 14.98316977269691
STARLINK-3116           
1 49146U 21082S   26220.49960220 -.00002582  00000+0 -21309-3 0  9997
2 49146  69.9975 252.9632 0003859 268.5431  91.5285 14.97521873270336
STARLINK-3071           
1 49147U 21082T   26220.40883079 -.00002425  00000+0 -19541-3 0  9996
2 49147  69.9981 231.9175 0003576 267.3155  92.7595 14.98344593269696
STARLINK-3048           
1 49148U 21082U   26220.49126727  .00000381  00000+0  40558-4 0  9996
2 49148  69.9976 252.9631 0003653 271.2577  88.8163 14.97514601269177
STARLINK-3102           
1 49151U 21082X   26220.45473823  .00000906  00000+0  83726-4 0  9995
2 49151  69.9986 231.7933 0003714 264.8035  95.2700 14.98321538270893
STARLINK-3072           
1 49153U 21082Z   26220.44639433  .00000448  00000+0  45377-4 0  9998
2 49153  69.9978 231.8224 0003524 266.0022  94.0735 14.98325757270903
STARLINK-3068           
1 49154U 21082AA  26220.48708450 -.00000361  00000+0 -22987-4 0  9997
2 49154  69.9983 252.9772 0003305 263.4805  96.5977 14.97517664270251
STARLINK-3060           
1 49155U 21082AB  26220.44220281  .00001138  00000+0  10312-3 0  9994
2 49155  69.9981 231.8251 0003832 267.6448  92.4272 14.98339723270771
STARLINK-3085           
1 49156U 21082AC  26220.42135205 -.00000030  00000+0  52662-5 0  9991
2 49156  69.9976 231.8768 0003994 266.1871  93.8831 14.98329803270776
STARLINK-3051           
1 49157U 21082AD  26220.49947050  .00002807  00000+0  19623-3 0  9999
2 49157  69.9959 244.6931 0004120 333.7889  26.3065 15.06519499270484
STARLINK-3083           
1 49158U 21082AE  26220.38555647  .00093144  69637-5  33997-3 0  9996
2 49158  69.9566 103.2552 0007714 216.5265 143.5415 15.88381314273933
STARLINK-3056           
1 49159U 21082AF  26220.50110478  .00000259  00000+0  29537-4 0  9994
2 49159  69.9985 271.6856 0003365 269.7850  90.2923 14.98327012269813
STARLINK-3095           
1 49160U 21082AG  26220.48858282  .00000205  00000+0  25024-4 0  9993
2 49160  69.9984 271.6994 0003782 267.9688  92.1038 14.98327406269780
STARLINK-3080           
1 49161U 21082AH  26220.49275550  .00000227  00000+0  26822-4 0  9997
2 49161  69.9986 271.6856 0003657 269.5738  90.5002 14.98328057269792
STARLINK-3088           
1 49163U 21082AK  26220.47455851  .00000267  00000+0  30775-4 0  9997
2 49163  69.9977 253.0193 0003466 263.7252  96.3512 14.97519953270335
STARLINK-3106           
1 49164U 21082AL  26220.51755106  .00000298  00000+0  32745-4 0  9992
2 49164  69.9976 251.6395 0003827 264.7312  95.3410 14.98330579270378
STARLINK-3052           
1 49165U 21082AM  26220.48440601  .00000103  00000+0  16448-4 0  9997
2 49165  69.9985 271.7416 0003756 266.8536  93.2194 14.98330315269910
STARLINK-3089           
1 49166U 21082AN  26220.47037331 -.00004507  00000+0 -37780-3 0  9994
2 49166  69.9976 253.0319 0003436 263.2905  96.7863 14.97546025270371
STARLINK-3054           
1 49167U 21082AP  26220.47605983 -.00000120  00000+0 -22725-5 0  9991
2 49167  69.9985 271.7427 0003807 267.2155  92.8569 14.98329250269910
STARLINK-3046           
1 49169U 21082AR  26220.51338720  .00000122  00000+0  18069-4 0  9995
2 49169  69.9978 251.6632 0003775 268.9129  91.1598 14.98327508269213
STARLINK-3107           
1 49171U 21082AT  26220.51255394  .00005217  00000+0  27316-3 0  9997
2 49171  69.9935 255.8170 0004875 332.3891  27.7018 15.16428105270272
STARLINK-3045           
1 49173U 21082AV  26220.50086560 -.00000748  00000+0 -54902-4 0  9993
2 49173  69.9976 251.6751 0003254 263.4908  96.5881 14.98332784269211
STARLINK-3087           
1 49175U 21082AX  26220.50033729  .00000350  00000+0  37862-4 0  9997
2 49175  69.9978 253.0906 0003942 272.5785  87.4923 14.97519454269172
STARLINK-3069           
1 49176U 21082AY  26220.50004630  .01323779  00000+0  15706-1 0  9991
2 49176  70.0000 225.0112 0003704 270.9224 242.6519 15.58324013  5892
STARLINK-3103           
1 49177U 21082AZ  26220.40466274 -.00000126  00000+0 -27650-5 0  9991
2 49177  69.9999 231.9322 0003477 251.9214 108.1566 14.98328719270882
STARLINK-3086           
1 49178U 21082BA  26220.49692441 -.00002053  00000+0 -16432-3 0  9993
2 49178  69.9984 271.6836 0003383 267.9538  92.1234 14.98333735269875
STARLINK-3043           
1 49179U 21082BB  26220.45890826  .00000319  00000+0  34574-4 0  9996
2 49179  69.9977 231.7778 0003776 267.5703  92.5024 14.98329405269696
STARLINK-3059           
1 49181U 21082BD  26220.48023444 -.00000163  00000+0 -58704-5 0  9997
2 49181  69.9986 271.7401 0003748 269.5998  90.4731 14.98329044269908
STARLINK-3075           
1 49409U 21104B   26220.39500426 -.00000139  00000+0  71023-5 0  9996
2 49409  53.1598 261.1521 0001142  77.1815 282.9315 15.33550752261638
STARLINK-3147           
1 49410U 21104C   26220.41995564 -.00000101  00000+0  85099-5 0  9999
2 49410  53.1593 261.3866 0001250  73.4913 286.6226 15.31700809261626
STARLINK-3162           
1 49411U 21104D   26220.43330066  .00000094  00000+0  13606-4 0  9996
2 49411  53.1599 253.6344 0001223  80.3112 279.8029 15.35402253261739
STARLINK-3157           
1 49413U 21104F   26220.49483759 -.00000338  00000+0  10461-5 0  9991
2 49413  53.1587 252.6473 0001161  78.4038 281.7094 15.33550981261752
STARLINK-3146           
1 49414U 21104G   26220.43547469 -.00000792  00000+0 -12763-4 0  9996
2 49414  53.1592 262.9194 0001174  85.7736 274.3401 15.33550638261606
STARLINK-3159           
1 49415U 21104H   26220.47000235 -.00069519  00000+0 -20458-2 0  9996
2 49415  53.1595 252.5323 0001524  75.8405 284.2766 15.34697524261747
STARLINK-3133           
1 49416U 21104J   26220.47367613  .00000948  00000+0  38060-4 0  9992
2 49416  53.1599 262.5237 0001045  72.1189 287.9928 15.35405274261610
STARLINK-3154           
1 49417U 21104K   26220.39710924  .00000890  00000+0  38372-4 0  9993
2 49417  53.1610 253.5398 0000999  90.7442 269.3675 15.33548730261726
STARLINK-3111           
1 49418U 21104L   26220.36121250  .00000008  00000+0  11589-4 0  9991
2 49418  53.1592 263.2825 0001174  78.9064 281.2070 15.33545887261589
STARLINK-3120           
1 49419U 21104M   26220.48243135  .00000643  00000+0  29331-4 0  9991
2 49419  53.1608 263.4406 0001083  49.8191 310.2906 15.35406112261593
STARLINK-3110           
1 49420U 21104N   26220.44046201 -.00001009  00000+0 -18019-4 0  9994
2 49420  53.1592 260.9971 0001444  74.0823 286.0339 15.35405552261620
STARLINK-3112           
1 49421U 21104P   26220.38732622  .00000286  00000+0  20973-4 0  9993
2 49421  53.1584 261.5374 0001126  80.9853 279.1275 15.31703006261614
STARLINK-3161           
1 49422U 21104Q   26220.44216620  .00000183  00000+0  16145-4 0  9998
2 49422  53.1596 263.1501 0001100  89.3078 270.8051 15.35394366261598
STARLINK-3135           
1 49424U 21104S   26220.43598721 -.00001164  00000+0 -24048-4 0  9997
2 49424  53.1593 263.1946 0001173  61.9117 298.2004 15.33553581261596
STARLINK-3139           
1 49425U 21104T   26220.37801073  .00000020  00000+0  12409-4 0  9994
2 49425  53.1591 261.5955 0001311  79.7042 280.4107 15.31698949261622
STARLINK-3114           
1 49426U 21104U   26220.38180830 -.00064375  00000+0 -18917-2 0  9990
2 49426  53.1595 262.9399 0001359  91.2901 268.8257 15.34707373261596
STARLINK-3131           
1 49427U 21104V   26220.43859804  .00000071  00000+0  14048-4 0  9995
2 49427  53.1586 261.3016 0000897   7.4318 352.6696 15.31699412261638
STARLINK-3121           
1 49428U 21104W   26220.40886297  .00010676  00000+0  58152-3 0  9994
2 49428  53.1605 266.1483 0001994  41.7828 318.3318 15.14935450261566
STARLINK-3138           
1 49430U 21104Y   26220.43222282  .00000122  00000+0  14754-4 0  9994
2 49430  53.1587 262.6983 0001014  76.0079 284.1036 15.34387090261612
STARLINK-3153           
1 49431U 21104Z   26220.39439867 -.00000249  00000+0  37746-5 0  9997
2 49431  53.1600 262.8867 0001194  81.5343 278.5795 15.34391918261608
STARLINK-3158           
1 49432U 21104AA  26220.36649250  .00001161  00000+0  49157-4 0  9995
2 49432  53.1583 252.6754 0000993  65.5375 294.5730 15.31708818261744
STARLINK-3079           
1 49433U 21104AB  26220.38883564  .00000379  00000+0  41888-4 0  9999
2 49433  53.1588 247.7146 0001135  76.0232 284.0886 15.08830885262907
STARLINK-3134           
1 49434U 21104AC  26220.44932878  .00007367  00000+0  45385-3 0  9999
2 49434  53.2148 267.4625 0001465  21.9429 338.1627 15.10940701262631
STARLINK-3117           
1 49435U 21104AD  26220.39347696  .00004675  00000+0  31160-3 0  9997
2 49435  53.1587 247.6935 0001250  79.3128 280.8005 15.08838754261810
STARLINK-3049           
1 49436U 21104AE  26220.39250226  .00000189  00000+0  29981-4 0  9995
2 49436  53.1589 247.6982 0001023  76.1877 283.9228 15.08828205261810
STARLINK-3130           
1 49437U 21104AF  26220.33772689  .00001030  00000+0  42646-4 0  9991
2 49437  53.1599 239.7302 0001104  78.7747 281.3380 15.33551293261925
STARLINK-3044           
1 49438U 21104AG  26220.37504385 -.00000714  00000+0 -26805-4 0  9991
2 49438  53.1585 247.7096 0000909  69.9335 290.1754 15.08828191261814
STARLINK-3105           
1 49440U 21104AJ  26220.31152796 -.00003455  00000+0 -19917-3 0  9993
2 49440  53.1585 248.0623 0000965  91.6322 268.4780 15.08828524261803
STARLINK-3128           
1 49441U 21104AK  26220.38748576  .00001299  00000+0  49576-4 0  9995
2 49441  53.1593 239.6075 0001184  84.8174 275.2963 15.34392645261935
STARLINK-3098           
1 49442U 21104AL  26220.33666071  .00004223  00000+0  13567-3 0  9990
2 49442  53.1582 239.1357 0001203  74.2986 285.8149 15.34486195261935
STARLINK-3136           
1 49443U 21104AM  26220.34724278  .00009066  00000+0  53262-3 0  9992
2 49443  53.2139 246.8199 0001052  21.9305 338.1733 15.12396118261831
STARLINK-3126           
1 49444U 21104AN  26220.43760830  .00000048  00000+0  21113-4 0  9999
2 49444  53.1586 247.5059 0001061  80.1975 279.9136 15.08832476261825
STARLINK-3122           
1 49445U 21104AP  26220.41717616 -.00000207  00000+0  50236-5 0  9999
2 49445  53.1585 253.0256 0001181  84.3509 275.7628 15.33544266261744
STARLINK-3099           
1 49446U 21104AQ  26220.50004630  .00049814  00000+0  17283-2 0  9993
2 49446  53.1596 246.1096 0001466  63.7554 151.6699 15.29331819  5849
STARLINK-3115           
1 49447U 21104AR  26220.35249481  .00000126  00000+0  15831-4 0  9994
2 49447  53.1588 252.7176 0001185  79.8523 280.2612 15.31700051261743
STARLINK-3137           
1 49449U 21104AT  26220.18556350  .00033470  00000+0  47180-3 0  9992
2 49449  53.2095 203.5212 0004771  54.6609 305.4849 15.56320740262433
STARLINK-3127           
1 49450U 21104AU  26220.40486163  .00000426  00000+0  23128-4 0  9995
2 49450  53.1591 253.6940 0001208  81.8716 278.2424 15.35396473261991
STARLINK-3125           
1 49451U 21104AV  26220.40687137 -.00000197  00000+0  53280-5 0  9999
2 49451  53.1597 253.1246 0001108  77.1939 282.9186 15.33544071261743
STARLINK-3150           
1 49452U 21104AW  26220.45969646  .00000668  00000+0  33272-4 0  9993
2 49452  53.1594 252.1906 0001109  79.7169 280.3958 15.31699551261760
STARLINK-3129           
1 49453U 21104AX  26220.39371403  .00000135  00000+0  16113-4 0  9999
2 49453  53.1599 249.6155 0001220  90.8072 269.3070 15.31699563261792
STARLINK-3160           
1 49454U 21104AY  26220.37541045 -.00001949  00000+0 -46586-4 0  9992
2 49454  53.1599 252.9657 0001228  75.6113 284.5025 15.34390700261740
STARLINK-3145           
1 49455U 21104AZ  26220.36071176  .00001284  00000+0  49144-4 0  9998
2 49455  53.1592 253.0362 0001137  76.9883 283.1246 15.34384065261743
STARLINK-3124           
1 49456U 21104BA  26220.38791551  .00000889  00000+0  38359-4 0  9993
2 49456  53.1599 253.1236 0000984  67.0832 293.0274 15.33548717261742
STARLINK-3132           
1 49457U 21104BB  26220.45503177  .00000068  00000+0  13961-4 0  9998
2 49457  53.1592 252.2498 0001149  79.3530 280.7600 15.31703289261753
STARLINK-3156           
1 49458U 21104BC  26220.38369919 -.00002691  00000+0 -70513-4 0  9997
2 49458  53.1604 253.1388 0001238  87.2411 272.8733 15.33547131261743
STARLINK-3141           
1 49459U 21104BD  26220.50004630  .00043498  00000+0  12519-2 0  9996
2 49459  53.1604 253.7751 0001359  80.4700  20.2315 15.35370712  5809
STARLINK-3140           
1 49460U 21104BE  26220.37282422  .00000104  00000+0  13883-4 0  9994
2 49460  53.1595 253.2275 0001195  73.7072 286.4062 15.35401665261734
STARLINK-3219           
1 49724U 21115A   26220.17165453  .00001558  00000+0  61968-4 0  9992
2 49724  53.1601 181.4938 0001393  81.3153 278.8006 15.31698189258507
STARLINK-3218           
1 49725U 21115B   26220.22103988  .00000046  00000+0  12230-4 0  9993
2 49725  53.1618 184.2478 0001292  90.1380 269.9771 15.35397596258472
STARLINK-3242           
1 49727U 21115D   26220.21677894  .00001903  00000+0  65425-4 0  9993
2 49727  53.1602 192.4892 0001193  87.6785 272.4355 15.35407556258350
STARLINK-3240           
1 49728U 21115E   26220.21370665  .00001110  00000+0  43999-4 0  9992
2 49728  53.1597 191.7268 0001093  86.0568 274.0560 15.34391543258368
STARLINK-3251           
1 49729U 21115F   26220.23520020 -.00001240  00000+0 -28214-4 0  9996
2 49729  53.1601 193.2322 0001200  87.8837 272.2302 15.31691323258349
STARLINK-3249           
1 49730U 21115G   26220.20655493 -.00000377  00000+0  89322-7 0  9997
2 49730  53.1604 192.2645 0001176  78.2042 281.9093 15.35402254258357
STARLINK-3246           
1 49732U 21115J   26220.18858914 -.00000668  00000+0 -97736-5 0  9999
2 49732  53.1611 193.4517 0001293  93.8147 266.3002 15.31701793258338
STARLINK-3252           
1 49733U 21115K   26220.18394088  .00002430  00000+0  89989-4 0  9994
2 49733  53.1585 193.5002 0001291  92.2134 267.9015 15.31715594258331
STARLINK-3238           
1 49734U 21115L   26220.21827394 -.00003283  00000+0 -94067-4 0  9992
2 49734  53.1592 181.4284 0001325  91.8403 268.2750 15.31705666258508
STARLINK-3113           
1 49735U 21115M   26220.23682237  .00000139  00000+0  15258-4 0  9990
2 49735  53.1602 191.6758 0001290  90.0277 270.0873 15.34388041258369
STARLINK-3148           
1 49736U 21115N   26220.20100702  .00000157  00000+0  15420-4 0  9991
2 49736  53.1619 184.0229 0001308  92.2844 267.8309 15.35394240258470
STARLINK-3225           
1 49737U 21115P   26220.50004630  .00015789  00000+0  83250-3 0  9990
2 49737  53.1587 187.0589 0000503 126.1343 348.1367 15.15741480  5538
STARLINK-3143           
1 49738U 21115Q   26220.17166495  .00011215  00000+0  65106-3 0  9992
2 49738  53.2130 187.7183 0001780  43.5644 316.5490 15.12596248258426
STARLINK-3155           
1 49739U 21115R   26220.18969478  .00002342  00000+0  77958-4 0  9996
2 49739  53.1618 194.1252 0001220  78.4295 281.6845 15.35423572258323
STARLINK-3226           
1 49740U 21115S   26220.35808911 -.00000275  00000+0  29013-5 0  9995
2 49740  53.1591 180.6152 0001258  86.0308 274.0837 15.31695685258537
STARLINK-3244           
1 49741U 21115T   26220.15766931  .00000076  00000+0  14205-4 0  9993
2 49741  53.1600 181.5763 0001403  86.7512 273.3650 15.31698994258501
STARLINK-3202           
1 49742U 21115U   26220.16676316 -.00000416  00000+0 -10048-5 0  9994
2 49742  53.1625 184.2843 0001142  91.4321 268.6813 15.35408763258469
STARLINK-3239           
1 49743U 21115V   26220.10174764  .00000018  00000+0  12361-4 0  9994
2 49743  53.1595 181.8982 0001286  77.0674 283.0471 15.31701960258498
STARLINK-3231           
1 49744U 21115W   26220.17630957  .00000184  00000+0  17696-4 0  9993
2 49744  53.1600 181.4572 0001190  93.5031 266.6107 15.31702277258508
STARLINK-3241           
1 49745U 21115X   26220.18565815 -.00000028  00000+0  10865-4 0  9994
2 49745  53.1602 181.6300 0001185  94.7447 265.3690 15.31703436258501
STARLINK-3233           
1 49746U 21115Y   26220.50004630  .00011786  00000+0  63525-3 0  9996
2 49746  53.1598 187.0846 0001836  37.6491 204.4469 15.15211720  5835
STARLINK-3247           
1 49747U 21115Z   26220.50004630 -.00023513  00000+0 -13148-2 0  9995
2 49747  53.1595 187.1348 0001584  65.8439 209.6451 15.12709118  5788
STARLINK-3248           
1 49748U 21115AA  26220.50004630  .00017681  00000+0  10389-2 0  9997
2 49748  53.1594 186.7677 0002986  45.0482 318.4744 15.11780559  5830
STARLINK-3250           
1 49749U 21115AB  26220.19030604 -.00000499  00000+0 -43232-5 0  9990
2 49749  53.1602 181.5019 0001329  74.6787 285.4361 15.31705365258506
STARLINK-3236           
1 49750U 21115AC  26220.20430235  .00001319  00000+0  54274-4 0  9995
2 49750  53.1599 181.3925 0001167  98.0467 262.0667 15.31692815258507
STARLINK-3229           
1 49751U 21115AD  26220.50004630  .00020386  00000+0  11299-2 0  9998
2 49751  53.1593 187.0807 0000410 266.0083 317.6202 15.13790404  5780
STARLINK-3209           
1 49752U 21115AE  26220.19041948 -.00000618  00000+0 -71665-5 0  9991
2 49752  53.1617 171.8422 0001363  88.7649 271.3510 15.34385910258645
STARLINK-3200           
1 49753U 21115AF  26220.19527368  .00009631  00000+0  29546-3 0  9998
2 49753  53.1612 184.1856 0001482  99.3441 260.7729 15.34436488258471
STARLINK-3193           
1 49754U 21115AG  26220.35890193  .00000653  00000+0  31174-4 0  9992
2 49754  53.1606 171.5364 0001052  84.3659 275.7463 15.33551710258664
STARLINK-3210           
1 49755U 21115AH  26220.21922551 -.00000009  00000+0  10658-4 0  9992
2 49755  53.1624 184.2486 0001390  81.0657 279.0503 15.35393591258472
STARLINK-3207           
1 49756U 21115AJ  26220.14632443  .00001664  00000+0  60418-4 0  9999
2 49756  53.1625 172.1562 0001388  80.8867 279.2292 15.34381221258633
STARLINK-3197           
1 49757U 21115AK  26220.15647293  .00001349  00000+0  52349-4 0  9994
2 49757  53.1603 172.2982 0001251  89.3611 270.7534 15.33551896258638
STARLINK-3194           
1 49758U 21115AL  26220.14419417 -.00000228  00000+0  43908-5 0  9997
2 49758  53.1603 172.0633 0001196  86.9192 273.1948 15.34389512258636
STARLINK-3204           
1 49759U 21115AM  26220.15662323  .00000381  00000+0  21825-4 0  9997
2 49759  53.1613 172.2611 0001277  93.8692 266.2457 15.35403490258639
STARLINK-3199           
1 49760U 21115AN  26220.15049652 -.00000657  00000+0 -83111-5 0  9998
2 49760  53.1610 172.0247 0001029  87.0209 273.0911 15.34387127258644
STARLINK-3203           
1 49761U 21115AP  26220.14022050 -.00000143  00000+0  68091-5 0  9990
2 49761  53.1621 172.0820 0001444  82.0997 278.0170 15.35399922258632
STARLINK-3195           
1 49762U 21115AQ  26220.15681231  .00001556  00000+0  57181-4 0  9999
2 49762  53.1611 171.9859 0001329  89.5285 270.5870 15.34398743258640
STARLINK-3198           
1 49763U 21115AR  26220.15152738  .00001298  00000+0  53561-4 0  9996
2 49763  53.1622 175.5856 0001270  79.7422 280.3723 15.31705980258591
STARLINK-3227           
1 49765U 21115AT  26220.12694555 -.00001214  00000+0 -27346-4 0  9995
2 49765  53.1609 171.1455 0001311  80.2185 279.8965 15.31702038258653
STARLINK-3190           
1 49766U 21115AU  26220.16332204  .00001742  00000+0  60835-4 0  9994
2 49766  53.1622 172.6153 0001253  94.9069 265.2077 15.35404335258632
STARLINK-3192           
1 49767U 21115AV  26220.16310896  .00000953  00000+0  39341-4 0  9999
2 49767  53.1619 171.9837 0001421  86.9975 273.1191 15.34394163258646
STARLINK-3196           
1 49768U 21115AW  26220.17571681  .00000008  00000+0  11394-4 0  9991
2 49768  53.1626 171.9071 0001616  84.9929 275.1258 15.34385902258645
STARLINK-3208           
1 49769U 21115AX  26220.11426187  .00003463  00000+0  12333-3 0  9997
2 49769  53.1632 175.7802 0001215  65.8293 294.2836 15.31691531258586
STARLINK-3191           
1 49770U 21115AY  26220.18883729 -.00000821  00000+0 -14696-4 0  9997
2 49770  53.1619 175.4592 0001234  85.5192 274.5951 15.31695223259711
STARLINK-3201           
1 49771U 21115AZ  26220.14733981  .00000236  00000+0  17672-4 0  9993
2 49771  53.1619 172.3628 0001233  87.1169 272.9976 15.35400601258636
STARLINK-3297           
1 50159U 21125D   26220.42997072  .00000635  00000+0  30648-4 0  9991
2 50159  53.1604 293.1112 0001139  55.9449 304.1661 15.33548889259427
STARLINK-3304           
1 50161U 21125F   26220.43281176  .00000734  00000+0  31940-4 0  9992
2 50161  53.1609 293.0087 0001201  73.4975 286.6160 15.35405758259421
STARLINK-3306           
1 50163U 21125H   26220.49682942  .00058363  00000+0  36358-3 0  9994
2 50163  53.2126 253.3570 0004615  36.2211 323.9122 15.76376538259999
STARLINK-3298           
1 50165U 21125K   26220.52016358 -.00000371  00000+0  16328-6 0  9997
2 50165  53.1594 292.2941 0001357  85.9721 274.1436 15.34384064259497
STARLINK-3305           
1 50166U 21125L   26220.43909852 -.00000171  00000+0  62311-5 0  9998
2 50166  53.1593 282.2622 0000809  85.0060 275.1034 15.31701416259575
STARLINK-3271           
1 50167U 21125M   26220.50673729  .00000894  00000+0  36548-4 0  9991
2 50167  53.1615 293.6952 0001204  75.1267 284.9869 15.35385974259421
STARLINK-3301           
1 50169U 21125P   26220.46282241  .00000375  00000+0  21655-4 0  9990
2 50169  53.1604 279.2436 0001219  72.1408 287.9728 15.35402479259638
STARLINK-3245           
1 50170U 21125Q   26220.49503248 -.00000187  00000+0  57302-5 0  9999
2 50170  53.1592 282.0176 0001052  82.4744 277.6377 15.31696280259582
STARLINK-3286           
1 50171U 21125R   26220.43371069 -.00001386  00000+0 -32911-4 0  9999
2 50171  53.1603 279.3829 0000970  75.0782 285.0327 15.31692960259622
STARLINK-3287           
1 50172U 21125S   26220.50004630  .00010148  00000+0  30146-3 0  9996
2 50172  53.1605 284.4263 0000910  68.8815 190.0109 15.35396198  5838
STARLINK-3289           
1 50173U 21125T   26220.43970652  .00010196  00000+0  54294-3 0  9998
2 50173  53.2153 273.2912 0002395  34.3319 325.7830 15.15789653259728
STARLINK-3292           
1 50174U 21125U   26220.43440980 -.00000505  00000+0 -38190-5 0  9999
2 50174  53.1595 274.8786 0001143  82.4425 277.6707 15.34389081259737
STARLINK-3291           
1 50175U 21125V   26220.50004630  .00011366  00000+0  33657-3 0  9992
2 50175  53.1606 284.8054 0001385  62.2428 302.8131 15.35368602  5780
STARLINK-3293           
1 50176U 21125W   26220.48572148  .00000340  00000+0  22722-4 0  9996
2 50176  53.1596 282.1204 0000886  83.8955 276.2147 15.31700491259634
STARLINK-3282           
1 50177U 21125X   26220.50004630  .00012415  00000+0  37814-3 0  9999
2 50177  53.1582 278.7385 0001399  73.5337 201.8380 15.34384113  5804
STARLINK-3283           
1 50179U 21125Z   26220.48104801  .00000421  00000+0  25329-4 0  9992
2 50179  53.1597 282.0492 0001047  74.4028 285.7089 15.31699596259591
STARLINK-3265           
1 50180U 21125AA  26220.46706630  .00000378  00000+0  23950-4 0  9999
2 50180  53.1596 282.1187 0001127  82.9660 277.1469 15.31702506259637
STARLINK-3285           
1 50181U 21125AB  26220.47174365  .00000405  00000+0  24794-4 0  9993
2 50181  53.1603 282.2254 0001037  70.1676 289.9438 15.31703326259592
STARLINK-3277           
1 50182U 21125AC  26220.43836281  .00000171  00000+0  17284-4 0  9998
2 50182  53.1597 279.2975 0000909  70.4928 289.6172 15.31701922259661
STARLINK-3281           
1 50183U 21125AD  26220.46731147  .00007508  00000+0  47256-3 0  9999
2 50183  53.1610 287.1480 0001512  20.2756 339.8296 15.10122741259567
STARLINK-3279           
1 50185U 21125AF  26220.46240376  .00000381  00000+0  24030-4 0  9998
2 50185  53.1601 282.1291 0001027  73.2566 286.8548 15.31703639259590
STARLINK-3274           
1 50186U 21125AG  26220.52056212  .00002871  00000+0  10423-3 0  9996
2 50186  53.1600 290.9376 0001354  80.4763 279.6391 15.31702585259464
STARLINK-3272           
1 50187U 21125AH  26220.37666392  .00010058  00000+0  57008-3 0  9992
2 50187  53.2159 275.7879 0002044  47.0269 313.0896 15.13572209259653
STARLINK-3276           
1 50189U 21125AK  26220.45128008  .00010759  00000+0  53010-3 0  9997
2 50189  53.2146 279.8813 0001052 301.8273  58.2620 15.18473362259667
STARLINK-3268           
1 50190U 21125AL  26220.42282019  .00001025  00000+0  41490-4 0  9995
2 50190  53.1597 268.7563 0001224  69.4416 290.6718 15.34380143259767
STARLINK-3273           
1 50191U 21125AM  26220.47603257  .00000569  00000+0  27971-4 0  9992
2 50191  53.1604 292.4933 0001150  87.5618 272.5516 15.34395089259439
STARLINK-3259           
1 50192U 21125AN  26220.47570427  .00002508  00000+0  87540-4 0  9998
2 50192  53.1605 274.7338 0001589  77.9509 282.1671 15.33555225259686
STARLINK-3261           
1 50193U 21125AP  26220.46951660  .00000701  00000+0  34335-4 0  9997
2 50193  53.1588 273.1764 0001092  75.8319 284.2803 15.31699914259758
STARLINK-3266           
1 50195U 21125AR  26220.44627600  .00000597  00000+0  31002-4 0  9992
2 50195  53.1592 273.7754 0001066  77.1410 282.9711 15.31706728259696
STARLINK-3267           
1 50197U 21125AT  26220.38396427  .00002266  00000+0  78182-4 0  9992
2 50197  53.1595 274.9547 0000831  61.1404 298.9682 15.34392800259722
STARLINK-3264           
1 50198U 21125AU  26220.45637294  .00008644  00000+0  45383-3 0  9993
2 50198  53.1600 276.2553 0001781  30.5345 329.5753 15.16488406259662
STARLINK-3270           
1 50199U 21125AV  26220.50004630  .00050029  00000+0  15900-2 0  9997
2 50199  53.1591 274.9084 0001730  82.4836 127.0488 15.32163924  5580
STARLINK-3235           
1 50200U 21125AW  26220.50004630  .00050794  00000+0  17569-2 0  9992
2 50200  53.1597 274.7341 0001318  57.4308 102.1232 15.29424015  5736
STARLINK-3256           
1 50202U 21125AY  26220.43692771  .00001474  00000+0  59225-4 0  9993
2 50202  53.1596 273.5632 0001150  72.0994 288.0133 15.31718044259696
STARLINK-3257           
1 50203U 21125AZ  26220.44155359  .00000353  00000+0  23120-4 0  9991
2 50203  53.1596 273.3179 0001116  77.9876 282.1250 15.31706078259763
STARLINK-3254           
1 50204U 21125BA  26220.43224362  .00001123  00000+0  47935-4 0  9998
2 50204  53.1592 273.4560 0000959  79.3668 280.7441 15.31705043259750
STARLINK-3260           
1 50205U 21125BB  26220.36032781  .00000116  00000+0  25410-4 0  9998
2 50205  53.1591 247.8422 0001172  81.3204 278.7920 15.08833670260055
STARLINK-3323           
1 50804U 22001B   26220.20725938  .00014032  00000+0  41191-3 0  9998
2 50804  53.1601 196.0204 0001257 105.2917 254.8225 15.35438985253455
STARLINK-3333           
1 50805U 22001C   26220.17508059  .00007057  00000+0  32317-3 0  9997
2 50805  53.1586 197.9657 0001017 117.6961 242.4139 15.21561282253426
STARLINK-3335           
1 50806U 22001D   26220.50004630  .00034507  00000+0  12266-2 0  9991
2 50806  53.1606 196.2927 0002071  54.6714  41.5956 15.28708831  5788
STARLINK-3355           
1 50808U 22001F   26220.20256398  .00000868  00000+0  39745-4 0  9996
2 50808  53.1600 193.3418 0001258  89.5304 270.5842 15.31702826253498
STARLINK-3232           
1 50809U 22001G   26220.20724042  .00004256  00000+0  14883-3 0  9993
2 50809  53.1611 193.3344 0001286  89.1717 270.9431 15.31699476253498
STARLINK-3338           
1 50812U 22001K   26220.50004630  .00015322  00000+0  57632-3 0  9999
2 50812  53.1592 196.4280 0001803  94.9917 224.5354 15.27344002  5721
STARLINK-3349           
1 50813U 22001L   26220.44360525  .00032668  00000+0  55980-3 0  9997
2 50813  53.1999 124.9303 0004729  88.4994 271.6558 15.50934718254492
STARLINK-3324           
1 50814U 22001M   26220.22415879  .00000200  00000+0  18222-4 0  9993
2 50814  53.1607 205.2384 0001432  74.9581 285.1579 15.31703939253334
STARLINK-3234           
1 50815U 22001N   26220.23814514 -.00000983  00000+0 -19922-4 0  9992
2 50815  53.1602 205.2073 0001035  78.0728 282.0389 15.31709182253333
STARLINK-3342           
1 50816U 22001P   26220.24537567  .00017421  00000+0  82228-3 0  9995
2 50816  53.2121 198.9548 0001591   9.7509 350.3518 15.19550767253423
STARLINK-3341           
1 50817U 22001Q   26220.24905461  .00001619  00000+0  57304-4 0  9998
2 50817  53.1623 204.6076 0001279  88.9150 271.1999 15.35403343253344
STARLINK-3336           
1 50818U 22001R   26220.26246353  .00001127  00000+0  43195-4 0  9996
2 50818  53.1607 204.1850 0001120  91.4563 268.6569 15.35400997253340
STARLINK-3327           
1 50819U 22001S   26220.25883625  .00000918  00000+0  39241-4 0  9999
2 50819  53.1598 204.0870 0001189  98.7589 261.3548 15.33550793253350
STARLINK-3339           
1 50820U 22001T   26220.47586036  .00000115  00000+0  15485-4 0  9994
2 50820  53.1606 204.1998 0001165  93.5774 266.5361 15.31696916253364
STARLINK-3346           
1 50821U 22001U   26220.25679095  .00000733  00000+0  35372-4 0  9992
2 50821  53.1610 205.1258 0001215  84.4362 275.6778 15.31701649253338
STARLINK-3343           
1 50822U 22001V   26220.26145400  .00001592  00000+0  63059-4 0  9999
2 50822  53.1613 205.0734 0000959  94.9630 265.1481 15.31702235253335
STARLINK-3334           
1 50823U 22001W   26220.25536521  .00000217  00000+0  17942-4 0  9990
2 50823  53.1601 203.9864 0001093  86.6528 273.4599 15.33546555253355
STARLINK-3332           
1 50825U 22001Y   26220.50004630  .00006137  00000+0  20935-3 0  9993
2 50825  53.1579 204.0249 0001267  71.5463 113.4741 15.31702227  5832
STARLINK-3329           
1 50827U 22001AA  26220.19485679  .00000852  00000+0  36366-4 0  9990
2 50827  53.1608 203.8083 0001296  77.2867 282.8280 15.34389454253349
STARLINK-3290           
1 50828U 22001AB  26220.27544895 -.00000646  00000+0 -90440-5 0  9993
2 50828  53.1612 205.0415 0001336  86.0684 274.0470 15.31688893253180
STARLINK-3294           
1 50829U 22001AC  26220.24137374  .00004096  00000+0  13573-3 0  9992
2 50829  53.1597 204.0200 0001155  97.6802 262.4331 15.33568685253346
STARLINK-3278           
1 50830U 22001AD  26220.22801306  .00000218  00000+0  17586-4 0  9996
2 50830  53.1604 211.6435 0001429  89.1017 271.0150 15.34382256253242
STARLINK-3299           
1 50831U 22001AE  26220.23586581  .00014280  00000+0  47280-3 0  9990
2 50831  53.1579 204.4387 0000941  75.6678 284.4428 15.31579454253343
STARLINK-3328           
1 50832U 22001AF  26220.30866260  .00008160  00000+0  50820-3 0  9998
2 50832  53.1705 217.8661 0002404  38.0981 322.0181 15.10401924253162
STARLINK-3331           
1 50834U 22001AH  26220.44692619  .00000748  00000+0  34069-4 0  9992
2 50834  53.1590 211.0372 0001319  86.2095 273.9058 15.33553219253264
STARLINK-3310           
1 50835U 22001AJ  26220.27733803  .00010514  00000+0  62026-3 0  9990
2 50835  53.2139 217.4928 0002505  38.0580 322.0591 15.12080652253164
STARLINK-3330           
1 50836U 22001AK  26220.24428046  .00000433  00000+0  25722-4 0  9990
2 50836  53.1585 211.1635 0001308  84.2596 275.8554 15.31700124253141
STARLINK-3318           
1 50837U 22001AL  26220.26462703  .00000396  00000+0  22254-4 0  9996
2 50837  53.1605 203.8033 0001299  86.8035 273.3116 15.35399197253358
STARLINK-3320           
1 50839U 22001AN  26220.48198455 -.00000032  00000+0  10728-4 0  9993
2 50839  53.1583 210.0390 0000814  92.0599 268.0495 15.31706340253277
STARLINK-3295           
1 50840U 22001AP  26220.28584142 -.00000017  00000+0  10817-4 0  9997
2 50840  53.1588 211.6839 0001203  92.5373 267.5767 15.33543773253230
STARLINK-3300           
1 50841U 22001AQ  26220.28732206  .00000252  00000+0  18987-4 0  9990
2 50841  53.1589 211.5766 0001130  85.0664 275.0467 15.33547932253242
STARLINK-3302           
1 50842U 22001AR  26220.21631905  .00000514  00000+0  28316-4 0  9996
2 50842  53.1586 211.3021 0001301  92.7698 267.3452 15.31700693253234
STARLINK-3326           
1 50844U 22001AT  26220.27653615  .00019928  00000+0  60796-3 0  9992
2 50844  53.1572 211.7847 0002650  51.8801 308.2440 15.33946948253241
STARLINK-3230           
1 50845U 22001AU  26220.24903367 -.00002684  00000+0 -74745-4 0  9995
2 50845  53.1604 211.8544 0001331  78.7308 281.3843 15.31701621253241
STARLINK-3308           
1 50846U 22001AV  26220.26758707 -.00000199  00000+0  53421-5 0  9991
2 50846  53.1594 211.0678 0001133  87.6417 272.4714 15.31701946253259
STARLINK-3315           
1 50848U 22001AX  26220.25234773  .00001111  00000+0  42754-4 0  9994
2 50848  53.1595 212.4137 0001126  94.5360 265.5772 15.35399554253230
STARLINK-3311           
1 50849U 22001AY  26220.24691376 -.00000347  00000+0  84870-6 0  9998
2 50849  53.1587 211.5616 0001119  83.5248 276.5882 15.34389322253245
STARLINK-3312           
1 50850U 22001AZ  26220.12681640  .00006285  00000+0  27287-3 0  9992
2 50850  53.1560 175.0114 0002972  78.9044 281.2288 15.23594703254282
STARLINK-3314           
1 50851U 22001BA  26220.25350845  .00001395  00000+0  53734-4 0  9991
2 50851  53.1595 211.7588 0001235  89.8758 270.2385 15.33544109253245
STARLINK-3366           
1 51104U 22005A   26220.50718483  .00004145  00000+0  25664-3 0  9997
2 51104  53.1945 326.8235 0000854  84.0827 276.0264 15.11856063251804
STARLINK-3350           
1 51105U 22005B   26220.50004630  .00013258  00000+0  56729-3 0  9991
2 51105  53.1614 326.2293 0001043 351.6688 320.8648 15.23139370  5837
STARLINK-3176           
1 51106U 22005C   26220.50004630  .00011021  00000+0  47665-3 0  9997
2 51106  53.1600 326.6316 0001954  59.2735 164.5235 15.22952361  5789
STARLINK-3362           
1 51108U 22005E   26220.50004630  .00016391  00000+0  71137-3 0  9995
2 51108  53.1607 326.4020 0000940 302.1629 301.1120 15.22480676  5837
STARLINK-3358           
1 51109U 22005F   26220.50004630  .00011429  00000+0  44057-3 0  9994
2 51109  53.1612 326.0021 0001105 106.3266 217.9484 15.26796429  5686
STARLINK-3344           
1 51110U 22005G   26220.50004630  .00013758  00000+0  56330-3 0  9990
2 51110  53.1618 326.3427 0000732  54.1385 267.9228 15.24599043  5428
STARLINK-3173           
1 51111U 22005H   26220.50004630  .00018173  00000+0  60298-3 0  9995
2 51111  53.1595 325.2842 0000386 359.6050 277.4323 15.31320985  5842
STARLINK-3374           
1 51112U 22005J   26220.50004630  .00008821  00000+0  36719-3 0  9996
2 51112  53.1610 326.4190 0001958  90.6369 204.2563 15.24512902  5782
STARLINK-3372           
1 51113U 22005K   26220.50004630  .00002287  00000+0  11467-3 0  9990
2 51113  53.1598 326.3119 0001908  82.0711 326.0201 15.21509368  5724
STARLINK-3375           
1 51114U 22005L   26220.48671472  .00000004  00000+0  11896-4 0  9994
2 51114  53.1622 324.0316 0001035  67.9102 292.2009 15.31700739251846
STARLINK-3397           
1 51115U 22005M   26220.50004630  .00003532  00000+0  14415-3 0  9992
2 51115  53.1609 326.3941 0001365  31.0975  13.9129 15.27059257  5831
STARLINK-3243           
1 51116U 22005N   26220.47739741  .00001175  00000+0  49617-4 0  9991
2 51116  53.1603 324.0925 0001039  71.2385 288.8729 15.31698470251835
STARLINK-3391           
1 51117U 22005P   26220.53585646  .00016724  00000+0  79299-3 0  9996
2 51117  53.1621 326.1628 0001289 111.8572 248.2561 15.19422226251817
STARLINK-3394           
1 51118U 22005Q   26220.50004630  .00007848  00000+0  30696-3 0  9998
2 51118  53.1588 326.1454 0001636 123.1511  29.7232 15.26773114  5831
STARLINK-3398           
1 51120U 22005S   26220.50004630  .00016440  00000+0  68365-3 0  9993
2 51120  53.1601 326.3040 0000952 124.9472 108.9093 15.23930509  5732
STARLINK-3399           
1 51121U 22005T   26220.49280789 -.00000648  00000+0 -22649-4 0  9994
2 51121  53.1619 327.2521 0001136  87.9542 272.1580 15.08842113251797
STARLINK-3392           
1 51123U 22005V   26220.50004630  .00013009  00000+0  54811-3 0  9995
2 51123  53.1592 326.4131 0001410 102.9408  94.7468 15.23679375  5831
STARLINK-3389           
1 51124U 22005W   26220.50004630  .00013437  00000+0  73312-3 0  9998
2 51124  53.1592 337.0839 0000704 225.9485 108.0498 15.14654888  5723
STARLINK-3387           
1 51125U 22005X   26220.54370359  .00002814  00000+0  91512-4 0  9997
2 51125  53.1595 331.1126 0001016  78.0968 282.0149 15.35414816251739
STARLINK-3386           
1 51126U 22005Y   26220.50219456 -.00000949  00000+0 -18812-4 0  9995
2 51126  53.1615 330.0848 0001211  87.3376 272.7764 15.31703974251769
STARLINK-3370           
1 51127U 22005Z   26220.48821574  .00002141  00000+0  80773-4 0  9992
2 51127  53.1610 330.0394 0001128  73.2471 286.8654 15.31690642251758
STARLINK-3400           
1 51128U 22005AA  26220.49093178  .00000549  00000+0  52625-4 0  9990
2 51128  53.1620 337.2528 0001301  96.1292 263.9848 15.08832289251644
STARLINK-3396           
1 51129U 22005AB  26220.50004630  .00002982  00000+0  17719-3 0  9995
2 51129  53.1596 337.0487 0001985  73.7451 273.6068 15.14338975  5723
STARLINK-3395           
1 51130U 22005AC  26220.50004630  .00007735  00000+0  44422-3 0  9999
2 51130  53.1606 337.1135 0001156  92.1100 308.2362 15.13422442  5830
STARLINK-3388           
1 51131U 22005AD  26220.53946441  .00000254  00000+0  19955-4 0  9991
2 51131  53.1610 329.8041 0001110  65.2947 294.8170 15.31703823251756
STARLINK-3393           
1 51132U 22005AE  26220.50004630  .00010599  00000+0  60948-3 0  9994
2 51132  53.1600 337.1445 0001641 359.2501  44.8309 15.12997385  5848
STARLINK-3356           
1 51133U 22005AF  26220.53621140  .00004024  00000+0  12532-3 0  9991
2 51133  53.1603 330.5626 0001358  74.1052 286.0101 15.35626155251740
STARLINK-3363           
1 51135U 22005AH  26220.49483554  .00002942  00000+0  95198-4 0  9990
2 51135  53.1605 331.0523 0001303  76.7966 283.3182 15.35401446251730
STARLINK-3253           
1 51136U 22005AJ  26220.50380630 -.00000524  00000+0 -41226-5 0  9994
2 51136  53.1614 330.3902 0001143  78.6630 281.4501 15.35396591251744
STARLINK-3180           
1 51137U 22005AK  26220.49205963 -.00000112  00000+0  78192-5 0  9992
2 51137  53.1619 330.4446 0001126  80.5786 279.5344 15.34385335251756
STARLINK-3177           
1 51138U 22005AL  26220.51133412  .00009663  00000+0  59590-3 0  9993
2 51138  53.1735 336.8762 0000867  19.5894 340.5131 15.10556597251656
STARLINK-3172           
1 51139U 22005AM  26220.51227426  .00000167  00000+0  16391-4 0  9996
2 51139  53.1612 330.6447 0000658 334.3379  25.7591 15.33553241251758
STARLINK-3175           
1 51140U 22005AN  26220.52081647  .00001204  00000+0  50529-4 0  9996
2 51140  53.1604 329.8868 0001002  82.1095 278.0020 15.31707646251764
STARLINK-3179           
1 51141U 22005AP  26220.48362638  .00004901  00000+0  15596-3 0  9995
2 51141  53.1622 330.5486 0001369  94.3342 265.7817 15.34429995251753
STARLINK-3369           
1 51142U 22005AQ  26220.46612241  .00017043  00000+0  63002-3 0  9998
2 51142  53.2175 304.8950 0005392 340.1020  19.9770 15.27830821252117
STARLINK-3184           
1 51143U 22005AR  26220.51266266 -.00002185  00000+0 -53586-4 0  9997
2 51143  53.1608 338.7859 0001049  93.4766 266.6356 15.34382376251634
STARLINK-3185           
1 51144U 22005AS  26220.50685120 -.00001986  00000+0 -52250-4 0  9996
2 51144  53.1615 329.9587 0001159  81.4242 278.6891 15.31692599251760
STARLINK-3354           
1 51146U 22005AU  26220.48785468 -.00000262  00000+0  33831-5 0  9991
2 51146  53.1615 330.4592 0001120  84.9634 275.1496 15.34386305251745
STARLINK-3352           
1 51147U 22005AV  26220.51861838  .00021629  00000+0  63746-3 0  9997
2 51147  53.1895 312.1326 0002784  33.3948 326.7231 15.34987290252012
STARLINK-3359           
1 51148U 22005AW  26220.49388027  .00012002  00000+0  63989-3 0  9993
2 51148  53.2161 344.0895 0000306 100.3660 259.7369 15.15580462251564
STARLINK-3360           
1 51149U 22005AX  26220.52310233 -.00000234  00000+0  42075-5 0  9992
2 51149  53.1611 338.2674 0001118  84.8264 275.2866 15.34388333251640
STARLINK-3357           
1 51150U 22005AY  26220.51340954  .00000497  00000+0  25146-4 0  9995
2 51150  53.1611 332.1887 0001121  73.4596 286.6531 15.35400873251737
STARLINK-3364           
1 51152U 22005BA  26220.52587997  .00000016  00000+0  11807-4 0  9994
2 51152  53.1626 340.4348 0001180  87.7678 272.3459 15.33543919251618
STARLINK-3181           
1 51461U 22010F   26220.50004630  .00007955  00000+0  35380-3 0  9999
2 51461  53.1611 315.9433 0001324  57.6832  96.6529 15.22395376  5831
STARLINK-3166           
1 51462U 22010G   26220.48304262  .00000326  00000+0  22275-4 0  9996
2 51462  53.1612 309.1662 0001224  95.0820 265.0321 15.31701025249850
STARLINK-3419           
1 51463U 22010H   26220.48776484  .00000664  00000+0  33185-4 0  9993
2 51463  53.1610 309.4724 0001232  90.4415 269.6727 15.31684125249546
STARLINK-3189           
1 51464U 22010J   26220.50004630  .00014532  00000+0  63414-3 0  9990
2 51464  53.1593 316.5560 0000180 306.4969 312.7527 15.22388776  5843
STARLINK-3401           
1 51465U 22010K   26220.50004630  .00013374  00000+0  66385-3 0  9994
2 51465  53.1618 316.4567 0001439  80.2284 251.4357 15.18005320  5726
STARLINK-3178           
1 51467U 22010M   26220.50004630  .00016623  00000+0  72890-3 0  9994
2 51467  53.1604 316.2615 0002544  72.1032  97.8698 15.22118589  5787
STARLINK-3174           
1 51468U 22010N   26220.50004630  .00018658  00000+0  73441-3 0  9998
2 51468  53.1608 316.0996 0001155  95.2136 100.0667 15.25686597  5729
STARLINK-3182           
1 51469U 22010P   26220.50004630  .00012759  00000+0  54151-3 0  9992
2 51469  53.1609 316.1814 0001227  47.6174  24.7385 15.23450782  5782
STARLINK-3415           
1 51472U 22010S   26220.50004630  .00017924  00000+0  72405-3 0  9997
2 51472  53.1604 316.1253 0000661 143.0310  57.4477 15.24845736  5842
STARLINK-3528           
1 51714U 22016A   26220.50004630  .00025380  00000+0  74147-3 0  9992
2 51714  53.1604   4.8379 0001414  78.9804  53.4158 15.35168637  5844
STARLINK-3533           
1 51715U 22016B   26220.54685252  .00001051  00000+0  45609-4 0  9993
2 51715  53.1627 359.8794 0001112  96.3974 263.7154 15.31710062247583
STARLINK-3543           
1 51716U 22016C   26220.50004630 -.00013716  00000+0 -40626-3 0  9991
2 51716  53.1611   4.7886 0001140  87.4886  83.9592 15.33564928  5848
STARLINK-3445           
1 51717U 22016D   26220.54218398 -.00000646  00000+0 -90607-5 0  9998
2 51717  53.1623 359.8111 0001001  72.1227 287.9883 15.31709535246459
STARLINK-3546           
1 51718U 22016E   26220.09420846  .00017709  00000+0  77537-3 0  9993
2 51718  53.2033 356.2530 0002036  27.0811 333.0293 15.22124867247592
STARLINK-3540           
1 51719U 22016F   26220.50004630  .00028408  00000+0  89972-3 0  9993
2 51719  53.1610   4.8572 0001051 118.9577  79.2643 15.32543664  5681
STARLINK-3526           
1 51720U 22016G   26220.53287024  .00000712  00000+0  34700-4 0  9996
2 51720  53.1622 359.9526 0001101  90.5133 269.5995 15.31706652246440
STARLINK-3524           
1 51721U 22016H   26219.67995715  .00002743  00000+0  10013-3 0  9999
2 51721  53.1621   3.7967 0001150  78.8163 281.2967 15.31702242246327
STARLINK-3535           
1 51722U 22016J   26220.50004630 -.00015807  00000+0 -44298-3 0  9990
2 51722  53.1594   4.7602 0000925  83.2531 263.8528 15.35414650  5781
STARLINK-3529           
1 51724U 22016L   26219.82178659  .00000889  00000+0  38343-4 0  9995
2 51724  53.1622   7.6918 0000945  87.8382 272.2728 15.33547191246275
STARLINK-3522           
1 51725U 22016M   26219.65342623  .00003748  00000+0  12513-3 0  9998
2 51725  53.1617   8.6519 0000822  89.2590 270.8507 15.33572656246249
STARLINK-3527           
1 51726U 22016N   26220.09390594  .00011225  00000+0  63892-3 0  9994
2 51726  53.2156 357.2166 0001424  96.3298 263.7858 15.13306520246459
STARLINK-3532           
1 51727U 22016P   26220.13794430 -.00068189  00000+0 -19991-2 0  9990
2 51727  53.1622   6.0749 0001104  72.0303 288.0820 15.34807975246324
STARLINK-3523           
1 51729U 22016R   26220.53674700  .00000044  00000+0  12152-4 0  9991
2 51729  53.1614 350.3464 0000846  85.4934 274.6166 15.35397158246586
STARLINK-3514           
1 51731U 22016T   26220.51405851  .00000569  00000+0  27222-4 0  9997
2 51731  53.1623 350.9928 0001000  97.1936 262.9181 15.35405970246573
STARLINK-3518           
1 51732U 22016U   26220.52749396  .00000004  00000+0  11021-4 0  9998
2 51732  53.1611 350.5231 0001196  69.6178 290.4954 15.35398644247723
STARLINK-3525           
1 51733U 22016V   26220.52165713 -.00000347  00000+0  86270-6 0  9995
2 51733  53.1620 350.4104 0001229  89.0816 271.0328 15.34390270246583
STARLINK-3450           
1 51734U 22016W   26220.10590484  .00000816  00000+0  34298-4 0  9998
2 51734  53.1626 352.2816 0001206  75.7838 284.3299 15.35400104246506
STARLINK-3517           
1 51735U 22016X   26220.51325054  .00001387  00000+0  52168-4 0  9993
2 51735  53.1625 350.4787 0001066  98.3396 261.7727 15.34395334246587
STARLINK-3447           
1 51736U 22016Y   26220.08788160  .00000415  00000+0  25127-4 0  9993
2 51736  53.1625 352.9553 0000814  77.5425 282.5668 15.31699596246509
STARLINK-3509           
1 51737U 22016Z   26220.50004630  .00019239  00000+0  53319-3 0  9991
2 51737  53.1567 352.2632 0001214  76.2322  70.7138 15.36994145  5889
STARLINK-3515           
1 51738U 22016AA  26220.53531388  .00000485  00000+0  27391-4 0  9995
2 51738  53.1621 350.8496 0000966  85.4300 274.6812 15.31700263246561
STARLINK-3516           
1 51739U 22016AB  26220.53430723  .00001311  00000+0  48485-4 0  9993
2 51739  53.1617 350.7248 0001250  92.0346 268.0800 15.35399635246578
STARLINK-3500           
1 51740U 22016AC  26220.10119969 -.00000541  00000+0 -46047-5 0  9993
2 51740  53.1626 352.4854 0001243  77.6986 282.4156 15.35393223246518
STARLINK-3520           
1 51741U 22016AD  26220.53998318  .00000620  00000+0  31724-4 0  9995
2 51741  53.1617 350.8404 0000822  86.5434 273.5661 15.31708878246571
STARLINK-3521           
1 51742U 22016AE  26220.54476951  .00000186  00000+0  16651-4 0  9990
2 51742  53.1604 350.3172 0001152  62.8947 297.2173 15.34386149246586
STARLINK-3512           
1 51743U 22016AF  26220.53943801  .00000503  00000+0  26620-4 0  9993
2 51743  53.1623 340.7111 0001269  84.2012 275.9135 15.33547789246718
STARLINK-3452           
1 51744U 22016AG  26220.09691402 -.00001893  00000+0 -46236-4 0  9992
2 51744  53.1620 352.5706 0001054  91.8107 268.3016 15.33552553246515
STARLINK-3449           
1 51745U 22016AH  26220.54434627  .00000262  00000+0  18406-4 0  9992
2 51745  53.1612 350.2371 0001145  99.4130 260.7003 15.35395369246582
STARLINK-3502           
1 51746U 22016AJ  26220.50512877  .00000950  00000+0  42355-4 0  9997
2 51746  53.1620 341.9429 0001151  86.6371 273.4762 15.31703139246694
STARLINK-3446           
1 51747U 22016AK  26220.52132697  .00000747  00000+0  35825-4 0  9996
2 51747  53.1620 350.9207 0000753  78.5768 281.5318 15.31703495246575
STARLINK-3501           
1 51748U 22016AL  26220.54676865 -.00000041  00000+0  99277-5 0  9999
2 51748  53.1617 340.1677 0000905  68.7831 291.3268 15.34390283246725
STARLINK-3451           
1 51749U 22016AM  26220.09253615  .00000400  00000+0  24644-4 0  9997
2 51749  53.1635 352.8939 0000942  81.3809 278.7299 15.31696630246505
STARLINK-3505           
1 51750U 22016AN  26220.50048216  .00000024  00000+0  12533-4 0  9990
2 51750  53.1620 342.0700 0001219  94.1786 265.9354 15.31701770246694
STARLINK-3506           
1 51751U 22016AP  26220.48584022 -.00000203  00000+0  51239-5 0  9995
2 51751  53.1615 340.4561 0001143  77.5700 282.5430 15.34393724246715
STARLINK-3511           
1 51752U 22016AQ  26220.53201522 -.00000306  00000+0  19041-5 0  9992
2 51752  53.1624 338.7972 0001077  82.3096 277.8027 15.31700761246742
STARLINK-3507           
1 51753U 22016AR  26220.50238965 -.00000107  00000+0  80879-5 0  9997
2 51753  53.1615 340.6372 0001287  80.6791 279.4357 15.33549853246711
STARLINK-3457           
1 51754U 22016AS  26220.53091793 -.00000330  00000+0  14236-5 0  9999
2 51754  53.1625 340.2552 0000606  88.1135 271.9937 15.35401258246728
STARLINK-3460           
1 51755U 22016AT  26220.53215220  .00005927  00000+0  18640-3 0  9990
2 51755  53.1623 340.9362 0001507  86.4780 273.6395 15.34401537246716
STARLINK-3513           
1 51756U 22016AU  26220.06817939  .00000510  00000+0  26828-4 0  9995
2 51756  53.1604 342.6312 0001038  78.0540 282.0578 15.33541778246651
STARLINK-3459           
1 51757U 22016AV  26220.50054755  .00001082  00000+0  43159-4 0  9995
2 51757  53.1618 340.3886 0001078  76.6669 283.4453 15.34396361246720
STARLINK-3458           
1 51758U 22016AW  26220.53226272 -.00000877  00000+0 -14230-4 0  9995
2 51758  53.1620 340.6140 0001185  84.7615 275.3523 15.35395053247862
STARLINK-3456           
1 51759U 22016AX  26220.49635084 -.00000914  00000+0 -15928-4 0  9993
2 51759  53.1611 340.4023 0001088  70.9905 289.1216 15.34386775246728
STARLINK-3622           
1 51768U 22017A   26220.14251340  .00007573  00000+0  22780-3 0  9994
2 51768  53.1607  14.2389 0000970  78.0782 282.0329 15.35399242246973
STARLINK-3621           
1 51769U 22017B   26220.17109772  .00005033  00000+0  31952-3 0  9999
2 51769  53.2162  18.4007 0001969 101.8893 258.2321 15.10493933245488
STARLINK-3612           
1 51770U 22017C   26220.14458627  .00017272  00000+0  53527-3 0  9994
2 51770  53.1637  14.2887 0001344  82.8026 277.3129 15.33548782245542
STARLINK-3614           
1 51771U 22017D   26220.15641644  .00000294  00000+0  19327-4 0  9996
2 51771  53.1625  14.4323 0000747  92.4099 267.6990 15.35399891245534
STARLINK-3623           
1 51772U 22017E   26220.14678576  .00003087  00000+0  99367-4 0  9995
2 51772  53.1625  14.4566 0001168  92.9120 267.2017 15.35399585245527
STARLINK-3624           
1 51773U 22017F   26219.87821440  .00011929  00000+0  74266-3 0  9998
2 51773  53.1881  19.9270 0001279  82.3061 277.8077 15.09990514245437
STARLINK-3629           
1 51774U 22017G   26219.95310419  .00064827  00000+0  39978-2 0  9992
2 51774  53.1617  19.6616 0001600  79.4180 280.6992 15.09350247245401
STARLINK-3620           
1 51775U 22017H   26220.49807491  .00005421  00000+0  33626-4 0  9996
2 51775  53.2181 342.9165 0004132 346.3333  13.7578 15.79023925246019
STARLINK-3608           
1 51776U 22017J   26220.15863147  .00002006  00000+0  68394-4 0  9996
2 51776  53.1626  14.6471 0000710  90.1029 270.0055 15.35398157245493
STARLINK-3625           
1 51777U 22017K   26219.72857936  .00003369  00000+0  10741-3 0  9992
2 51777  53.1626  16.8601 0000692  68.9526 291.1551 15.35410242245458
STARLINK-3615           
1 51778U 22017L   26220.50004630  .00024477  00000+0  72666-3 0  9993
2 51778  53.1602   4.5871 0000918 116.8686 155.2992 15.34683079  5785
STARLINK-3611           
1 51779U 22017M   26220.15582472 -.00000372  00000+0  25021-6 0  9995
2 51779  53.1621  14.6716 0001004  77.4113 282.7002 15.35394419245491
STARLINK-3617           
1 51780U 22017N   26219.75908235 -.00004810  00000+0 -13146-3 0  9994
2 51780  53.1614  15.8692 0000905  86.5733 273.5373 15.34368151245299
STARLINK-3580           
1 51781U 22017P   26220.16795750 -.00000381  00000+0 -15402-7 0  9998
2 51781  53.1626  14.7919 0000891  82.0024 278.1080 15.35394295245342
STARLINK-3616           
1 51782U 22017Q   26219.73503379  .00003689  00000+0  12032-3 0  9998
2 51782  53.1630  22.6581 0001165  74.4132 285.6999 15.34378743245106
STARLINK-3628           
1 51783U 22017R   26220.14364167  .00001319  00000+0  54269-4 0  9993
2 51783  53.1614  11.1749 0001141  86.5893 273.5239 15.31698389245392
STARLINK-3632           
1 51784U 22017S   26219.73081478  .00000420  00000+0  23554-4 0  9993
2 51784  53.1624  22.6712 0001110  93.0385 267.0744 15.34392858245198
STARLINK-3646           
1 51785U 22017T   26219.82205817  .00000469  00000+0  26878-4 0  9994
2 51785  53.1618  12.7613 0001083  75.4062 284.7059 15.31699318245347
STARLINK-3638           
1 51786U 22017U   26219.77961657  .00000358  00000+0  21728-4 0  9996
2 51786  53.1602  23.7540 0001187  66.5892 293.5235 15.34388660245183
STARLINK-3619           
1 51787U 22017V   26219.86941038  .00001554  00000+0  57122-4 0  9994
2 51787  53.1613  21.3347 0000916  88.4946 271.6162 15.34401488245222
STARLINK-3641           
1 51788U 22017W   26220.15992778  .00000147  00000+0  15481-4 0  9995
2 51788  53.1605  21.9785 0001193  82.2879 277.8259 15.34388512246881
STARLINK-3639           
1 51789U 22017X   26220.17262372  .00000210  00000+0  17356-4 0  9992
2 51789  53.1609  22.5985 0001046  87.8519 272.2603 15.34384914245236
STARLINK-3631           
1 51790U 22017Y   26220.50104079  .00010294  00000+0  64083-3 0  9991
2 51790  53.2137  27.2804 0001563  72.1313 287.9850 15.10141691246897
STARLINK-3602           
1 51791U 22017Z   26219.86936992  .00000887  00000+0  38301-4 0  9998
2 51791  53.1617  23.6375 0001032  75.4882 284.6235 15.33550518246833
STARLINK-3626           
1 51792U 22017AA  26220.17398578  .00000419  00000+0  24075-4 0  9991
2 51792  53.1611  22.1849 0001143  87.3727 272.7406 15.33542431246935
STARLINK-3586           
1 51795U 22017AD  26220.14522317  .00000498  00000+0  25876-4 0  9998
2 51795  53.1617  22.0472 0001095  82.7593 277.3534 15.34388727246885
STARLINK-3634           
1 51798U 22017AG  26219.87579718  .00000519  00000+0  26492-4 0  9995
2 51798  53.1614  21.9962 0001017  82.3332 277.7787 15.34391163246903
STARLINK-3637           
1 51799U 22017AH  26220.14684929  .00000881  00000+0  37207-4 0  9997
2 51799  53.1614  20.7274 0001322  80.0034 280.1117 15.34389409246905
STARLINK-3592           
1 51801U 22017AK  26219.87417166 -.00000399  00000+0 -67940-6 0  9991
2 51801  53.1623  23.3129 0001234  80.1187 279.9955 15.34383056246840
STARLINK-3544           
1 51803U 22017AM  26219.87159308  .00001359  00000+0  51355-4 0  9990
2 51803  53.1617  22.0113 0001054  88.7395 271.3728 15.34393920246855
STARLINK-3601           
1 51804U 22017AN  26220.50004630  .00023139  00000+0  67342-3 0  9992
2 51804  53.1605   4.4986 0000898  52.0006 210.3665 15.35343571  5835
STARLINK-3605           
1 51805U 22017AP  26220.52686219 -.00000215  00000+0  47893-5 0  9996
2 51805  53.1618   4.5052 0001236  84.1301 275.9843 15.33548782247209
STARLINK-3606           
1 51807U 22017AR  26219.70742296  .00002618  00000+0  85900-4 0  9992
2 51807  53.1620  16.3040 0001095 111.3582 248.7538 15.35411493246971
STARLINK-3609           
1 51808U 22017AS  26220.15910720 -.00009567  00000+0 -26404-3 0  9998
2 51808  53.1618  14.3034 0000957 117.9804 242.1296 15.35361789246897
STARLINK-3607           
1 51809U 22017AT  26219.72201797  .00000442  00000+0  24771-4 0  9994
2 51809  53.1621  16.4337 0001050 102.9303 257.1817 15.33553655246926
STARLINK-3613           
1 51810U 22017AU  26220.50004630  .00024591  00000+0  73650-3 0  9991
2 51810  53.1597   4.5864 0001019  90.1151 340.8989 15.34401855  5846
STARLINK-3569           
1 51811U 22017AV  26220.11996878  .00000282  00000+0  19479-4 0  9994
2 51811  53.1616  12.6186 0001000  80.4963 279.6153 15.34391744246911
STARLINK-3610           
1 51812U 22017AW  26220.50004630 -.00024625  00000+0 -69711-3 0  9996
2 51812  53.1714   5.2870 0000832  84.7720  49.8849 15.35410386  5523
STARLINK-3552           
1 51813U 22017AX  26220.50004630 -.00013789  00000+0 -38495-3 0  9991
2 51813  53.1608   4.7330 0001207  88.5014  85.5162 15.35413093  5833
STARLINK-3599           
1 51814U 22017AY  26220.50004630  .00021994  00000+0  72288-3 0  9995
2 51814  53.1608   5.4144 0000865  90.7809  19.7924 15.31500663  5786
STARLINK-3604           
1 51815U 22017AZ  26220.09482440  .00001266  00000+0  52544-4 0  9993
2 51815  53.1624   2.4251 0001097  84.5571 275.5556 15.31703629247032
STARLINK-3542           
1 51852U 22022A   26220.23314282  .00000822  00000+0  35476-4 0  9996
2 51852  53.1609  51.6362 0001196  92.3237 267.7902 15.34391424244732
STARLINK-3541           
1 51854U 22022C   26219.90976525  .00017651  00000+0  80730-3 0  9994
2 51854  53.2096  49.4358 0001730  80.5555 279.5637 15.20630663246005
STARLINK-3545           
1 51855U 22022D   26220.22684326 -.00000169  00000+0  61417-5 0  9997
2 51855  53.1620  51.7085 0001491  77.0677 283.0492 15.34386597245941
STARLINK-3568           
1 51856U 22022E   26220.22849277  .00000831  00000+0  38546-4 0  9997
2 51856  53.1609  52.3932 0001115  94.9046 265.2083 15.31703311246019
STARLINK-3571           
1 51857U 22022F   26219.94882904  .00001052  00000+0  45647-4 0  9995
2 51857  53.1611  53.6109 0001167  87.3488 272.7647 15.31705501245949
STARLINK-3563           
1 51858U 22022G   26220.25272766  .00001173  00000+0  44548-4 0  9994
2 51858  53.1599  51.9076 0001460 109.1891 250.9270 15.35392443245992
STARLINK-3560           
1 51859U 22022H   26219.92330367  .00000836  00000+0  38706-4 0  9993
2 51859  53.1610  44.6520 0001108  80.8290 279.2837 15.31707513246063
STARLINK-3559           
1 51860U 22022J   26220.50004630  .00033030  00000+0  95379-3 0  9992
2 51860  53.1618  44.6168 0001285  77.5409 261.6755 15.35395587  5832
STARLINK-3562           
1 51861U 22022K   26220.50004630  .00020035  00000+0  60326-3 0  9998
2 51861  53.1716  44.3845 0001606 112.7744  67.7782 15.34360923  5393
STARLINK-3508           
1 51862U 22022L   26220.50004630 -.00003194  00000+0 -80755-4 0  9997
2 51862  53.1597  44.3851 0001046  76.2598  43.6654 15.35377122  5837
STARLINK-3555           
1 51863U 22022M   26220.49180447  .00027896  00000+0  80682-3 0  9998
2 51863  53.1608  44.7589 0001100  77.9823 282.1304 15.35432324246063
STARLINK-3548           
1 51864U 22022N   26220.50004630  .00028639  00000+0  82901-3 0  9992
2 51864  53.1609  44.5968 0001142 104.4168 304.8575 15.35391430  5526
STARLINK-3503           
1 51865U 22022P   26220.50004630  .00069773  00000+0  21084-2 0  9991
2 51865  53.1608  44.8778 0000664 131.8922 235.7798 15.33620359  5834
STARLINK-3553           
1 51866U 22022Q   26220.50004630  .00035718  00000+0  10929-2 0  9990
2 51866  53.1605  44.7565 0001044  95.0306 274.7164 15.33528950  5839
STARLINK-3590           
1 51867U 22022R   26220.50004630  .00066880  00000+0  20664-2 0  9992
2 51867  53.1599  44.7206 0001425  75.3039  32.6527 15.32934092  5832
STARLINK-3578           
1 51868U 22022S   26220.50004630  .00028625  00000+0  82866-3 0  9991
2 51868  53.1604  44.7005 0000918  79.6467 355.9833 15.35390575  5785
STARLINK-3588           
1 51869U 22022T   26220.50004630  .00033226  00000+0  10177-2 0  9990
2 51869  53.1596  44.9340 0001460  85.4642 332.8732 15.33529686  5836
STARLINK-3591           
1 51870U 22022U   26220.50004630  .00029160  00000+0  84383-3 0  9995
2 51870  53.1598  44.7151 0000861  91.3720  38.5927 15.35391699  5834
STARLINK-3567           
1 51871U 22022V   26220.50004630  .00031221  00000+0  95685-3 0  9994
2 51871  53.1603  45.0248 0001184  97.9569 293.3712 15.33542917  5837
STARLINK-3554           
1 51872U 22022W   26220.50004630  .00030145  00000+0  87182-3 0  9992
2 51872  53.1601  44.6670 0001133 103.3076  71.6530 15.35393422  5831
STARLINK-3582           
1 51873U 22022X   26220.20197132  .00018992  00000+0  76044-3 0  9991
2 51873  53.2051  31.8213 0003691   7.9277 352.1780 15.25100667246237
STARLINK-3574           
1 51874U 22022Y   26220.50004630  .00066206  00000+0  21862-2 0  9993
2 51874  53.1596  44.7716 0001145 105.2751  77.5352 15.30806661  5647
STARLINK-3585           
1 51875U 22022Z   26220.50004630  .00706621  00000+0  19286-1 0  9992
2 51875  53.1746  44.8323 0001020  90.0736 133.0459 15.34817763  5832
STARLINK-3583           
1 51876U 22022AA  26220.50004630  .00064727  00000+0  21696-2 0  9996
2 51876  53.1610  45.4514 0001246  80.8443 131.0368 15.30333228  5791
STARLINK-3556           
1 51877U 22022AB  26220.18257981  .00000420  00000+0  23580-4 0  9996
2 51877  53.1610  29.9002 0001145  77.7051 282.4080 15.34388593246247
STARLINK-3575           
1 51878U 22022AC  26220.50004630  .00066247  00000+0  22120-2 0  9990
2 51878  53.1609  45.4779 0001474 111.1328 128.1455 15.30447210  5833
STARLINK-3572           
1 51879U 22022AD  26219.90155385  .00000921  00000+0  38398-4 0  9990
2 51879  53.1627  33.1773 0001253  77.9967 282.1176 15.34398392246170
STARLINK-3566           
1 51880U 22022AE  26220.21681950  .00005653  00000+0  24882-3 0  9999
2 51880  53.1563  46.0033 0001043 134.0550 226.0534 15.23316317246027
STARLINK-3504           
1 51881U 22022AF  26219.76287832  .00000312  00000+0  20367-4 0  9991
2 51881  53.1627  33.8155 0001017  95.1384 264.9735 15.34397481246208
STARLINK-3570           
1 51882U 22022AG  26220.19068430 -.00000387  00000+0 -69746-6 0  9992
2 51882  53.1606  31.4028 0001137  94.1892 265.9240 15.31696295246276
STARLINK-3576           
1 51883U 22022AH  26219.75867737  .00001004  00000+0  40848-4 0  9995
2 51883  53.1621  33.8528 0001114  90.2165 269.8966 15.34395750246149
STARLINK-3577           
1 51884U 22022AJ  26219.89743821  .00001347  00000+0  50988-4 0  9994
2 51884  53.1616  33.8936 0001007  88.2048 271.9070 15.34397853246242
STARLINK-3584           
1 51885U 22022AK  26219.90819429  .00001752  00000+0  64562-4 0  9998
2 51885  53.1620  33.4152 0000958  86.0630 274.0482 15.33553910246160
STARLINK-3565           
1 51886U 22022AL  26220.22526081  .00010734  00000+0  66161-3 0  9991
2 51886  53.1774  38.1840 0001813 108.8080 251.3109 15.10462750246137
STARLINK-3551           
1 51887U 22022AM  26220.41159784  .00000301  00000+0  20052-4 0  9994
2 51887  53.1614  28.8041 0001127  68.8144 291.2979 15.34389880246275
STARLINK-3536           
1 51888U 22022AN  26219.78505520  .00001008  00000+0  41972-4 0  9995
2 51888  53.1614  34.0298 0001018  93.2150 266.8969 15.33548307246151
STARLINK-3547           
1 51889U 22022AP  26220.20367180 -.00000133  00000+0  71860-5 0  9992
2 51889  53.1618  30.4618 0001189  79.5003 280.6134 15.34385760246235
STARLINK-3549           
1 51891U 22022AR  26220.20148622  .00000163  00000+0  15959-4 0  9991
2 51891  53.1618  29.7832 0001018  85.3217 274.7902 15.34384505246299
STARLINK-3587           
1 51892U 22022AS  26220.20787202  .00000223  00000+0  17745-4 0  9997
2 51892  53.1618  30.4469 0001040  92.2811 267.8311 15.34386258246235
STARLINK-3579           
1 51893U 22022AT  26219.91059517  .00012303  00000+0  74695-3 0  9993
2 51893  53.2157  39.7130 0001965 116.6534 243.4660 15.10880350246144
STARLINK-3595           
1 51894U 22022AU  26219.87168863  .00001200  00000+0  46664-4 0  9994
2 51894  53.1610  32.0246 0001194  86.3783 273.7356 15.34387851246248
STARLINK-3594           
1 51895U 22022AV  26219.86328565 -.00000101  00000+0  81339-5 0  9990
2 51895  53.1607  32.0502 0001084  86.1997 273.9129 15.34385263246181
STARLINK-3593           
1 51896U 22022AW  26220.20505903  .00000164  00000+0  16321-4 0  9990
2 51896  53.1617  32.0183 0001217  84.9873 275.1268 15.33544313246264
STARLINK-3598           
1 51897U 22022AX  26219.86530751 -.00001476  00000+0 -32600-4 0  9997
2 51897  53.1605  31.3966 0001137  84.4949 275.6183 15.34373972246198
STARLINK-3597           
1 51898U 22022AY  26219.85900067  .00000622  00000+0  29557-4 0  9995
2 51898  53.1612  31.3954 0001202  80.8680 279.2459 15.34384267246240
STARLINK-3700           
1 51956U 22025A   26220.18531690 -.00000552  00000+0 -60116-5 0  9994
2 51956  53.1609  28.6940 0001136  83.1519 276.9612 15.31700931244383
STARLINK-3694           
1 51957U 22025B   26220.24637544 -.00000011  00000+0  11402-4 0  9999
2 51957  53.1599  51.6272 0001141  95.7547 264.3585 15.31697901244058
STARLINK-3692           
1 51958U 22025C   26220.17598307  .00000564  00000+0  29926-4 0  9997
2 51958  53.1608  28.6449 0001178  93.1548 266.9589 15.31700203244381
STARLINK-3704           
1 51959U 22025D   26219.98146235 -.00000165  00000+0  64418-5 0  9998
2 51959  53.1602  53.4328 0001229  89.7740 270.3403 15.31695961244007
STARLINK-3691           
1 51960U 22025E   26219.83620377  .00001024  00000+0  44759-4 0  9997
2 51960  53.1609  53.3513 0001135  91.0271 269.0861 15.31704351243996
STARLINK-3697           
1 51962U 22025G   26220.22470376  .00001484  00000+0  59577-4 0  9990
2 51962  53.1603  39.1571 0001101  87.3134 272.7993 15.31694023244236
STARLINK-3675           
1 51963U 22025H   26220.17132156  .00000288  00000+0  21053-4 0  9995
2 51963  53.1609  28.6663 0001138  92.7392 267.3740 15.31701781244380
STARLINK-3690           
1 51964U 22025J   26220.34122081 -.00000211  00000+0  49566-5 0  9998
2 51964  53.1606  38.6003 0000946  79.5400 280.5708 15.31698006244258
STARLINK-3696           
1 51965U 22025K   26219.95279375 -.00002391  00000+0 -65293-4 0  9999
2 51965  53.1605  53.3540 0001229  81.4951 278.6189 15.31702795244001
STARLINK-3699           
1 51966U 22025L   26220.26970477  .00001397  00000+0  56779-4 0  9999
2 51966  53.1614  51.6381 0001182  85.4978 274.6158 15.31693581244056
STARLINK-3681           
1 51968U 22025N   26220.20139691  .00000302  00000+0  21478-4 0  9993
2 51968  53.1603  39.2519 0001136  92.3686 267.7445 15.31702091244232
STARLINK-3680           
1 51969U 22025P   26220.21538630  .00000455  00000+0  26436-4 0  9999
2 51969  53.1607  39.2303 0001177  87.6490 272.4646 15.31699119244224
STARLINK-3677           
1 51970U 22025Q   26220.23781308  .00000918  00000+0  41357-4 0  9998
2 51970  53.1615  52.2734 0001498  90.7173 269.4000 15.31699377244043
STARLINK-3669           
1 51971U 22025R   26220.22938825  .00000098  00000+0  14935-4 0  9997
2 51971  53.1612  39.3295 0001224  81.8681 278.2459 15.31699446244235
STARLINK-3671           
1 51972U 22025S   26219.76706929  .00001251  00000+0  52037-4 0  9990
2 51972  53.1619  54.4118 0001240 106.6846 253.4292 15.31712401243979
STARLINK-3679           
1 51973U 22025T   26220.50004630  .00033615  00000+0  10902-2 0  9997
2 51973  53.1609  50.5417 0001199  89.2685 153.1847 15.31696565  5901
STARLINK-3672           
1 51974U 22025U   26220.26505760 -.00000043  00000+0  10370-4 0  9992
2 51974  53.1616  51.8668 0001209  87.3474 272.7665 15.31701304244043
STARLINK-3674           
1 51975U 22025V   26219.87974488  .00000610  00000+0  31423-4 0  9996
2 51975  53.1603  40.2823 0001372  86.8691 273.2467 15.31703131244193
STARLINK-3660           
1 51977U 22025X   26220.26110961  .00000895  00000+0  40589-4 0  9999
2 51977  53.1609  52.1982 0001216  84.4405 275.6735 15.31698634244301
STARLINK-3649           
1 51980U 22025AA  26220.50004630  .00078471  00000+0  31766-2 0  9995
2 51980  53.1616  76.3425 0001907  18.5134 130.1976 15.24013141  5838
STARLINK-3635           
1 51981U 22025AB  26220.50004630  .00081461  00000+0  34565-2 0  9999
2 51981  53.1594  75.8933 0001275 127.5852 173.5842 15.22405477  5634
STARLINK-3655           
1 51983U 22025AD  26220.50004630  .00087585  00000+0  35049-2 0  9992
2 51983  53.1603  76.4522 0001036 131.2754 263.5032 15.24344979  5773
STARLINK-3664           
1 51984U 22025AE  26220.50004630  .00077531  00000+0  31925-2 0  9992
2 51984  53.1605  76.5090 0001625  69.1478 131.9799 15.23445574  5380
STARLINK-3651           
1 51985U 22025AF  26219.87475893  .00000626  00000+0  31943-4 0  9997
2 51985  53.1609  74.8908 0001097  82.7947 277.3179 15.31701811243951
STARLINK-3645           
1 51986U 22025AG  26220.50004630  .00084786  00000+0  35878-2 0  9995
2 51986  53.1597  76.2711 0002043 163.6975 201.6757 15.22476612  5729
STARLINK-3644           
1 51987U 22025AH  26219.87140049 -.00000312  00000+0  18954-5 0  9992
2 51987  53.1616  71.5918 0001087  76.8161 283.2963 15.34381574244004
STARLINK-3640           
1 51988U 22025AJ  26219.97264748  .00005680  00000+0  19458-3 0  9997
2 51988  53.1607  74.5139 0001218  96.4436 263.6704 15.31711997243975
STARLINK-3642           
1 51989U 22025AK  26219.99957311  .00000874  00000+0  37015-4 0  9995
2 51989  53.1609  71.0093 0001110  80.4477 279.6651 15.34391510244021
STARLINK-3657           
1 51990U 22025AL  26220.50004630  .00104753  00000+0  30786-2 0  9990
2 51990  53.1604  54.6792 0001872 124.0471  90.7027 15.34296014  5785
STARLINK-3652           
1 51991U 22025AM  26220.00379415 -.00002303  00000+0 -57045-4 0  9991
2 51991  53.1618  71.1125 0001217  83.0291 277.0850 15.34395130244027
STARLINK-3643           
1 51992U 22025AN  26219.82610242  .00003016  00000+0  97254-4 0  9992
2 51992  53.1616  53.9052 0001169  87.0208 273.0929 15.35423353243810
STARLINK-3648           
1 51993U 22025AP  26220.50004630  .00085828  00000+0  34127-2 0  9997
2 51993  53.1603  76.4217 0001508  88.8892 238.7655 15.24569280  5835
STARLINK-3647           
1 51994U 22025AQ  26220.50004630  .00042831  00000+0  12323-2 0  9999
2 51994  53.1599  54.6578 0001273 117.5901 185.7469 15.35386183  5833
STARLINK-3636           
1 51995U 22025AR  26220.25647584 -.00001356  00000+0 -31955-4 0  9996
2 51995  53.1609  52.2505 0000782  70.0782 290.0303 15.31685175243878
STARLINK-3538           
1 51996U 22025AS  26220.26099844  .00000711  00000+0  32964-4 0  9991
2 51996  53.1609  51.7284 0001305  89.6646 270.4506 15.33548078243895
STARLINK-3589           
1 51997U 22025AT  26220.26045383 -.00058839  00000+0 -17283-2 0  9992
2 51997  53.1611  51.6036 0001473  70.0319 290.0842 15.34681935243881
STARLINK-3618           
1 51998U 22025AU  26220.26771264  .00000019  00000+0  11447-4 0  9990
2 51998  53.1620  52.0781 0001100  89.9190 270.1939 15.35397568243891
STARLINK-3653           
1 52000U 22025AW  26220.50004630  .00039801  00000+0  11464-2 0  9996
2 52000  53.1602  54.8348 0000757 140.3590 287.1375 15.35385009  5837
STARLINK-3659           
1 52001U 22025AX  26220.50004630  .00075508  00000+0  21625-2 0  9991
2 52001  53.1597  54.8783 0001324  46.0848 344.5640 15.35276228  5838
STARLINK-3668           
1 52002U 22025AY  26220.50004630  .00039577  00000+0  11400-2 0  9998
2 52002  53.1602  54.8367 0000916 103.9974 328.1591 15.35386651  5838
STARLINK-3712           
1 52090U 22029C   26220.45641894  .00000909  00000+0  38972-4 0  9994
2 52090  53.1616 122.7149 0001321  83.0312 277.0841 15.33544377243639
STARLINK-3716           
1 52092U 22029E   26220.45587748  .00009229  00000+0  46561-3 0  9999
2 52092  53.1578 125.4848 0001268 101.2707 258.8431 15.17814361243597
STARLINK-3673           
1 52093U 22029F   26220.14437756  .00001084  00000+0  43216-4 0  9995
2 52093  53.1624 120.1868 0001220  94.9867 265.1275 15.34393350243649
STARLINK-3714           
1 52094U 22029G   26220.44116044 -.00000032  00000+0  10205-4 0  9998
2 52094  53.1615 122.6593 0001255  87.6317 272.4830 15.34385267243634
STARLINK-3701           
1 52095U 22029H   26220.41671955 -.00000115  00000+0  75979-5 0  9995
2 52095  53.1618 119.1177 0001170  87.2274 272.8863 15.35392768243681
STARLINK-3717           
1 52096U 22029J   26219.94660745  .00000184  00000+0  16915-4 0  9996
2 52096  53.1616 113.4984 0001194  85.1607 274.9531 15.33546079243708
STARLINK-3665           
1 52098U 22029L   26220.44399392  .00002266  00000+0  75850-4 0  9998
2 52098  53.1625 123.4555 0001372  88.4122 271.7038 15.35399760243624
STARLINK-3702           
1 52100U 22029N   26220.00002315 -.00010842  00000+0 -31048-3 0  9991
2 52100  53.1590 121.1158 0001429  80.9954 131.5310 15.34371847  5892
STARLINK-3703           
1 52101U 22029P   26220.42837162  .00000679  00000+0  30365-4 0  9991
2 52101  53.1626 123.5124 0001050  90.2311 269.8812 15.35399923243615
STARLINK-3709           
1 52102U 22029Q   26219.94085324  .00000549  00000+0  28017-4 0  9999
2 52102  53.1617 113.2545 0001131  87.8783 272.2349 15.33547065243718
STARLINK-3705           
1 52103U 22029R   26220.41167557  .00001451  00000+0  54083-4 0  9998
2 52103  53.1611 110.7948 0001214  89.9610 270.1532 15.34390005243785
STARLINK-3706           
1 52105U 22029T   26220.20995683 -.00041006  00000+0 -12015-2 0  9995
2 52105  53.1616 111.7389 0001376  72.0181 288.0971 15.34595779243754
STARLINK-3670           
1 52106U 22029U   26220.00782191  .00000089  00000+0  13777-4 0  9994
2 52106  53.1605 120.9869 0001152  81.1544 278.9589 15.34392245243604
STARLINK-3658           
1 52107U 22029V   26220.41549367  .00000141  00000+0  14950-4 0  9999
2 52107  53.1610 110.9368 0001247  89.4862 270.6284 15.35396438243782
STARLINK-3698           
1 52108U 22029W   26220.42286903  .00001171  00000+0  46921-4 0  9992
2 52108  53.1611 110.9050 0001296  87.1242 272.9909 15.33549336243787
STARLINK-3687           
1 52110U 22029Y   26220.42630083  .00000716  00000+0  33102-4 0  9998
2 52110  53.1616 110.9637 0001295  91.4953 268.6198 15.33545783243786
STARLINK-3708           
1 52111U 22029Z   26219.99985142  .00000796  00000+0  34696-4 0  9995
2 52111  53.1622 112.7262 0001053  92.4270 267.6853 15.34391578243726
STARLINK-3734           
1 52112U 22029AA  26220.50004630 -.01019287  00000+0 -36462-1 0  9997
2 52112  53.2174  88.1190 0001244  64.4163 177.9772 15.30998642  6000
STARLINK-3736           
1 52113U 22029AB  26219.90529733  .00001867  00000+0  68055-4 0  9994
2 52113  53.1611 112.9357 0001395  88.9975 271.1187 15.33561649243710
STARLINK-3737           
1 52114U 22029AC  26220.39276755  .00000963  00000+0  39635-4 0  9991
2 52114  53.1612 110.8746 0001196  90.4918 269.6222 15.34391422243785
STARLINK-3685           
1 52115U 22029AD  26220.40485758  .00001520  00000+0  56149-4 0  9998
2 52115  53.1611 109.0366 0001150  83.9990 276.1143 15.34383270243811
STARLINK-3735           
1 52116U 22029AE  26220.12009725  .00001327  00000+0  51666-4 0  9998
2 52116  53.1617 112.0983 0000924  88.1803 271.9305 15.33551877243749
STARLINK-3738           
1 52117U 22029AF  26220.43269845 -.00000441  00000+0 -19195-5 0  9994
2 52117  53.1609 110.6927 0001219  82.2561 277.8580 15.34384816243802
STARLINK-3743           
1 52118U 22029AG  26220.11961332  .00001723  00000+0  62111-4 0  9997
2 52118  53.1624 112.1706 0001164  96.1296 263.9839 15.34395923243747
STARLINK-3558           
1 52119U 22029AH  26220.50004630  .00033714  00000+0  10057-2 0  9995
2 52119  53.1594 108.6797 0001131  92.4848 108.4951 15.34362278  5910
STARLINK-3534           
1 52120U 22029AJ  26219.94049534 -.00001147  00000+0 -22838-4 0  9994
2 52120  53.1611 111.1500 0001323  99.7716 260.3436 15.34388130243757
STARLINK-3678           
1 52121U 22029AK  26220.50004630  .00073193  00000+0  43102-2 0  9990
2 52121  53.1598 107.1871 0002804 138.0406 107.4452 15.10965188  5838
STARLINK-3726           
1 52122U 22029AL  26220.00040895  .00000415  00000+0  23956-4 0  9993
2 52122  53.1606 113.0090 0001257  95.1053 265.0092 15.33550791243728
STARLINK-3725           
1 52123U 22029AM  26220.10088035  .00001263  00000+0  97441-4 0  9995
2 52123  53.1615 108.8270 0001300  92.9757 267.1384 15.08824926243796
STARLINK-3727           
1 52125U 22029AP  26220.37961220 -.00000005  00000+0  17805-4 0  9992
2 52125  53.1603 107.7487 0001373  90.6515 269.4633 15.08831030243831
STARLINK-3732           
1 52126U 22029AQ  26220.38698644  .00000579  00000+0  54515-4 0  9995
2 52126  53.1607 107.7168 0001305  88.4646 271.6495 15.08823712243825
STARLINK-3715           
1 52127U 22029AR  26220.50004630  .00074127  00000+0  41692-2 0  9996
2 52127  53.1617 107.1209 0002410 109.0953 251.0278 15.12615360  5781
STARLINK-3661           
1 52129U 22029AT  26220.50004630  .00068758  00000+0  39573-2 0  9996
2 52129  53.1609 107.1360 0001566  64.9351 327.7321 15.11826571  5770
STARLINK-3711           
1 52131U 22029AV  26220.39050691  .00016504  00000+0  75213-3 0  9998
2 52131  53.2096  97.2009 0001800  47.3936 312.7213 15.20802239243995
STARLINK-3718           
1 52132U 22029AW  26220.50004630  .00069751  00000+0  37394-2 0  9993
2 52132  53.1598 107.0098 0001249 119.8772 317.6499 15.14359062  5787
STARLINK-3707           
1 52133U 22029AX  26220.50004630  .00072181  00000+0  39358-2 0  9997
2 52133  53.1603 107.1180 0003326  90.5036  11.1190 15.13736956  5845
STARLINK-3721           
1 52134U 22029AY  26220.50004630  .00072483  00000+0  40286-2 0  9995
2 52134  53.1607 107.1487 0003125  73.6970 352.4285 15.13051544  5845
STARLINK-3720           
1 52136U 22029BA  26220.41878416  .00072422  00000+0  44263-2 0  9990
2 52136  53.1617 107.5609 0001422 103.0059 257.1092 15.09621308243849
STARLINK-3733           
1 52137U 22029BB  26220.40905112  .00000153  00000+0  27706-4 0  9991
2 52137  53.1609 107.6180 0001305  88.5470 271.5671 15.08834081243846
STARLINK-3723           
1 52138U 22029BC  26220.41641613  .00001254  00000+0  96867-4 0  9993
2 52138  53.1611 107.5865 0001337  87.0691 273.0453 15.08846828243840
STARLINK-3730           
1 52139U 22029BD  26220.41588169  .00001059  00000+0  42476-4 0  9990
2 52139  53.1612 110.7808 0001188  94.5481 265.5657 15.34386838243794
STARLINK-3682           
1 52140U 22029BE  26220.50004630  .00068911  00000+0  38983-2 0  9994
2 52140  53.1597 107.1566 0003022  95.4277  85.7812 15.12444021  5641
STARLINK-3761           
1 52262U 22041B   26220.50004630  .00012031  00000+0  66199-3 0  9996
2 52262  53.1596 147.0606 0002851 112.7115 112.6606 15.14453830  5838
STARLINK-3786           
1 52263U 22041C   26220.50004630  .00014199  00000+0  78124-3 0  9995
2 52263  53.1592 147.1108 0001816  97.4379 107.6818 15.14309070  5839
STARLINK-3795           
1 52264U 22041D   26220.48232270  .00000449  00000+0  24429-4 0  9999
2 52264  53.1601 139.0658 0001292  90.8699 269.2452 15.34388091237390
STARLINK-3740           
1 52265U 22041E   26220.07858121  .00000093  00000+0  13563-4 0  9996
2 52265  53.1615 142.9629 0001127  87.6851 272.4281 15.35401288237300
STARLINK-3739           
1 52266U 22041F   26220.07770591  .00010087  00000+0  61782-3 0  9990
2 52266  53.2127 148.9928 0002899  75.5899 284.5416 15.10757431237225
STARLINK-3748           
1 52267U 22041G   26220.16695121 -.00000402  00000+0 -60448-6 0  9999
2 52267  53.1634 142.8839 0001355  84.7995 275.3163 15.35392115237315
STARLINK-3746           
1 52268U 22041H   26220.50004630 -.00016689  00000+0 -48383-3 0  9992
2 52268  53.1591 140.4264 0001210  85.3954 114.4126 15.34403693  5897
STARLINK-3791           
1 52269U 22041J   26220.50004630  .00008366  00000+0  44820-3 0  9996
2 52269  53.1607 146.9545 0001619  68.5108 337.8162 15.15810323  5786
STARLINK-3804           
1 52270U 22041K   26220.50004630  .00015438  00000+0  87858-3 0  9994
2 52270  53.1591 147.1807 0000538 100.7217 242.8236 15.13031860  5835
STARLINK-3788           
1 52271U 22041L   26220.50004630  .00009716  00000+0  51357-3 0  9992
2 52271  53.1603 147.0078 0001117  24.7454  13.7672 15.16107796  5789
STARLINK-3781           
1 52272U 22041M   26220.06421333  .00003523  00000+0  12527-3 0  9993
2 52272  53.1621 143.1448 0001266  82.4381 277.6764 15.31693326237307
STARLINK-3782           
1 52273U 22041N   26220.47677477  .00001604  00000+0  63448-4 0  9998
2 52273  53.1625 132.0953 0002038  89.3451 270.7784 15.31698059237496
STARLINK-3790           
1 52274U 22041P   26220.08287401  .00000830  00000+0  38508-4 0  9999
2 52274  53.1608 143.3067 0001271  92.5953 267.5194 15.31706838237304
STARLINK-3784           
1 52275U 22041Q   26220.50004630  .00011950  00000+0  65787-3 0  9991
2 52275  53.1598 147.1045 0000714  64.5631 323.7141 15.14440102  5832
STARLINK-3778           
1 52276U 22041R   26220.50004630  .00012569  00000+0  69636-3 0  9996
2 52276  53.1607 147.1008 0003721  86.4675   3.8648 15.14166672  5841
STARLINK-3780           
1 52278U 22041T   26220.50004630  .00008242  00000+0  42210-3 0  9990
2 52278  53.1603 146.9321 0001383  76.1871 121.1513 15.17429170  5797
STARLINK-3764           
1 52280U 22041V   26220.05489350  .00001047  00000+0  45487-4 0  9995
2 52280  53.1612 143.3257 0001461  86.5974 273.5195 15.31704336237303
STARLINK-3779           
1 52281U 22041W   26220.50004630  .00019677  00000+0  10952-2 0  9995
2 52281  53.1603 147.1214 0004006  81.1332 354.0964 15.13656008  5849
STARLINK-3783           
1 52282U 22041X   26220.23734558  .00000275  00000+0  19701-4 0  9992
2 52282  53.1613 133.8070 0001222  82.8766 277.2376 15.33551732237445
STARLINK-3789           
1 52283U 22041Y   26220.50004630  .00016456  00000+0  88661-3 0  9992
2 52283  53.1606 147.0756 0003224  70.5662  72.8547 15.14942913  5782
STARLINK-3561           
1 52284U 22041Z   26220.14878440  .00001328  00000+0  48923-4 0  9991
2 52284  53.1626 134.7476 0001437  85.7992 274.3175 15.35431294237427
STARLINK-3802           
1 52286U 22041AB  26220.14078826  .00002885  00000+0  96565-4 0  9997
2 52286  53.1613 134.0730 0001307  94.3782 265.7370 15.34375282237435
STARLINK-3822           
1 52287U 22041AC  26220.08757728  .00001990  00000+0  75870-4 0  9998
2 52287  53.1618 143.5669 0001214  93.6337 266.4803 15.31707113237306
STARLINK-3776           
1 52288U 22041AD  26220.13868754  .00000581  00000+0  28353-4 0  9996
2 52288  53.1614 134.0999 0001402  97.2059 262.9103 15.34390201237431
STARLINK-3751           
1 52289U 22041AE  26220.24374691  .00003274  00000+0  11721-3 0  9993
2 52289  53.1603 133.1833 0001424  71.4921 288.6235 15.31707528237457
STARLINK-3772           
1 52290U 22041AF  26220.47452281  .00000237  00000+0  17693-4 0  9993
2 52290  53.1622 132.7453 0001301  90.0507 270.0645 15.35397423237480
STARLINK-3753           
1 52292U 22041AH  26220.05673596  .00001016  00000+0  41202-4 0  9992
2 52292  53.1632 134.4528 0001187  92.5133 267.6006 15.34392871237427
STARLINK-3771           
1 52293U 22041AJ  26220.00420328  .00007961  00000+0  24670-3 0  9995
2 52293  53.1633 134.7213 0001858  60.1286 299.9901 15.34375500237419
STARLINK-3777           
1 52294U 22041AK  26220.46422810 -.00000660  00000+0 -87354-5 0  9995
2 52294  53.1627 132.7686 0001279  64.8653 295.2482 15.33544651237485
STARLINK-3765           
1 52295U 22041AL  26220.50004630  .01084416  00000+0  20731-1 0  9999
2 52295  53.1598 132.1225 0001329  70.2334 311.6289 15.45042707  5859
STARLINK-3766           
1 52296U 22041AM  26220.17230658 -.00000462  00000+0 -25400-5 0  9996
2 52296  53.1620 133.9130 0001288  90.1400 269.9750 15.34382803237441
STARLINK-3758           
1 52297U 22041AN  26220.15027732  .00000385  00000+0  23044-4 0  9995
2 52297  53.1620 134.2859 0001295  76.8971 283.2176 15.33543693237431
STARLINK-3760           
1 52298U 22041AP  26220.16809575 -.00000005  00000+0  10996-4 0  9992
2 52298  53.1611 133.9313 0001313  90.3002 269.8151 15.34390235237447
STARLINK-3769           
1 52300U 22041AR  26220.48754690 -.00068126  00000+0 -20017-2 0  9990
2 52300  53.1613 132.4456 0001062  97.3241 262.7883 15.34737639238716
STARLINK-3768           
1 52301U 22041AS  26220.08482005  .00000457  00000+0  25241-4 0  9992
2 52301  53.1621 134.7061 0001273  81.4355 278.6792 15.33546282237420
STARLINK-3564           
1 52302U 22041AT  26220.45054035  .00001299  00000+0  53616-4 0  9994
2 52302  53.1611 120.2287 0001406 111.2703 248.8448 15.31694664237655
STARLINK-3742           
1 52303U 22041AU  26220.05774724  .00001118  00000+0  45302-4 0  9998
2 52303  53.1618 134.6996 0001178  93.2580 266.8557 15.33552670238640
STARLINK-3744           
1 52304U 22041AV  26220.14708909 -.00000779  00000+0 -11921-4 0  9995
2 52304  53.1613 124.7294 0001635  66.2314 293.8860 15.34381896237568
STARLINK-3724           
1 52305U 22041AW  26220.04830608  .00001622  00000+0  60623-4 0  9996
2 52305  53.1621 134.7070 0001150  92.6256 267.4878 15.33552510237424
STARLINK-3747           
1 52306U 22041AX  26220.15962688  .00000468  00000+0  24307-4 0  9999
2 52306  53.1628 124.1353 0001138  89.6172 270.4962 15.35401752238790
STARLINK-3755           
1 52307U 22041AY  26220.15994378 -.00016675  00000+0 -46994-3 0  9995
2 52307  53.1626 133.9934 0001123  74.0161 286.0965 15.35283954237441
STARLINK-3756           
1 52309U 22041BA  26220.11029217  .00000852  00000+0  39220-4 0  9997
2 52309  53.1608 121.7765 0001200  93.9016 266.2123 15.31707154238823
STARLINK-3688           
1 52310U 22041BB  26220.42721537  .00001594  00000+0  63108-4 0  9993
2 52310  53.1601 120.3043 0001206  91.3960 268.7180 15.31703608238873
STARLINK-3750           
1 52311U 22041BC  26220.42457154  .00002077  00000+0  74438-4 0  9990
2 52311  53.1613 123.0661 0001155  95.6950 264.4184 15.33554794238837
STARLINK-3752           
1 52312U 22041BD  26220.42435708  .00001727  00000+0  62283-4 0  9998
2 52312  53.1626 122.7391 0001213  96.9578 263.1562 15.34378569238845
STARLINK-3749           
1 52313U 22041BE  26220.44337872  .00000149  00000+0  15859-4 0  9998
2 52313  53.1625 122.8681 0001263  90.6193 269.4954 15.33547993238849
STARLINK-3889           
1 52331U 22045A   26220.40354416  .00000121  00000+0  25690-4 0  9995
2 52331  53.1584 247.6479 0001118  78.3281 281.7836 15.08829507238543
STARLINK-3831           
1 52332U 22045B   26220.34930034  .00000402  00000+0  43324-4 0  9991
2 52332  53.1584 247.9018 0001157  81.5700 278.5422 15.08830898238530
STARLINK-3847           
1 52333U 22045C   26220.34023417 -.00000002  00000+0  11705-4 0  9995
2 52333  53.1592 240.8781 0001134  77.6797 282.4332 15.31702684238627
STARLINK-3880           
1 52334U 22045D   26220.39985681  .00000351  00000+0  40175-4 0  9990
2 52334  53.1588 247.6638 0001081  83.5822 276.5292 15.08830936238530
STARLINK-3814           
1 52335U 22045E   26220.39618145  .00000240  00000+0  33147-4 0  9997
2 52335  53.1591 247.6812 0001121  84.0933 276.0186 15.08828312238546
STARLINK-3823           
1 52336U 22045F   26220.32584191 -.00002168  00000+0 -54608-4 0  9992
2 52336  53.1584 239.6111 0001222  84.0197 276.0944 15.33552941238650
STARLINK-3797           
1 52337U 22045G   26220.34098130  .00000132  00000+0  26369-4 0  9998
2 52337  53.1584 247.9286 0001158  80.2449 279.8673 15.08830500238531
STARLINK-3792           
1 52339U 22045J   26220.34829144  .00000596  00000+0  55538-4 0  9991
2 52339  53.1588 247.5386 0001157  86.0289 274.0835 15.08834044238544
STARLINK-3818           
1 52340U 22045K   26220.30171744 -.00000159  00000+0  64417-5 0  9998
2 52340  53.1611 231.3286 0001098  82.7363 277.3764 15.34389536238753
STARLINK-3843           
1 52341U 22045L   26220.38144653 -.00000648  00000+0 -22641-4 0  9992
2 52341  53.1586 247.6992 0001362  85.9837 274.1310 15.08834613238545
STARLINK-3850           
1 52342U 22045M   26220.50004630  .00087055  00000+0  30628-2 0  9994
2 52342  53.1608 236.4134 0001825 105.1190 108.7006 15.28614414  5831
STARLINK-3849           
1 52343U 22045N   26220.35203008  .00001323  00000+0  10123-3 0  9991
2 52343  53.1587 247.8796 0001143  79.7666 280.3455 15.08825631238549
STARLINK-3851           
1 52344U 22045P   26220.50004630  .00086828  00000+0  32961-2 0  9995
2 52344  53.1606 236.5459 0001537  56.5389 123.8886 15.26109740  5834
STARLINK-3852           
1 52345U 22045Q   26220.31077241 -.00000016  00000+0  11241-4 0  9999
2 52345  53.1589 234.8570 0001144  85.1984 274.9148 15.31701967238701
STARLINK-3812           
1 52346U 22045R   26220.35738389 -.00000163  00000+0  65253-5 0  9997
2 52346  53.1592 234.6366 0001235  84.0282 276.0861 15.31697023238721
STARLINK-3826           
1 52347U 22045S   26220.32304338 -.00000103  00000+0  81860-5 0  9994
2 52347  53.1582 231.4998 0001196  52.1817 307.9293 15.33552987238761
STARLINK-3829           
1 52348U 22045T   26220.31785907  .00001343  00000+0  49389-4 0  9994
2 52348  53.1595 233.0767 0001339  89.3937 270.7219 15.35403577238747
STARLINK-3819           
1 52349U 22045U   26220.20058919  .00068483  00000+0  19247-2 0  9995
2 52349  53.1596 232.2360 0002442 206.1768 153.9112 15.35910017238742
STARLINK-3754           
1 52350U 22045V   26220.34165657  .00001054  00000+0  42352-4 0  9996
2 52350  53.1601 231.1466 0001225  87.9366 272.1777 15.34379677238777
STARLINK-3838           
1 52352U 22045X   26220.50004630  .00085734  00000+0  34270-2 0  9994
2 52352  53.1608 236.5818 0001292  77.7442 209.2842 15.24393387  5838
STARLINK-3807           
1 52353U 22045Y   26220.29636920  .00000135  00000+0  15450-4 0  9997
2 52353  53.1589 231.6131 0001395  87.0633 273.0528 15.33547044238762
STARLINK-3877           
1 52355U 22045AA  26220.50004630  .00088434  00000+0  35739-2 0  9998
2 52355  53.1600 236.6509 0001815  66.9097 164.6476 15.24008327  5832
STARLINK-3801           
1 52356U 22045AB  26220.32274543 -.00000499  00000+0 -36058-5 0  9996
2 52356  53.1591 231.2548 0002016  29.5004 330.6112 15.34388452238777
STARLINK-3821           
1 52357U 22045AC  26220.27229913  .00002311  00000+0  79494-4 0  9995
2 52357  53.1603 231.5797 0001015  69.9097 290.2015 15.34405623238761
STARLINK-3837           
1 52358U 22045AD  26220.50004630  .00085458  00000+0  30553-2 0  9993
2 52358  53.1604 236.2900 0001973  97.6868 100.2701 15.28097506  5830
STARLINK-3853           
1 52359U 22045AE  26220.32941814  .00001588  00000+0  62924-4 0  9999
2 52359  53.1606 234.7781 0001200  75.7534 284.3601 15.31706574238728
STARLINK-3728           
1 52361U 22045AG  26220.28562188 -.00014603  00000+0 -40769-3 0  9996
2 52361  53.1593 231.7827 0000954  45.8441 314.2640 15.35464907238769
STARLINK-3848           
1 52362U 22045AH  26220.29319154 -.00000359  00000+0  18396-6 0  9997
2 52362  53.1592 220.6118 0001229  88.4458 271.6684 15.31699206238915
STARLINK-3830           
1 52363U 22045AJ  26220.30810125  .00002627  00000+0  88884-4 0  9990
2 52363  53.1587 231.9540 0001165  96.6337 263.4798 15.34389722238760
STARLINK-3820           
1 52364U 22045AK  26220.50004630  .00071761  00000+0  26497-2 0  9994
2 52364  53.1586 226.3404 0001162 129.7483 131.9272 15.27122272  5781
STARLINK-3874           
1 52365U 22045AL  26220.50004630  .00074236  00000+0  27107-2 0  9994
2 52365  53.1587 226.3478 0002229  91.5792  90.9376 15.27473735  5836
STARLINK-3808           
1 52366U 22045AM  26220.50004630  .00073258  00000+0  25815-2 0  9992
2 52366  53.1593 226.2836 0000446 136.0216 179.9150 15.28647480  5789
STARLINK-3817           
1 52367U 22045AN  26220.50004630  .00071825  00000+0  26339-2 0  9993
2 52367  53.1587 226.2961 0000999 132.7622 137.0422 15.27348998  5732
STARLINK-3834           
1 52368U 22045AP  26220.50004630  .00075684  00000+0  26566-2 0  9993
2 52368  53.1602 226.2885 0000755  32.9367 340.6879 15.28760269  5832
STARLINK-3841           
1 52369U 22045AQ  26220.50004630  .00077679  00000+0  29575-2 0  9993
2 52369  53.1584 226.4715 0001743  66.4659 132.1496 15.26068530  5783
STARLINK-3827           
1 52370U 22045AR  26220.50004630  .00076101  00000+0  27131-2 0  9990
2 52370  53.1595 226.3106 0001633  76.0917 246.4601 15.28248088  5789
STARLINK-3798           
1 52371U 22045AS  26220.29383580  .00000291  00000+0  21145-4 0  9999
2 52371  53.1600 222.9156 0001317  87.0017 273.1135 15.31705043238876
STARLINK-3796           
1 52372U 22045AT  26220.31956481  .00000356  00000+0  21107-4 0  9999
2 52372  53.1587 221.7397 0001194  85.9033 274.2107 15.35394884238897
STARLINK-3550           
1 52373U 22045AU  26220.29691458  .00000874  00000+0  36995-4 0  9993
2 52373  53.1600 219.6133 0001149  90.3327 269.7807 15.34390892238939
STARLINK-3762           
1 52374U 22045AV  26220.27433512 -.00000181  00000+0  57931-5 0  9993
2 52374  53.1595 221.5434 0001243  89.6768 270.4377 15.34389238238904
STARLINK-3785           
1 52375U 22045AW  26220.31327030  .00001193  00000+0  45111-4 0  9995
2 52375  53.1588 221.7430 0001355  79.5838 280.5318 15.35400789238908
STARLINK-3805           
1 52377U 22045AY  26220.50004630  .00079658  00000+0  26924-2 0  9996
2 52377  53.1605 226.3233 0002008  50.6028  38.9270 15.29964363  5729
STARLINK-3806           
1 52378U 22045AZ  26220.50004630  .00074484  00000+0  26323-2 0  9992
2 52378  53.1586 226.2779 0002308  67.6459  90.2307 15.28544784  5790
STARLINK-3800           
1 52379U 22045BA  26220.33372515  .00022823  00000+0  77273-3 0  9995
2 52379  53.1592 224.1384 0001722  68.8052 291.3133 15.30517746238877
STARLINK-3793           
1 52380U 22045BB  26220.29619591  .00000063  00000+0  12727-4 0  9996
2 52380  53.1592 211.3413 0001286  88.9336 271.1815 15.35396144239048
STARLINK-3799           
1 52382U 22045BD  26220.50004630  .00084854  00000+0  17047-2 0  9992
2 52382  53.2111 210.1245 0002114  66.1463 354.1169 15.45950617  5922
STARLINK-3811           
1 52383U 22045BE  26220.21768568  .00001800  00000+0  66038-4 0  9994
2 52383  53.1579 211.9206 0001214  89.0557 271.0585 15.33553319239039
STARLINK-3909           
1 52452U 22049B   26220.41271608  .00000239  00000+0  33136-4 0  9999
2 52452  53.1616 107.4757 0001198  88.7570 271.3559 15.08835277235016
STARLINK-3872           
1 52453U 22049C   26220.12937300  .00000108  00000+0  24888-4 0  9995
2 52453  53.1605 108.8754 0001449  90.4523 269.6634 15.08828981234976
STARLINK-3888           
1 52454U 22049D   26220.00057217 -.00000068  00000+0  13841-4 0  9996
2 52454  53.1608 109.4530 0001501  88.2845 271.8319 15.08831082234959
STARLINK-3890           
1 52455U 22049E   26220.39161730 -.00000574  00000+0 -17989-4 0  9995
2 52455  53.1609 107.6956 0001556  88.7228 271.3942 15.08820343235016
STARLINK-3896           
1 52456U 22049F   26220.50004630  .00076454  00000+0  42416-2 0  9993
2 52456  53.1597 107.1732 0001300 285.6288 341.1334 15.13090812  5787
STARLINK-3899           
1 52457U 22049G   26219.98584804  .00001017  00000+0  81988-4 0  9992
2 52457  53.1608 109.5098 0001405  93.5628 266.5524 15.08834071234953
STARLINK-3898           
1 52458U 22049H   26220.38056890 -.00000120  00000+0  10589-4 0  9992
2 52458  53.1607 107.7453 0001411  87.0422 273.0731 15.08831094235018
STARLINK-3856           
1 52459U 22049J   26220.00002315  .00013508  00000+0  42137-3 0  9991
2 52459  53.1609  97.0306 0001153  82.2737 259.3484 15.33543898  5813
STARLINK-3900           
1 52461U 22049L   26220.50004630  .00040736  00000+0  12433-2 0  9999
2 52461  53.1599  84.7693 0001115  87.6489 113.8554 15.33547168  5790
STARLINK-3903           
1 52462U 22049M   26220.50004630  .00081818  00000+0  26735-2 0  9996
2 52462  53.1600  94.8940 0001440  94.9406  66.9557 15.31044484  5794
STARLINK-3885           
1 52463U 22049N   26220.50004630  .00049700  00000+0  15141-2 0  9990
2 52463  53.1601  84.8913 0001368  74.4003  84.7082 15.33515279  5798
STARLINK-3904           
1 52464U 22049P   26220.50004630  .00040377  00000+0  11638-2 0  9999
2 52464  53.1755  94.8827 0001069 110.6215  37.7004 15.35358856  5734
STARLINK-3863           
1 52465U 22049Q   26220.50004630  .00084189  00000+0  26623-2 0  9999
2 52465  53.1592  85.4771 0001800  99.3907 137.8512 15.32082139  5845
STARLINK-3873           
1 52467U 22049S   26220.37428828 -.00000282  00000+0  28439-5 0  9998
2 52467  53.1616  95.1819 0001546  95.1752 264.9428 15.35393541235189
STARLINK-3864           
1 52468U 22049T   26220.50004630  .00084524  00000+0  26913-2 0  9997
2 52468  53.1611  94.9221 0001582  74.3823 174.2209 15.31860589  5684
STARLINK-3828           
1 52469U 22049U   26220.50004630  .00050014  00000+0  15232-2 0  9997
2 52469  53.1598  94.5898 0001096  71.8283 311.1412 15.33522483  5832
STARLINK-3859           
1 52470U 22049V   26220.26764712 -.00200623  00000+0 -59936-2 0  9990
2 52470  53.1605  95.4655 0001279  73.9797 286.1346 15.34878954235177
STARLINK-3862           
1 52471U 22049W   26219.93511954  .00000314  00000+0  21885-4 0  9998
2 52471  53.1604  92.6292 0001127  85.3474 274.7656 15.31704616235182
STARLINK-3881           
1 52472U 22049X   26220.50004630  .00047496  00000+0  14475-2 0  9999
2 52472  53.1597  94.6334 0001048  89.6850   6.5438 15.33524331  5786
STARLINK-3879           
1 52473U 22049Y   26220.50004630  .00086713  00000+0  28578-2 0  9994
2 52473  53.1602  94.7211 0001709  50.3994 320.9863 15.30738868  5589
STARLINK-3882           
1 52475U 22049AA  26219.94962124  .00003307  00000+0  10565-3 0  9999
2 52475  53.1609  97.0644 0000763  97.4002 262.7088 15.35407505235128
STARLINK-3835           
1 52476U 22049AB  26220.50004630  .00087606  00000+0  26236-2 0  9998
2 52476  53.1598  85.4958 0001631 132.0121 153.0429 15.33795529  5779
STARLINK-3860           
1 52477U 22049AC  26220.35445941  .00000579  00000+0  27499-4 0  9994
2 52477  53.1627  85.0920 0001474  86.9411 273.1761 15.35396455236565
STARLINK-3825           
1 52478U 22049AD  26220.50004630  .00081287  00000+0  26859-2 0  9990
2 52478  53.1592  95.4916 0001462  53.6579   0.0907 15.30688727  5788
STARLINK-3878           
1 52479U 22049AE  26220.00611150  .00001362  00000+0  10372-3 0  9997
2 52479  53.1605  89.4287 0001467 105.9681 254.1472 15.08823612236478
STARLINK-3839           
1 52480U 22049AF  26220.50004630  .00043932  00000+0  12639-2 0  9999
2 52480  53.1598  94.6528 0001423  95.0861  50.7662 15.35377847  5781
STARLINK-3813           
1 52482U 22049AH  26220.50004630  .00044801  00000+0  13672-2 0  9995
2 52482  53.1615  84.5857 0001587  84.9356  28.8124 15.33508042  5581
STARLINK-3875           
1 52483U 22049AJ  26220.50004630  .00061540  00000+0  17625-2 0  9997
2 52483  53.1610  84.6785 0001024 105.6432 261.6872 15.35368665  5786
STARLINK-3887           
1 52484U 22049AK  26220.50004630  .00084594  00000+0  26503-2 0  9997
2 52484  53.1596  94.8092 0000916  94.3421 352.7259 15.32377663  5781
STARLINK-3913           
1 52485U 22049AL  26219.95676927  .00000945  00000+0  40070-4 0  9994
2 52485  53.1618  87.0707 0000953  92.7071 267.4040 15.33544997235263
STARLINK-3918           
1 52486U 22049AM  26220.38472476  .00000621  00000+0  28707-4 0  9991
2 52486  53.1627  95.0531 0001094  71.9316 288.1807 15.35395892235199
STARLINK-3902           
1 52487U 22049AN  26220.35375735  .00002340  00000+0  77973-4 0  9998
2 52487  53.1620  85.2711 0001457 115.8255 244.2899 15.35404441236564
STARLINK-3892           
1 52488U 22049AP  26220.12447009  .00005859  00000+0  18938-3 0  9991
2 52488  53.1622  96.3118 0001496  83.2416 276.8757 15.33539492235152
STARLINK-3923           
1 52489U 22049AQ  26219.93641499  .00001976  00000+0  71368-4 0  9991
2 52489  53.1612  97.1919 0001197  82.0105 278.1033 15.33555214235129
STARLINK-3914           
1 52490U 22049AR  26219.85522449  .00001018  00000+0  82031-4 0  9993
2 52490  53.1612  90.1094 0001422  95.2045 264.9109 15.08840405235216
STARLINK-3908           
1 52491U 22049AS  26220.32625227 -.00000195  00000+0  58411-5 0  9998
2 52491  53.1607  87.9897 0001365  88.0250 272.0898 15.08832014235289
STARLINK-3916           
1 52492U 22049AT  26220.50004630  .00055069  00000+0  15794-2 0  9991
2 52492  53.1600  84.4028 0001063  90.2432 219.4590 15.35374802  5839
STARLINK-3883           
1 52493U 22049AU  26220.50004630  .00076394  00000+0  23163-2 0  9995
2 52493  53.1614  84.8981 0001022 135.3170 219.4126 15.33470190  5832
STARLINK-3857           
1 52494U 22049AV  26220.34013693  .00000341  00000+0  20690-4 0  9990
2 52494  53.1607  79.9430 0001208  72.8158 287.2978 15.35399324235403
STARLINK-3871           
1 52496U 22049AX  26220.00797499  .00000389  00000+0  22075-4 0  9999
2 52496  53.1618  80.9572 0001370 103.2901 256.8255 15.35394642235353
STARLINK-3884           
1 52497U 22049AY  26220.50004630  .00083070  00000+0  26320-2 0  9996
2 52497  53.1615  84.8318 0000974  91.4533  19.8094 15.32026832  5780
STARLINK-3925           
1 52498U 22049AZ  26220.50004630  .00087664  00000+0  49279-2 0  9998
2 52498  53.1607  77.1812 0003446 116.3782 357.3678 15.12542472  5831
STARLINK-3866           
1 52500U 22049BB  26220.50004630  .00077295  00000+0  43839-2 0  9997
2 52500  53.1603  77.1778 0002429 107.9185  30.2916 15.12292755  5833
STARLINK-3907           
1 52501U 22049BC  26220.50004630  .00046703  00000+0  14236-2 0  9997
2 52501  53.1605  84.8407 0000924  79.3233  62.0234 15.33524701  5786
STARLINK-3912           
1 52502U 22049BD  26220.50004630  .00084399  00000+0  47817-2 0  9992
2 52502  53.1601  77.2070 0002269  79.7416  76.1085 15.12284091  5834
STARLINK-3861           
1 52503U 22049BE  26220.50004630  .00077870  00000+0  32904-2 0  9990
2 52503  53.1618  76.4849 0001379  66.0779  87.1729 15.22569948  5835
STARLINK-3958           
1 52535U 22051C   26220.10835914 -.00005140  00000+0 -14488-3 0  9992
2 52535  53.1619 164.4941 0001218 102.2070 257.9068 15.33584895234366
STARLINK-3964           
1 52536U 22051D   26220.14466056  .00000383  00000+0  22482-4 0  9990
2 52536  53.1628 164.0468 0001180  90.0209 270.0928 15.34390391234372
STARLINK-3897           
1 52537U 22051E   26220.15879497  .00000169  00000+0  15761-4 0  9993
2 52537  53.1628 164.8797 0001403  82.7155 277.4007 15.35397952234361
STARLINK-3933           
1 52538U 22051F   26220.09791775  .00000567  00000+0  27939-4 0  9991
2 52538  53.1610 160.3652 0001331  87.5146 272.6008 15.34382442234429
STARLINK-3757           
1 52539U 22051G   26220.16388704 -.00000104  00000+0  81766-5 0  9991
2 52539  53.1620 164.2433 0001291  83.2870 276.8280 15.33544886234376
STARLINK-3940           
1 52540U 22051H   26220.13628553 -.00002934  00000+0 -73183-4 0  9996
2 52540  53.1620 164.9319 0001272  98.1770 261.9377 15.35414902234369
STARLINK-3845           
1 52541U 22051J   26220.15514984  .00001940  00000+0  66519-4 0  9990
2 52541  53.1631 168.9861 0001773  84.5170 275.6035 15.35406500234309
STARLINK-3937           
1 52542U 22051K   26220.30811441 -.00000612  00000+0 -66192-5 0  9991
2 52542  53.1608 159.7035 0001629  97.5749 262.5439 15.35402605234452
STARLINK-3926           
1 52543U 22051L   26220.13921290 -.00000157  00000+0  64157-5 0  9999
2 52543  53.1623 164.8732 0001102  86.6811 273.4318 15.35403027234362
STARLINK-3944           
1 52544U 22051M   26220.13629019  .00001221  00000+0  94827-4 0  9992
2 52544  53.1615 173.8549 0001514 113.7453 246.3698 15.08820841234234
STARLINK-3948           
1 52546U 22051P   26220.11532894  .00000722  00000+0  31605-4 0  9996
2 52546  53.1609 160.7045 0001127  94.5110 265.6022 15.35404254234423
STARLINK-3931           
1 52548U 22051R   26220.10983988  .00001128  00000+0  45636-4 0  9991
2 52548  53.1615 164.3471 0001273  91.4077 268.7071 15.33547754234378
STARLINK-3935           
1 52549U 22051S   26220.11991770  .00000076  00000+0  13072-4 0  9991
2 52549  53.1618 164.9138 0001149  84.4151 275.6984 15.35396994234364
STARLINK-3965           
1 52550U 22051T   26220.11701452  .00004338  00000+0  13515-3 0  9995
2 52550  53.1607 164.3105 0001301  87.3663 272.7489 15.35412060234374
STARLINK-3969           
1 52551U 22051U   26220.13223548  .00001091  00000+0  44499-4 0  9992
2 52551  53.1614 164.3262 0001230  89.8959 270.2185 15.33547946234379
STARLINK-3966           
1 52552U 22051V   26220.12061715 -.00001227  00000+0 -27768-4 0  9991
2 52552  53.1625 163.7459 0001333  79.3449 280.7702 15.31718290234387
STARLINK-3770           
1 52554U 22051X   26220.13259405  .00000783  00000+0  67288-4 0  9994
2 52554  53.1601 173.8621 0001581  52.2385 307.8750 15.08834710234238
STARLINK-3943           
1 52557U 22051AA  26220.09012089  .00001104  00000+0  43825-4 0  9996
2 52557  53.1621 165.0000 0001308  92.4540 267.6613 15.34390561234368
STARLINK-3953           
1 52559U 22051AC  26220.50004630  .00006386  00000+0  35679-3 0  9991
2 52559  53.1591 157.2986 0003207 106.6860  19.8664 15.14712515  5785
STARLINK-3956           
1 52560U 22051AD  26220.50004630  .00016246  00000+0  97335-3 0  9996
2 52560  53.1590 157.1972 0003139 133.2229  32.1380 15.11134699  5836
STARLINK-3955           
1 52561U 22051AE  26220.13281432 -.00002573  00000+0 -62928-4 0  9994
2 52561  53.1627 168.3767 0001442 100.3693 259.7472 15.35380292234313
STARLINK-3957           
1 52562U 22051AF  26220.07055595 -.00000084  00000+0  86422-5 0  9997
2 52562  53.1604 150.7745 0001240  89.9239 270.1906 15.34391138234559
STARLINK-3942           
1 52563U 22051AG  26220.18127711 -.00000892  00000+0 -14658-4 0  9999
2 52563  53.1624 168.6375 0001343  82.1011 278.0145 15.35403475234311
STARLINK-3959           
1 52564U 22051AH  26220.18507177  .00000648  00000+0  58780-4 0  9999
2 52564  53.1608 173.6332 0001165  83.7721 276.3403 15.08832386234247
STARLINK-3911           
1 52565U 22051AJ  26220.50004630  .00008535  00000+0  49614-3 0  9990
2 52565  53.1588 157.1601 0001558  99.9243 105.4011 15.12856045  5836
STARLINK-3938           
1 52566U 22051AK  26220.13480246  .00003049  00000+0  98363-4 0  9992
2 52566  53.1621 169.3696 0001286  71.0031 289.1112 15.35373908234303
STARLINK-3929           
1 52567U 22051AL  26220.07090342  .00000314  00000+0  19903-4 0  9995
2 52567  53.1613 150.8220 0001208  83.5568 276.5573 15.35398835234554
STARLINK-3930           
1 52568U 22051AM  26220.06847511 -.00000138  00000+0  70682-5 0  9990
2 52568  53.1608 150.9179 0001333  85.8091 274.3064 15.34385357234553
STARLINK-3927           
1 52569U 22051AN  26220.08976450  .00000545  00000+0  29337-4 0  9999
2 52569  53.1609 152.3847 0001217  86.7884 273.3257 15.31701154234539
STARLINK-3901           
1 52574U 22051AQ  26220.17602499  .00004220  00000+0  13096-3 0  9992
2 52574  53.1594 150.1286 0002616  66.7306 293.3972 15.35611447234571
STARLINK-3932           
1 52576U 22051AS  26220.50004630  .00000692  00000+0  49715-4 0  9991
2 52576  53.1592 156.9870 0002356  54.2430  54.2496 15.17413294  5835
STARLINK-3836           
1 52577U 22051AT  26220.14942552  .00000141  00000+0  15326-4 0  9996
2 52577  53.1606 166.0176 0001212 110.3362 249.7771 15.34387037234353
STARLINK-3833           
1 52578U 22051AU  26220.14544945  .00000390  00000+0  22078-4 0  9999
2 52578  53.1618 166.6600 0001360  98.4287 261.6871 15.35398375234342
STARLINK-3893           
1 52579U 22051AV  26220.50004630  .00409805  00000+0  20814-2 0  9990
2 52579  53.2172 151.5285 0000917 122.1270 278.5772 15.79810978  5973
STARLINK-3919           
1 52580U 22051AW  26220.15194715  .00000587  00000+0  54975-4 0  9998
2 52580  53.1603 173.7850 0001578  77.2108 282.9060 15.08841279234244
STARLINK-3915           
1 52581U 22051AX  26220.50004630  .00006648  00000+0  37089-3 0  9994
2 52581  53.1595 157.1121 0002847  74.1553 354.7877 15.14698029  5848
STARLINK-3895           
1 52583U 22051AZ  26220.50004630  .00000968  00000+0  57606-4 0  9993
2 52583  53.1612 156.6268 0002311  88.3761 252.8564 15.21005320  5845
STARLINK-3922           
1 52584U 22051BA  26220.50004630  .00006400  00000+0  34403-3 0  9990
2 52584  53.1595 157.0492 0003086  70.4422  10.7499 15.16088257  5848
STARLINK-3906           
1 52585U 22051BB  26220.15054172  .00000188  00000+0  29894-4 0  9994
2 52585  53.1613 158.7397 0001451  78.5944 281.5211 15.08830547234453
STARLINK-3910           
1 52586U 22051BC  26220.50004630  .00014698  00000+0  86865-3 0  9999
2 52586  53.1595 157.1918 0001990  56.8417  11.9026 15.11708220  5795
STARLINK-3867           
1 52587U 22051BD  26220.27149725  .00000037  00000+0  12961-4 0  9998
2 52587  53.1593 151.1119 0001322  94.2617 265.8536 15.31689576234578
STARLINK-3917           
1 52588U 22051BE  26220.50004630  .00002873  00000+0  16979-3 0  9992
2 52588  53.1591 157.0875 0002569  88.4429  93.4457 15.14662603  5836
STARLINK-4019           
1 52598U 22052A   26220.53779367 -.00000511  00000+0 -37465-5 0  9997
2 52598  53.1613 317.3728 0001127  82.3933 277.7198 15.35397264234577
STARLINK-4024           
1 52599U 22052B   26220.43150215  .00000544  00000+0  29283-4 0  9994
2 52599  53.1613 309.8600 0001246  81.9718 278.1425 15.31701010234674
STARLINK-4026           
1 52600U 22052C   26220.51640563 -.00001614  00000+0 -40278-4 0  9994
2 52600  53.1611 311.9034 0000888  83.0535 277.0567 15.31686920234656
STARLINK-4027           
1 52601U 22052D   26220.50004630  .00014915  00000+0  65112-3 0  9992
2 52601  53.1593 316.1773 0001773 104.4659 128.4277 15.22354621  5789
STARLINK-4012           
1 52602U 22052E   26220.50004630  .00014829  00000+0  64819-3 0  9990
2 52602  53.1592 316.2056 0001708 106.3192 133.3553 15.22314863  5792
STARLINK-4016           
1 52603U 22052F   26220.49236752 -.00000187  00000+0  57392-5 0  9994
2 52603  53.1611 309.0692 0000799  69.9230 290.1858 15.31699176234693
STARLINK-4013           
1 52604U 22052G   26220.50004630  .00019775  00000+0  83006-3 0  9996
2 52604  53.1590 316.2331 0000321 248.6947  14.6637 15.23484016  5788
STARLINK-4000           
1 52605U 22052H   26220.49381463 -.00054004  00000+0 -15699-2 0  9995
2 52605  53.1616 316.4373 0001115  64.9662 295.1457 15.34968419233786
STARLINK-3928           
1 52606U 22052J   26220.51074083 -.00000381  00000+0 -32871-5 0  9999
2 52606  53.1613 316.1529 0000873  74.8586 285.2506 15.17588638233797
STARLINK-3947           
1 52607U 22052K   26220.50388728  .00000578  00000+0  30369-4 0  9998
2 52607  53.1612 317.9809 0001058  77.7320 282.3799 15.31703842233751
STARLINK-3979           
1 52608U 22052L   26220.50004630  .00016640  00000+0  77830-3 0  9996
2 52608  53.1589 316.3988 0001560  42.9326 196.4903 15.19899899  5836
STARLINK-3997           
1 52609U 22052M   26220.50004630  .00010348  00000+0  40156-3 0  9997
2 52609  53.1594 316.1973 0000956 117.0425 260.4359 15.26680205  5831
STARLINK-3998           
1 52610U 22052N   26220.53677715  .00000115  00000+0  14210-4 0  9996
2 52610  53.1606 317.4424 0001101  80.4454 279.6673 15.35398114233761
STARLINK-3980           
1 52611U 22052P   26220.48791918 -.00000228  00000+0  43630-5 0  9998
2 52611  53.1611 317.9278 0001079  78.4182 281.6942 15.35397409233767
STARLINK-4002           
1 52612U 22052Q   26220.50004630  .00009845  00000+0  40996-3 0  9993
2 52612  53.1610 315.9615 0001222  81.4072  42.7808 15.24366735  5830
STARLINK-3982           
1 52614U 22052S   26220.26235413  .00017474  00000+0  24534-3 0  9990
2 52614  53.2060 222.6304 0004352  64.6020 295.5443 15.56842787235091
STARLINK-4011           
1 52615U 22052T   26220.51141803  .00000770  00000+0  32981-4 0  9995
2 52615  53.1624 317.4037 0001300  61.5977 298.5157 15.35401293233767
STARLINK-3996           
1 52617U 22052V   26220.50105272  .00000663  00000+0  59755-4 0  9995
2 52617  53.1610 307.2104 0001027  82.7865 277.3243 15.08835822233909
STARLINK-3983           
1 52618U 22052W   26220.51779493  .00001629  00000+0  57588-4 0  9994
2 52618  53.1608 303.7771 0001308  80.6409 279.4742 15.35404751233956
STARLINK-3741           
1 52619U 22052X   26220.49871704  .00000423  00000+0  23039-4 0  9995
2 52619  53.1605 300.9176 0001132  84.9833 275.1300 15.35400550233995
STARLINK-3975           
1 52620U 22052Y   26220.51667370  .00000615  00000+0  30034-4 0  9998
2 52620  53.1605 316.7752 0000989  76.4309 283.6803 15.33547339233778
STARLINK-3984           
1 52621U 22052Z   26220.50004630  .00026294  00000+0  86622-3 0  9996
2 52621  53.1604 303.9157 0000723  48.7929 265.4078 15.31320838  5850
STARLINK-4008           
1 52622U 22052AA  26220.49476830  .00002517  00000+0  83081-4 0  9999
2 52622  53.1603 317.7348 0000734  99.1793 260.9294 15.35382315233761
STARLINK-3986           
1 52623U 22052AB  26220.50004630 -.00009942  00000+0 -27448-3 0  9992
2 52623  53.1590 303.5119 0001087  61.6237 118.0169 15.35399896  5847
STARLINK-3988           
1 52625U 22052AD  26220.52532175  .00000759  00000+0  32657-4 0  9990
2 52625  53.1609 303.3505 0001063  74.7226 285.3894 15.35402717233960
STARLINK-3990           
1 52626U 22052AE  26220.46837735  .00001690  00000+0  59342-4 0  9999
2 52626  53.1609 302.8834 0001219  48.1715 311.9392 15.35402088233961
STARLINK-3992           
1 52627U 22052AF  26220.49838586  .00003028  00000+0  97649-4 0  9997
2 52627  53.1605 304.0060 0001033  73.6920 286.4197 15.35404881233960
STARLINK-4001           
1 52628U 22052AG  26220.54439664  .00001131  00000+0  43299-4 0  9993
2 52628  53.1611 317.3769 0001123  47.0590 313.0507 15.35409425233779
STARLINK-4022           
1 52629U 22052AH  26220.53048843 -.00000535  00000+0 -15544-4 0  9999
2 52629  53.1604 307.0393 0001124  91.3304 268.7816 15.08833339233917
STARLINK-3989           
1 52630U 22052AJ  26220.52277530  .00000303  00000+0  21543-4 0  9994
2 52630  53.1602 299.8697 0001005  79.9240 280.1875 15.31690800234016
STARLINK-3794           
1 52631U 22052AK  26220.48971513  .00001252  00000+0  46814-4 0  9994
2 52631  53.1597 301.2209 0001122  49.8258 310.2843 15.35392168234001
STARLINK-3995           
1 52632U 22052AL  26220.54153595 -.00000496  00000+0 -13049-4 0  9999
2 52632  53.1607 307.0288 0001218  83.5625 276.5505 15.08831922233929
STARLINK-3994           
1 52633U 22052AM  26220.51945404 -.00001287  00000+0 -62786-4 0  9996
2 52633  53.1628 307.1244 0001458  90.2587 269.8571 15.08830660233920
STARLINK-3974           
1 52634U 22052AN  26220.49322678  .00000551  00000+0  26715-4 0  9999
2 52634  53.1609 304.0434 0001240  68.9652 291.1483 15.35398060233957
STARLINK-3978           
1 52635U 22052AP  26220.46933356  .00002983  00000+0  10785-3 0  9998
2 52635  53.1596 291.4036 0001491  89.1680 270.9492 15.31698421234130
STARLINK-3967           
1 52636U 22052AQ  26220.50004630 -.00003257  00000+0 -82568-4 0  9994
2 52636  53.1593 304.4149 0001105  69.3488 147.5662 15.35377779  5796
STARLINK-3961           
1 52637U 22052AR  26220.45998042  .00002468  00000+0  91246-4 0  9992
2 52637  53.1600 291.3849 0001181  78.1296 281.9838 15.31706625234936
STARLINK-3941           
1 52638U 22052AS  26220.48828375 -.00000581  00000+0 -57555-5 0  9999
2 52638  53.1600 300.5906 0001206  86.0982 274.0159 15.35395760234816
STARLINK-3968           
1 52639U 22052AT  26220.49294671  .00001511  00000+0  55852-4 0  9996
2 52639  53.1605 293.1020 0001133  85.9610 274.1522 15.34389420234912
STARLINK-3977           
1 52640U 22052AU  26220.47612209  .00003601  00000+0  11404-3 0  9993
2 52640  53.1594 293.5393 0001331  81.8098 278.3056 15.35412084234094
STARLINK-3991           
1 52641U 22052AV  26220.43667029 -.00000006  00000+0  11555-4 0  9995
2 52641  53.1600 291.3976 0001082  79.6739 280.4385 15.31700146234135
STARLINK-3971           
1 52642U 22052AW  26220.49830247  .00001223  00000+0  45968-4 0  9992
2 52642  53.1603 293.0594 0001047  58.0912 302.0193 15.35403389234107
STARLINK-3963           
1 52643U 22052AX  26220.49726769 -.00000122  00000+0  78266-5 0  9992
2 52643  53.1603 291.1841 0001007  80.9437 279.1679 15.31703010234130
STARLINK-3985           
1 52644U 22052AY  26220.48812859  .00000836  00000+0  34855-4 0  9994
2 52644  53.1609 293.7406 0000854  57.7898 302.3188 15.35403122234098
STARLINK-3973           
1 52645U 22052AZ  26220.47860230  .00000997  00000+0  43871-4 0  9996
2 52645  53.1595 291.1006 0001088  78.2992 281.8131 15.31705959234137
STARLINK-3832           
1 52646U 22052BA  26220.50138112  .00000366  00000+0  22462-4 0  9991
2 52646  53.1612 292.5328 0001226  83.5799 276.5343 15.33551911234122
STARLINK-3854           
1 52648U 22052BC  26220.51237844 -.00001146  00000+0 -23520-4 0  9991
2 52648  53.1609 292.6376 0001216  71.6192 288.4942 15.33550952234118
STARLINK-3868           
1 52649U 22052BD  26220.47393838  .00000289  00000+0  21074-4 0  9990
2 52649  53.1598 291.1284 0001132  85.5656 274.5475 15.31703852234141
STARLINK-3891           
1 52650U 22052BE  26220.50004630  .00020644  00000+0  60172-3 0  9993
2 52650  53.1604 284.6585 0001007  60.1286 316.1116 15.35367894  5834
STARLINK-4004           
1 52656U 22053A   26220.18910807  .00001192  00000+0  45073-4 0  9997
2 52656  53.1610 190.1827 0001139  88.9382 271.1752 15.35403804234032
STARLINK-4084           
1 52657U 22053B   26220.20110448  .00001573  00000+0  62452-4 0  9997
2 52657  53.1599 187.3692 0001326  92.9373 267.1780 15.31702360234378
STARLINK-4082           
1 52658U 22053C   26220.25218375 -.00000231  00000+0  35627-5 0  9997
2 52658  53.1600 193.3212 0001261  81.6576 278.4558 15.08834445234119
STARLINK-3960           
1 52659U 22053D   26220.23360031  .00000964  00000+0  40654-4 0  9990
2 52659  53.1617 189.7037 0001323  90.3413 269.7741 15.33547773234152
STARLINK-4081           
1 52660U 22053E   26220.19177050  .00000430  00000+0  25608-4 0  9994
2 52660  53.1597 187.4334 0001144  91.7242 268.3891 15.31705398234071
STARLINK-4044           
1 52662U 22053G   26220.43251807  .00000562  00000+0  53441-4 0  9998
2 52662  53.1589 192.5130 0001467  86.4059 273.7100 15.08830262233952
STARLINK-4037           
1 52663U 22053H   26220.16387082  .00000125  00000+0  25972-4 0  9997
2 52663  53.1585 193.7252 0001195  78.9432 281.1694 15.08830966233914
STARLINK-4070           
1 52664U 22053J   26220.23749375  .00000436  00000+0  45481-4 0  9995
2 52664  53.1601 193.3884 0001327  64.9652 295.1477 15.08831077233926
STARLINK-4064           
1 52665U 22053K   26220.21907130  .00000109  00000+0  24953-4 0  9997
2 52665  53.1599 193.4755 0001145  65.8539 294.2572 15.08831435233927
STARLINK-4079           
1 52666U 22053L   26220.18959008  .00000256  00000+0  34155-4 0  9993
2 52666  53.1598 193.2219 0001205  66.9530 293.1588 15.08832405233923
STARLINK-4076           
1 52667U 22053M   26220.21540215 -.00001722  00000+0 -90139-4 0  9999
2 52667  53.1600 193.4917 0001335  81.7295 278.3848 15.08831660233928
STARLINK-4067           
1 52668U 22053N   26220.42946995 -.00000220  00000+0  46762-5 0  9993
2 52668  53.1600 186.3103 0001272  92.1408 267.9739 15.31696762234044
STARLINK-3972           
1 52669U 22053P   26220.19696367  .00001229  00000+0  46142-4 0  9993
2 52669  53.1624 189.9942 0001186  89.4531 270.6608 15.35403644233966
STARLINK-4075           
1 52670U 22053Q   26220.22643798 -.00000040  00000+0  15601-4 0  9996
2 52670  53.1587 193.5082 0001342  80.1432 279.9711 15.08830803233928
STARLINK-4071           
1 52671U 22053R   26220.20066895 -.00000101  00000+0  11771-4 0  9994
2 52671  53.1590 193.5570 0001378  86.3518 273.7631 15.08835810233912
STARLINK-4073           
1 52672U 22053S   26220.21170946 -.00000021  00000+0  16776-4 0  9990
2 52672  53.1588 193.5089 0001316  84.2937 275.8205 15.08833212233913
STARLINK-3976           
1 52673U 22053T   26220.20332191  .00003645  00000+0  11535-3 0  9993
2 52673  53.1617 190.8593 0000967  53.0738 307.0354 15.35400074233954
STARLINK-3936           
1 52674U 22053U   26220.50004630 -.01050683  00000+0 -36275-1 0  9994
2 52674  53.2170 163.8902 0001136 110.7599 299.8308 15.32211024  6002
STARLINK-3934           
1 52675U 22053V   26220.19357993  .00001032  00000+0  48078-4 0  9991
2 52675  53.1616 181.5261 0001262  92.8959 267.2186 15.29361131234076
STARLINK-4006           
1 52676U 22053W   26220.21072153 -.00002328  00000+0 -55868-4 0  9993
2 52676  53.1605 190.8613 0001540  95.0959 265.0220 15.35392512233958
STARLINK-4074           
1 52678U 22053Y   26220.50004630  .00005552  00000+0  30454-3 0  9995
2 52678  53.1588 182.2287 0002744  61.2837 167.0249 15.15623022  5735
STARLINK-4031           
1 52679U 22053Z   26220.17214909  .00000432  00000+0  45264-4 0  9999
2 52679  53.1601 183.6837 0001319  71.7836 288.3299 15.08835494234006
STARLINK-3774           
1 52680U 22053AA  26220.16477043  .00000432  00000+0  45221-4 0  9993
2 52680  53.1598 183.4862 0001073  96.2880 263.8234 15.08818780234025
STARLINK-4068           
1 52681U 22053AB  26220.50004630  .00018524  00000+0  10083-2 0  9997
2 52681  53.1596 182.1455 0001854  55.2037 339.4781 15.14497779  5845
STARLINK-4017           
1 52682U 22053AC  26220.17950888 -.00000182  00000+0  66576-5 0  9999
2 52682  53.1601 183.6496 0001270  85.7885 274.3252 15.08834370234024
STARLINK-4014           
1 52684U 22053AE  26220.17582863  .00000206  00000+0  31063-4 0  9993
2 52684  53.1597 183.6669 0001108  75.1424 284.9690 15.08835619234002
STARLINK-4029           
1 52685U 22053AF  26220.21999370  .00000420  00000+0  44513-4 0  9996
2 52685  53.1601 183.4683 0001339  83.0634 277.0510 15.08833070233990
STARLINK-4005           
1 52686U 22053AG  26220.19153817 -.00001534  00000+0 -78311-4 0  9994
2 52686  53.1600 183.8791 0001218  87.1553 272.9578 15.08825426233999
STARLINK-3981           
1 52687U 22053AH  26220.21631548  .00000606  00000+0  56161-4 0  9996
2 52687  53.1603 183.4851 0001338  69.7625 290.3511 15.08830883233999
STARLINK-4032           
1 52688U 22053AJ  26220.21262104 -.00000158  00000+0  81678-5 0  9990
2 52688  53.1594 183.3854 0001423  87.0904 273.0250 15.08832229233993
STARLINK-4035           
1 52690U 22053AL  26220.50004630  .00019874  00000+0  10711-2 0  9994
2 52690  53.1591 182.1371 0002119  86.0097  14.6361 15.14804999  5796
STARLINK-3993           
1 52692U 22053AN  26220.18683674 -.00000134  00000+0  96500-5 0  9994
2 52692  53.1596 183.3498 0001369  80.8797 279.2350 15.08832880234021
STARLINK-3946           
1 52693U 22053AP  26220.19422881 -.00001440  00000+0 -72417-4 0  9999
2 52693  53.1609 183.5868 0001291  88.3296 271.7843 15.08824333234029
STARLINK-4072           
1 52694U 22053AQ  26220.17299232 -.00003090  00000+0 -77668-4 0  9996
2 52694  53.1622 177.7034 0001213  87.2995 272.8147 15.35418425234102
STARLINK-4041           
1 52695U 22053AR  26220.18088211 -.00000034  00000+0  15967-4 0  9999
2 52695  53.1592 188.4430 0001369  73.1785 286.9356 15.08828371233967
STARLINK-4018           
1 52697U 22053AT  26220.40546398  .00072080  00000+0  44217-2 0  9998
2 52697  53.1609 187.6294 0001277  60.5640 299.5479 15.09489313233994
STARLINK-4030           
1 52698U 22053AU  26220.50004630  .00016598  00000+0  84062-3 0  9993
2 52698  53.1604 186.9906 0001105  33.2536 171.5860 15.17126372  5782
STARLINK-3987           
1 52699U 22053AV  26220.37937823 -.00001920  00000+0 -44167-4 0  9996
2 52699  53.1598 171.3116 0001528  98.5976 261.5200 15.35391081234230
STARLINK-4034           
1 52700U 22053AW  26220.50004630  .00017613  00000+0  90953-3 0  9992
2 52700  53.1588 186.7221 0002664  69.0326 313.3073 15.16397469  5834
STARLINK-4033           
1 52702U 22053AY  26220.50004630  .00019719  00000+0  10233-2 0  9995
2 52702  53.1599 187.1185 0001000 197.6177  21.5873 15.16151608  5836
STARLINK-4020           
1 52703U 22053AZ  26220.10190476  .00000600  00000+0  28102-4 0  9991
2 52703  53.1621 169.1393 0001267  86.7023 273.4125 15.35393142232963
STARLINK-3999           
1 52704U 22053BA  26220.13904951  .00000269  00000+0  18606-4 0  9995
2 52704  53.1621 169.8987 0001245  87.9301 272.1845 15.35401558234236
STARLINK-3844           
1 52705U 22053BB  26220.13719052  .00000324  00000+0  20181-4 0  9995
2 52705  53.1618 168.5981 0001245  95.4367 264.6778 15.35403937234255
STARLINK-3970           
1 52706U 22053BC  26220.16872024  .00000111  00000+0  14102-4 0  9998
2 52706  53.1622 168.7539 0001338  88.8458 271.2699 15.35395536234253
STARLINK-4007           
1 52707U 22053BD  26220.15686137  .00013151  00000+0  76713-3 0  9999
2 52707  53.2141 172.7095 0001783  54.9350 305.1811 15.12273353234263
STARLINK-3962           
1 52708U 22053BE  26220.12407325  .00002868  00000+0  93135-4 0  9998
2 52708  53.1618 168.9402 0001307  98.2154 261.8997 15.35387998234456
STARLINK-4091           
1 52830U 22062A   26220.00002315  .00045499  00000+0  14698-2 0  9993
2 52830  53.1601  71.3541 0001425  78.4925 128.1692 15.31682192  5703
STARLINK-4089           
1 52831U 22062B   26220.50004630  .00046442  00000+0  15007-2 0  9995
2 52831  53.1607  69.0599 0000978 102.2929 266.0039 15.31663946  5780
STARLINK-4083           
1 52832U 22062C   26219.96723988  .00000821  00000+0  38208-4 0  9999
2 52832  53.1619  71.4758 0001587  70.7711 289.3462 15.31704112228666
STARLINK-4086           
1 52833U 22062D   26219.90946902  .00018983  00000+0  78978-3 0  9992
2 52833  53.1600  72.5742 0001345  97.6269 262.4882 15.23812310228647
STARLINK-4108           
1 52834U 22062E   26220.50004630  .00045644  00000+0  14741-2 0  9995
2 52834  53.1596  69.0158 0001318 111.8592 359.1717 15.31690133  5833
STARLINK-4080           
1 52835U 22062F   26220.27951258 -.00000570  00000+0 -66192-5 0  9998
2 52835  53.1623  70.0315 0001172  76.7059 283.4073 15.31695314228711
STARLINK-4043           
1 52836U 22062G   26220.49941488 -.00003617  00000+0 -12365-3 0  9993
2 52836  53.2007  47.9038 0001157  92.3924 267.7208 15.26534116229051
STARLINK-4036           
1 52837U 22062H   26220.28932832  .00001477  00000+0  53256-4 0  9999
2 52837  53.1611  70.2058 0001384  76.1519 283.9638 15.35393425228710
STARLINK-4092           
1 52838U 22062J   26219.94861032 -.00000893  00000+0 -17017-4 0  9992
2 52838  53.1624  71.5917 0001505 107.8223 252.2942 15.31691014228664
STARLINK-4048           
1 52839U 22062K   26219.99986296  .00001158  00000+0  49072-4 0  9997
2 52839  53.1615  71.3302 0000969  78.2656 281.8455 15.31702324228670
STARLINK-4049           
1 52840U 22062L   26220.00002315  .00040641  00000+0  15413-2 0  9994
2 52840  53.2079  44.9478 0001224  85.9893 217.0731 15.26500863  5916
STARLINK-4065           
1 52841U 22062M   26219.95902843  .00000689  00000+0  30665-4 0  9998
2 52841  53.1616  71.1950 0000924  84.5365 275.5743 15.35398157228678
STARLINK-4046           
1 52842U 22062N   26220.50004630  .00087907  00000+0  25213-2 0  9998
2 52842  53.1597  69.1415 0001431 113.2491 355.9933 15.35155669  5793
STARLINK-4188           
1 52843U 22062P   26220.31681968  .00002985  00000+0  10792-3 0  9993
2 52843  53.1626  69.9482 0001295  83.6569 276.4579 15.31698032228728
STARLINK-4208           
1 52844U 22062Q   26219.90278345  .00000615  00000+0  30042-4 0  9997
2 52844  53.1611  70.7727 0001143  91.5385 268.5748 15.33543407228672
STARLINK-4168           
1 52845U 22062R   26220.30747861  .00000494  00000+0  27685-4 0  9992
2 52845  53.1604  69.9182 0001162 104.1022 256.0109 15.31694541228723
STARLINK-4212           
1 52846U 22062S   26220.00921810  .00001103  00000+0  47280-4 0  9999
2 52846  53.1615  71.5397 0001034  93.0795 267.0325 15.31703971228678
STARLINK-4206           
1 52847U 22062T   26220.50004630  .00083633  00000+0  30522-2 0  9994
2 52847  53.1604  70.4765 0001173  70.1761 270.5952 15.27432603  5783
STARLINK-4202           
1 52848U 22062U   26220.50004630  .00082157  00000+0  32407-2 0  9999
2 52848  53.1586  70.9227 0001816 151.8706 220.0806 15.24859847  5790
STARLINK-4197           
1 52849U 22062V   26220.50004630  .00043001  00000+0  13123-2 0  9999
2 52849  53.1607  58.9690 0001621  75.6913 356.5922 15.33525009  5785
STARLINK-4187           
1 52850U 22062W   26219.98589400  .00000557  00000+0  29708-4 0  9991
2 52850  53.1613  71.4744 0001328  93.3189 266.7965 15.31697517228676
STARLINK-3809           
1 52851U 22062X   26220.27840431 -.00000599  00000+0 -66161-5 0  9993
2 52851  53.1617  55.6862 0001047  87.3015 272.8107 15.34385263228913
STARLINK-4184           
1 52852U 22062Y   26219.98053527  .00002099  00000+0  73255-4 0  9998
2 52852  53.1615  60.8082 0001338  92.4419 267.6736 15.34394599228813
STARLINK-4189           
1 52853U 22062Z   26220.66916998  .01042440  11848-4  46053-3 0  9993
2 52853  53.2042  31.9562 0007827 305.1102  54.9205 16.21618294229281
STARLINK-4204           
1 52854U 22062AA  26219.86661425  .00003844  00000+0  12099-3 0  9996
2 52854  53.1609  61.6345 0001293  87.8763 272.2389 15.35416654228790
STARLINK-4209           
1 52855U 22062AB  26220.28588216 -.00006109  00000+0 -18513-3 0  9997
2 52855  53.1618  57.9994 0001412  75.0004 285.1153 15.31720606228882
STARLINK-4201           
1 52856U 22062AC  26219.99183211  .00001407  00000+0  54116-4 0  9994
2 52856  53.1617  61.0724 0001196  94.8789 265.2350 15.33535322228819
STARLINK-4199           
1 52857U 22062AD  26220.26392358  .00013074  00000+0  40871-3 0  9996
2 52857  53.1618  60.0433 0000805 105.4729 254.6363 15.33505760228859
STARLINK-4198           
1 52858U 22062AE  26219.98509063  .00001144  00000+0  46080-4 0  9991
2 52858  53.1630  61.0565 0001165  65.8922 294.2202 15.33561224228810
STARLINK-4196           
1 52859U 22062AF  26220.28395514 -.00000168  00000+0  62158-5 0  9992
2 52859  53.1615  59.5016 0001108  88.2675 271.8454 15.33543214228862
STARLINK-4191           
1 52860U 22062AG  26220.50004630  .00048991  00000+0  14072-2 0  9999
2 52860  53.1602  58.7367 0001243  93.8205 214.7108 15.35379132  5796
STARLINK-4112           
1 52861U 22062AH  26220.23853439  .00000685  00000+0  33840-4 0  9993
2 52861  53.1620  55.2181 0001172  94.8919 265.2217 15.31705551228925
STARLINK-4010           
1 52862U 22062AJ  26220.24688111  .00000420  00000+0  23574-4 0  9998
2 52862  53.1614  55.8055 0001207  95.0446 265.0694 15.34396919228915
STARLINK-4270           
1 52863U 22062AK  26219.98564317  .00000564  00000+0  28482-4 0  9991
2 52863  53.1614  60.6253 0001155  89.4057 270.7078 15.33549730228826
STARLINK-4267           
1 52864U 22062AL  26220.50004630  .00040801  00000+0  11750-2 0  9995
2 52864  53.1606  58.6001 0001149  82.6925  17.8476 15.35379808  5844
STARLINK-4274           
1 52865U 22062AM  26220.08068976  .00000852  00000+0  35311-4 0  9995
2 52865  53.1605  60.6055 0001186  71.8324 288.2808 15.35419082228838
STARLINK-4272           
1 52866U 22062AN  26220.00002315  .00055295  00000+0  16817-2 0  9992
2 52866  53.1608  61.1147 0000897  68.0567  99.5639 15.33521088  5819
STARLINK-4126           
1 52867U 22062AP  26219.95901559  .00000817  00000+0  35304-4 0  9997
2 52867  53.1609  57.1325 0001120  86.4761 273.6370 15.34393813228878
STARLINK-4261           
1 52868U 22062AQ  26220.50004630  .00077112  00000+0  25189-2 0  9995
2 52868  53.1609  59.4697 0000949  94.3478 356.6912 15.31084285  5736
STARLINK-4266           
1 52869U 22062AR  26220.25363201  .00001987  00000+0  69951-4 0  9994
2 52869  53.1607  47.5921 0001090  91.0473 269.0654 15.34392390229022
STARLINK-4207           
1 52871U 22062AT  26220.21951521  .00000314  00000+0  20424-4 0  9996
2 52871  53.1609  46.0970 0000938  84.3277 275.7833 15.34386618229043
STARLINK-4213           
1 52872U 22062AU  26220.22239317 -.00001167  00000+0 -25858-4 0  9995
2 52872  53.1599  46.7482 0000952  91.7801 268.3310 15.31696252229030
STARLINK-4211           
1 52873U 22062AV  26220.24468110  .00000274  00000+0  19260-4 0  9999
2 52873  53.1609  45.6269 0001140  84.7711 275.3422 15.34385668229059
STARLINK-4193           
1 52875U 22062AX  26219.78452354  .00000224  00000+0  17777-4 0  9997
2 52875  53.1602  47.7744 0001164  93.3740 266.7395 15.34387189228983
STARLINK-4200           
1 52876U 22062AY  26220.24098909  .00000876  00000+0  39996-4 0  9993
2 52876  53.1609  46.2765 0001173  87.2135 272.9000 15.31698378229040
STARLINK-4214           
1 52877U 22062AZ  26220.25158924 -.00002131  00000+0 -51982-4 0  9996
2 52877  53.1609  48.0898 0001028 106.5989 253.5127 15.34380924229020
STARLINK-4171           
1 52878U 22062BA  26220.23417505 -.00000046  00000+0  97800-5 0  9990
2 52878  53.1599  45.6438 0000965  86.2135 273.8978 15.34387585229050
STARLINK-4139           
1 52879U 22062BB  26219.81815559  .00001455  00000+0  54213-4 0  9998
2 52879  53.1609  47.6670 0001214  93.2551 266.8590 15.34390032228996
STARLINK-4186           
1 52880U 22062BC  26220.21528186  .00000724  00000+0  32571-4 0  9994
2 52880  53.1616  45.8369 0001187  79.8447 280.2689 15.34394556229056
STARLINK-4181           
1 52882U 22062BE  26220.50004630  .00065541  00000+0  31734-2 0  9997
2 52882  53.1590  50.5853 0002269  85.7613 214.6464 15.17973332  5840
STARLINK-4260           
1 52986U 22076A   26220.44138551  .00000469  00000+0  25580-4 0  9992
2 52986  53.1611 125.1951 0001061  86.4304 273.6820 15.33550236225859
STARLINK-4259           
1 52987U 22076B   26220.17530090  .00001843  00000+0  71124-4 0  9999
2 52987  53.1632 139.4696 0001347  90.4153 269.7003 15.31716276225632
STARLINK-4291           
1 52988U 22076C   26220.15438667  .00000278  00000+0  19782-4 0  9998
2 52988  53.1614 126.2879 0001314  93.8383 266.2769 15.33551782225818
STARLINK-4293           
1 52989U 22076D   26220.50004630  .00361565  00000+0  27073-2 0  9996
2 52989  53.2173 115.1445 0001231 106.2358 229.2717 15.71040221  5973
STARLINK-4286           
1 52990U 22076E   26220.46822057  .00000161  00000+0  16219-4 0  9998
2 52990  53.1607 135.0206 0001167  91.2589 268.8547 15.33549272225724
STARLINK-4285           
1 52991U 22076F   26220.46727267  .00000124  00000+0  15089-4 0  9999
2 52991  53.1611 135.0520 0001284  85.8250 274.2898 15.33547826225726
STARLINK-4269           
1 52992U 22076G   26220.16131820  .00000332  00000+0  22452-4 0  9994
2 52992  53.1623 139.5357 0001191  81.2873 278.8264 15.31700264225637
STARLINK-4256           
1 52994U 22076J   26220.44591883  .00000620  00000+0  29483-4 0  9997
2 52994  53.1613 124.6336 0001323  87.3973 272.7181 15.34387614225864
STARLINK-4296           
1 52995U 22076K   26220.15115248  .00000593  00000+0  27905-4 0  9999
2 52995  53.1615 126.4236 0001134  92.1251 267.9882 15.35401447225810
STARLINK-4295           
1 52996U 22076L   26220.45635184 -.00000066  00000+0  90152-5 0  9990
2 52996  53.1606 125.4406 0001426  57.6547 302.4594 15.35397988225850
STARLINK-4254           
1 52998U 22076N   26220.43540586 -.00000049  00000+0  98471-5 0  9994
2 52998  53.1616 124.6779 0001273  66.0542 294.0594 15.33554776225861
STARLINK-4217           
1 52999U 22076P   26220.16016251  .00001886  00000+0  66938-4 0  9993
2 52999  53.1627 125.9698 0001200  98.2960 261.8179 15.34393915225823
STARLINK-4194           
1 53000U 22076Q   26220.43996980  .00000617  00000+0  28581-4 0  9996
2 53000  53.1609 124.7143 0001104  88.2714 271.8416 15.35399458225866
STARLINK-4190           
1 53001U 22076R   26220.22116896  .00097104  00000+0  28914-2 0  9999
2 53001  53.1588 126.3830 0002592 150.5097 209.6052 15.33922193225820
STARLINK-4121           
1 53002U 22076S   26220.15581564  .00000070  00000+0  13477-4 0  9996
2 53002  53.1616 126.5339 0001350  87.9684 272.1473 15.33548614225818
STARLINK-4255           
1 53003U 22076T   26220.14965193  .00001281  00000+0  49033-4 0  9992
2 53003  53.1622 126.0241 0001104  89.8739 270.2390 15.34394610225815
STARLINK-4253           
1 53004U 22076U   26220.50004630  .00022761  00000+0  94309-3 0  9994
2 53004  53.1595 131.7378 0001906 130.3132 110.3456 15.23834700  5784
STARLINK-4288           
1 53005U 22076V   26220.14251768  .00001308  00000+0  51085-4 0  9990
2 53005  53.1603 126.7265 0000994  81.8063 278.3052 15.33549267225810
STARLINK-4290           
1 53006U 22076W   26220.46273997  .00000095  00000+0  13631-4 0  9991
2 53006  53.1617 125.7917 0001160  90.1191 269.9945 15.35398697225852
STARLINK-4215           
1 53007U 22076X   26220.45852594  .00000768  00000+0  32925-4 0  9991
2 53007  53.1618 125.9231 0001147  84.0541 276.0593 15.35401281225853
STARLINK-4275           
1 53008U 22076Y   26220.46109024  .00000387  00000+0  22000-4 0  9996
2 53008  53.1614 125.1875 0001242  87.4079 272.7066 15.35397887225860
STARLINK-4277           
1 53009U 22076Z   26220.50004630  .00046416  00000+0  21756-2 0  9997
2 53009  53.1613 121.6635 0000839  79.6336  53.7618 15.19261241  5788
STARLINK-4263           
1 53010U 22076AA  26220.45231382 -.00007155  00000+0 -20633-3 0  9992
2 53010  53.1613 125.1466 0000970 112.3413 247.7692 15.33563262225862
STARLINK-4265           
1 53011U 22076AB  26220.50004630  .00045288  00000+0  20485-2 0  9994
2 53011  53.1606 121.5109 0001643  54.8670 177.5010 15.20500587  5836
STARLINK-4271           
1 53012U 22076AC  26220.50004630  .00027084  00000+0  11145-2 0  9992
2 53012  53.1611 131.7259 0001424  27.5546  18.1630 15.23971196  5680
STARLINK-4177           
1 53013U 22076AD  26220.00524087  .00000429  00000+0  23193-4 0  9993
2 53013  53.1618 117.6319 0001252  95.0494 265.0652 15.35400838225920
STARLINK-4183           
1 53014U 22076AE  26220.41699082  .00125510  00000+0  40834-2 0  9995
2 53014  53.1599 119.9840 0001197  78.4080 281.7055 15.30945299225929
STARLINK-4262           
1 53015U 22076AF  26220.50004630  .00044887  00000+0  21243-2 0  9995
2 53015  53.1603 121.6899 0001611  46.1691 173.3499 15.18943308  5773
STARLINK-4283           
1 53016U 22076AG  26220.42647856  .00000497  00000+0  27762-4 0  9993
2 53016  53.1614 117.3557 0001089  86.7587 273.3539 15.31700954225966
STARLINK-4281           
1 53017U 22076AH  26220.50004630 -.00606428  00000+0 -98185-2 0  9993
2 53017  53.2142  89.2626 0000854  77.2409 283.8017 15.54327253  5870
STARLINK-4279           
1 53018U 22076AJ  26220.50004630 -.00658376  00000+0 -20966-1 0  9994
2 53018  53.2370  93.2731 0001161  94.6705  23.1020 15.34394527  6012
STARLINK-4282           
1 53019U 22076AK  26220.50004630  .00049398  00000+0  29379-2 0  9999
2 53019  53.1605 122.6122 0001079  92.2728  84.3698 15.10798439  5834
STARLINK-4287           
1 53020U 22076AL  26220.50004630  .00043013  00000+0  21845-2 0  9999
2 53020  53.1610 121.8670 0000733 101.9965   6.7120 15.16498965  5833
STARLINK-4216           
1 53022U 22076AN  26220.43015178 -.00000841  00000+0 -13774-4 0  9990
2 53022  53.1609 118.9718 0001356  84.2481 275.8676 15.34391224225942
STARLINK-4284           
1 53023U 22076AP  26220.50004630  .00045314  00000+0  20845-2 0  9997
2 53023  53.1612 121.4852 0001355  99.7148   1.6384 15.19919835  5848
STARLINK-4289           
1 53024U 22076AQ  26220.50004630  .00043797  00000+0  20057-2 0  9996
2 53024  53.1612 121.4641 0002052  79.1425  18.9827 15.20089938  5847
STARLINK-4218           
1 53025U 22076AR  26220.50004630  .00043180  00000+0  20624-2 0  9993
2 53025  53.1592 121.7596 0000345 220.6261 124.0914 15.18641299  5781
STARLINK-4119           
1 53026U 22076AS  26220.42113630  .00000068  00000+0  13943-4 0  9992
2 53026  53.1608 114.7910 0001277  87.5613 272.5534 15.31699519226008
STARLINK-4158           
1 53027U 22076AT  26220.43152279 -.00000091  00000+0  83095-5 0  9999
2 53027  53.1620 115.1218 0001498  86.6675 273.4499 15.35398040226001
STARLINK-4143           
1 53029U 22076AV  26220.50004630  .00065154  00000+0  21525-2 0  9993
2 53029  53.1591 111.0082 0001999  76.3825  68.7838 15.30798204  5786
STARLINK-4160           
1 53030U 22076AW  26220.15168597  .00000290  00000+0  19737-4 0  9993
2 53030  53.1619 116.1408 0001265  95.6459 264.4688 15.34386500225968
STARLINK-4137           
1 53031U 22076AX  26220.50004630  .00060613  00000+0  24307-2 0  9992
2 53031  53.1613 110.7908 0001957  76.6920 242.7479 15.24453804  5670
STARLINK-4115           
1 53032U 22076AY  26220.01989655  .00000040  00000+0  12053-4 0  9993
2 53032  53.1616 116.7797 0001071  84.7847 275.3278 15.35398184225945
STARLINK-4167           
1 53033U 22076AZ  26220.11602869 -.00001550  00000+0 -79331-4 0  9995
2 53033  53.1607 113.9350 0001410  88.6988 271.4165 15.08840170225989
STARLINK-4151           
1 53034U 22076BA  26220.38698275  .00000763  00000+0  36351-4 0  9999
2 53034  53.1614 108.5461 0001238  91.5407 268.5736 15.31705074226080
STARLINK-4157           
1 53035U 22076BB  26220.43987250  .00001051  00000+0  84138-4 0  9997
2 53035  53.1610 112.4798 0001479  88.1540 271.9620 15.08830799226033
STARLINK-4155           
1 53036U 22076BC  26220.10499145  .00001161  00000+0  91052-4 0  9998
2 53036  53.1616 113.9852 0001759  96.1090 264.0102 15.08839441225981
STARLINK-4153           
1 53037U 22076BD  26220.50004630  .00063919  00000+0  38410-2 0  9990
2 53037  53.1602 112.1945 0002511  96.3852 278.0402 15.10300792  5783
STARLINK-4156           
1 53038U 22076BE  26220.09763433  .00000992  00000+0  80454-4 0  9997
2 53038  53.1611 114.0195 0001566  88.6068 271.5103 15.08836336225981
STARLINK-4362           
1 53043U 22077A   26220.50188606  .00000516  00000+0  39689-4 0  9999
2 53043  97.2870  36.6064 0001490 100.5077 259.6318 15.05656132223756
STARLINK-4350           
1 53045U 22077C   26220.45618612  .00000783  00000+0  58200-4 0  9996
2 53045  97.2859  37.7221 0001398  91.0098 269.1290 15.05645212223826
STARLINK-4331           
1 53046U 22077D   26220.48110551  .00000721  00000+0  53839-4 0  9994
2 53046  97.2858  37.8427 0001847  86.9088 273.2351 15.05655183223839
STARLINK-4352           
1 53047U 22077E   26220.46868595  .00000131  00000+0  12986-4 0  9994
2 53047  97.2856  36.6351 0001263  70.2306 289.9058 15.05647178223756
STARLINK-4355           
1 53048U 22077F   26220.50879623 -.00000164  00000+0 -74410-5 0  9993
2 53048  97.2868  37.7997 0001046  69.1896 290.9443 15.05648491223825
STARLINK-4345           
1 53049U 22077G   26220.47973823  .00000168  00000+0  15557-4 0  9995
2 53049  97.2864  36.6061 0001941 101.6094 258.5351 15.05653905223743
STARLINK-4343           
1 53050U 22077H   26220.46449257 -.00000802  00000+0 -51674-4 0  9992
2 53050  97.2867  37.7033 0001196  70.4558 289.6798 15.05645361223814
STARLINK-4336           
1 53051U 22077J   26220.49358090  .00000543  00000+0  41546-4 0  9997
2 53051  97.2865  36.5839 0001655  94.2913 265.8504 15.05653844223741
STARLINK-4341           
1 53052U 22077K   26220.48251117  .00000197  00000+0  17522-4 0  9991
2 53052  97.2858  36.6087 0001838 106.2105 253.9325 15.05653274223746
STARLINK-4337           
1 53053U 22077L   26220.49081083  .00000202  00000+0  17929-4 0  9994
2 53053  97.2864  36.5795 0001609  91.5529 268.5883 15.05654453223742
STARLINK-4339           
1 53054U 22077M   26220.49494361  .00000506  00000+0  38998-4 0  9998
2 53054  97.2862  37.8056 0001771  91.5258 268.6173 15.05653409223826
STARLINK-4338           
1 53055U 22077N   26220.45893642  .00000226  00000+0  19585-4 0  9990
2 53055  97.2859  37.6852 0001558  91.3637 268.7769 15.05657303223815
STARLINK-4314           
1 53056U 22077P   26220.44509340  .00000040  00000+0  66848-5 0  9998
2 53056  97.2864  37.7119 0001429  93.7168 266.4223 15.05657613223815
STARLINK-4252           
1 53057U 22077Q   26220.47002909  .00000030  00000+0  60024-5 0  9990
2 53057  97.2850  37.8085 0001708  84.3745 275.7677 15.05651216223821
STARLINK-4317           
1 53058U 22077R   26220.49912722  .00000815  00000+0  60382-4 0  9993
2 53058  97.2869  36.7160 0001670 105.2672 254.8741 15.05655265223765
STARLINK-4320           
1 53059U 22077S   26220.46312623 -.00000158  00000+0 -70295-5 0  9992
2 53059  97.2852  36.5906 0001721  83.9623 276.1800 15.05654190223746
STARLINK-4305           
1 53060U 22077T   26220.48803888  .00000433  00000+0  33889-4 0  9995
2 53060  97.2863  36.5745 0001338 103.3536 256.7841 15.05655822223747
STARLINK-4308           
1 53061U 22077U   26220.45758682 -.00000068  00000+0 -84676-6 0  9992
2 53061  97.2858  36.5948 0001362  92.8511 267.2873 15.05655355223742
STARLINK-4311           
1 53062U 22077V   26220.49635832  .00000481  00000+0  37223-4 0  9999
2 53062  97.2869  36.7065 0001885  92.9097 267.2347 15.05655232223758
STARLINK-4307           
1 53063U 22077W   26220.48662697 -.00000031  00000+0  17774-5 0  9990
2 53063  97.2859  37.6990 0001580 102.0441 258.0964 15.05653720 95405
STARLINK-4313           
1 53064U 22077X   26220.49770498  .00000264  00000+0  22172-4 0  9995
2 53064  97.2872  37.7680 0001368 113.3378 246.7993 15.05654762223828
STARLINK-4312           
1 53065U 22077Y   26220.48528183  .00000339  00000+0  27386-4 0  9992
2 53065  97.2863  36.7057 0001810  89.8301 270.3134 15.05655167223753
STARLINK-4309           
1 53066U 22077Z   26220.44097039  .00002663  00000+0  18837-3 0  9992
2 53066  97.2869  36.6170 0001498  97.8054 262.3344 15.05661347223741
STARLINK-4325           
1 53068U 22077AB  26220.49216611 -.00001038  00000+0 -68066-4 0  9995
2 53068  97.2868  37.7589 0001623  98.5637 261.5775 15.05646125223828
STARLINK-4323           
1 53069U 22077AC  26220.46037242  .00000745  00000+0  55562-4 0  9993
2 53069  97.2855  36.5699 0001548  96.6662 263.4742 15.05647068223740
STARLINK-4342           
1 53070U 22077AD  26220.45341057  .00000073  00000+0  89502-5 0  9992
2 53070  97.2860  37.8098 0002153 101.3857 258.7612 15.05656403223823
STARLINK-4328           
1 53071U 22077AE  26220.45065233  .00000746  00000+0  55562-4 0  9997
2 53071  97.2862  37.7960 0001281  78.8939 281.2433 15.05652897223828
STARLINK-4344           
1 53072U 22077AF  26220.50324828  .00000775  00000+0  57622-4 0  9993
2 53072  97.2866  37.7346 0001652  87.8256 272.3160 15.05651228223820
STARLINK-4346           
1 53073U 22077AG  26220.50269921  .00007464  00000+0  31075-3 0  9991
2 53073  97.6353  50.9403 0007407  60.8895 299.3082 15.24025169224396
STARLINK-4310           
1 53074U 22077AH  26220.50004630  .00870417  34310-3  21021-2 0  9996
2 53074  97.5776  45.3304 0001477  67.9946 346.2139 15.96448377  5974
STARLINK-4348           
1 53075U 22077AJ  26220.46589859 -.00002486  00000+0 -16844-3 0  9991
2 53075  97.2855  36.6931 0001030 110.9565 249.1773 15.05650381223753
STARLINK-4347           
1 53076U 22077AK  26220.44927845  .00000527  00000+0  40404-4 0  9993
2 53076  97.2862  36.5743 0002039 103.7616 256.3839 15.05657386223743
STARLINK-4322           
1 53078U 22077AM  26220.47144350 -.00000046  00000+0  70067-6 0  9997
2 53078  97.2856  36.6909 0001887  85.3638 274.7805 15.05656999223759
STARLINK-4327           
1 53079U 22077AN  26220.46724944 -.00000716  00000+0 -45724-4 0  9995
2 53079  97.2857  37.7502 0001279  91.9887 268.1487 15.05660957223826
STARLINK-4330           
1 53080U 22077AP  26220.48382564 -.00000316  00000+0 -17999-4 0  9996
2 53080  97.2844  37.7598 0001776  91.1559 268.9873 15.05655821223820
STARLINK-4326           
1 53081U 22077AQ  26220.43819845  .00000609  00000+0  46087-4 0  9992
2 53081  97.2871  36.5621 0001492  99.6687 260.4709 15.05655280223740
STARLINK-4321           
1 53082U 22077AR  26220.45482727  .00001734  00000+0  12409-3 0  9990
2 53082  97.2859  36.5420 0001602 105.0943 255.0462 15.05637875223740
STARLINK-4251           
1 53083U 22077AS  26220.47832380 -.00000006  00000+0  34807-5 0  9997
2 53083  97.2853  37.7029 0001810  87.4101 272.7334 15.05656541223827
STARLINK-4319           
1 53084U 22077AT  26220.47555744 -.00000061  00000+0 -31407-6 0  9990
2 53084  97.2857  37.7257 0001652  94.2351 265.9065 15.05650698223824
STARLINK-4324           
1 53085U 22077AU  26220.48940868  .00000341  00000+0  27531-4 0  9997
2 53085  97.2861  37.7035 0001804  89.3697 270.7737 15.05648249223820
STARLINK-4318           
1 53086U 22077AV  26220.51851600  .00000599  00000+0  45396-4 0  9991
2 53086  97.2860  36.7521 0001521 102.8637 257.2760 15.05657996223768
STARLINK-4333           
1 53088U 22077AX  26220.44650657  .00000752  00000+0  55984-4 0  9999
2 53088  97.2864  36.5372 0001376  90.5635 269.5750 15.05658161223743
STARLINK-4150           
1 53134U 22083C   26220.24748373  .00000040  00000+0  12066-4 0  9993
2 53134  53.1605 207.9065 0001324  96.5311 263.5843 15.35397981224170
STARLINK-4023           
1 53135U 22083D   26220.23322992  .00000309  00000+0  20295-4 0  9999
2 53135  53.1594 205.6329 0001061  93.7452 266.3672 15.34392255225191
STARLINK-4152           
1 53136U 22083E   26220.20646030 -.00000445  00000+0 -18520-5 0  9991
2 53136  53.1614 208.3164 0001606  71.7400 288.3778 15.35397108225156
STARLINK-4145           
1 53137U 22083F   26220.24975137  .00000921  00000+0  37291-4 0  9991
2 53137  53.1610 208.6664 0001074  92.0646 268.0480 15.35402067224164
STARLINK-4141           
1 53138U 22083G   26220.24281516  .00000622  00000+0  31800-4 0  9991
2 53138  53.1612 205.2207 0001269  96.3483 263.7663 15.31695315224986
STARLINK-4185           
1 53139U 22083H   26220.50004630  .00058972  00000+0  17037-2 0  9996
2 53139  53.1596 210.4430 0000844 107.7625 182.1048 15.35115214  5838
STARLINK-4170           
1 53140U 22083J   26220.23963266 -.00000001  00000+0  10889-4 0  9998
2 53140  53.1609 208.6785 0001215  86.2942 273.8200 15.35397599224168
STARLINK-4103           
1 53141U 22083K   26220.27341894 -.00009150  00000+0 -25233-3 0  9993
2 53141  53.1591 205.5678 0001168  65.7242 294.3883 15.35324887224219
STARLINK-4101           
1 53142U 22083L   26220.25732448  .00000068  00000+0  13396-4 0  9996
2 53142  53.1591 206.0580 0001279  94.5981 265.5167 15.33541843224217
STARLINK-4102           
1 53143U 22083M   26220.50004630  .00046432  00000+0  20094-2 0  9996
2 53143  53.1603 209.8601 0002133  49.6943 286.6678 15.22000649  5744
STARLINK-4100           
1 53144U 22083N   26220.24145035  .00000234  00000+0  18448-4 0  9995
2 53144  53.1584 206.0064 0000878  87.6397 272.4706 15.33550887224209
STARLINK-4106           
1 53145U 22083P   26220.24355807  .00001120  00000+0  47845-4 0  9994
2 53145  53.1589 208.3148 0001160  83.2694 276.8439 15.31704548224170
STARLINK-4094           
1 53147U 22083R   26220.25004656 -.00002336  00000+0 -58003-4 0  9990
2 53147  53.1601 205.5810 0001220  97.1164 262.9978 15.34404232224865
STARLINK-4021           
1 53149U 22083T   26220.26105316  .00002025  00000+0  71126-4 0  9992
2 53149  53.1614 197.6611 0001695  89.8993 270.2204 15.34372853224323
STARLINK-4040           
1 53151U 22083V   26220.10900354  .00000623  00000+0  28767-4 0  9998
2 53151  53.1615 199.9430 0001269  92.7315 267.3833 15.35402017224275
STARLINK-4045           
1 53152U 22083W   26220.50004630  .00323625  00000+0  18391-2 0  9995
2 53152  53.2153 172.2704 0001081 113.4592 244.3485 15.77549211  5934
STARLINK-4098           
1 53153U 22083X   26220.50004630  .00047371  00000+0  27335-2 0  9995
2 53153  53.1587 202.1948 0003142  97.0791 344.5471 15.11908428  5795
STARLINK-4077           
1 53154U 22083Y   26220.50004630  .00034374  00000+0  16180-2 0  9991
2 53154  53.1588 201.9476 0002018  34.5402 136.0569 15.19254164  5797
STARLINK-4088           
1 53155U 22083Z   26220.47856787  .00096939  00000+0  59004-2 0  9993
2 53155  53.1599 202.3007 0001185  75.2140 284.8983 15.09609395224918
STARLINK-4087           
1 53156U 22083AA  26220.26949374  .00023888  00000+0  15070-2 0  9994
2 53156  53.1595 203.1207 0001036  84.0540 276.0569 15.09007959224240
STARLINK-4054           
1 53158U 22083AC  26220.23982492  .00001012  00000+0  39911-4 0  9998
2 53158  53.1607 198.7131 0001218  95.1853 264.9289 15.35399076224308
STARLINK-4111           
1 53159U 22083AD  26220.26600567  .00000675  00000+0  60531-4 0  9998
2 53159  53.1591 203.2615 0001267  97.8824 262.2312 15.08837342224245
STARLINK-4096           
1 53160U 22083AE  26220.50004630  .00051146  00000+0  29859-2 0  9991
2 53160  53.1586 202.1998 0002763 154.3902 345.0232 15.11452901  5832
STARLINK-4055           
1 53161U 22083AF  26220.23829955  .00000845  00000+0  35110-4 0  9996
2 53161  53.1613 199.0152 0001167  89.3225 270.7912 15.35403377224305
STARLINK-4114           
1 53162U 22083AG  26220.20404245 -.00000215  00000+0  48541-5 0  9990
2 53162  53.1616 199.3462 0001288  94.5666 265.5482 15.31697562224296
STARLINK-4104           
1 53163U 22083AH  26220.50004630  .00041578  00000+0  24342-2 0  9994
2 53163  53.1585 202.3443 0000757 228.1761 350.0772 15.11447993  5789
STARLINK-4116           
1 53164U 22083AJ  26220.25865122  .00000077  00000+0  22957-4 0  9999
2 53164  53.1585 203.2975 0001298  86.7778 273.3362 15.08831236224246
STARLINK-4090           
1 53165U 22083AK  26220.24391803  .00000605  00000+0  56096-4 0  9997
2 53165  53.1594 203.3574 0001182  81.6679 278.4446 15.08826088224247
STARLINK-4110           
1 53166U 22083AL  26220.50004630 -.00034018  00000+0 -12776-2 0  9998
2 53166  53.2136 172.9237 0001455  81.8275 234.1307 15.26539762  5663
STARLINK-3683           
1 53167U 22083AM  26220.50004630  .00023541  00000+0  13542-2 0  9998
2 53167  53.1599 187.1744 0000839 230.0667 357.4611 15.12368991  5784
STARLINK-4105           
1 53168U 22083AN  26220.50004630  .00041256  00000+0  22990-2 0  9999
2 53168  53.1589 202.1756 0002365   3.9451 307.8552 15.13227377  5831
STARLINK-4117           
1 53169U 22083AP  26220.41475170 -.00000219  00000+0  47107-5 0  9996
2 53169  53.1613 183.4052 0001261  89.7438 270.3708 15.31696945224528
STARLINK-4095           
1 53170U 22083AQ  26220.20941070  .00000248  00000+0  33671-4 0  9993
2 53170  53.1590 198.4695 0001217  71.5659 288.5464 15.08832270224301
STARLINK-4052           
1 53171U 22083AR  26220.10067227  .00001922  00000+0  65985-4 0  9999
2 53171  53.1617 169.3843 0001417  95.6862 264.4302 15.35398446224697
STARLINK-4299           
1 53172U 22083AS  26220.22852138  .00001422  00000+0  61627-4 0  9990
2 53172  53.1595 193.7285 0001404  90.0274 270.0888 15.29351920224361
STARLINK-4300           
1 53173U 22083AT  26220.16897504  .00000599  00000+0  28087-4 0  9997
2 53173  53.1618 174.6308 0001217  94.7320 265.3822 15.35398964224627
STARLINK-4205           
1 53174U 22083AU  26220.28477583 -.00000030  00000+0  10786-4 0  9990
2 53174  53.1589 205.1360 0001245  90.1304 269.9840 15.31696609224214
STARLINK-4292           
1 53175U 22083AV  26220.50004630  .00056678  00000+0  17586-2 0  9996
2 53175  53.1597 210.6479 0000952  50.4171 335.2249 15.32873542  5728
STARLINK-4294           
1 53176U 22083AW  26220.19570277  .00002961  00000+0  10713-3 0  9999
2 53176  53.1615 184.4141 0001420 100.6558 259.4604 15.31700719224495
STARLINK-4298           
1 53177U 22083AX  26220.18865487  .00000757  00000+0  32603-4 0  9993
2 53177  53.1619 174.8283 0001344  91.2749 268.8408 15.35396866224621
STARLINK-4280           
1 53178U 22083AY  26220.24024002  .00001005  00000+0  81246-4 0  9995
2 53178  53.1586 203.3801 0001390  76.1771 283.9375 15.08841802224229
STARLINK-4276           
1 53179U 22083AZ  26220.11864563  .00000098  00000+0  13716-4 0  9994
2 53179  53.1628 160.2182 0001272  89.8088 270.3061 15.35397582224820
STARLINK-4258           
1 53180U 22083BA  26220.12598167 -.00001567  00000+0 -36319-4 0  9999
2 53180  53.1623 160.2621 0001102  81.6035 278.5092 15.33560568224827
STARLINK-4278           
1 53182U 22083BC  26220.13224421 -.00000350  00000+0  86143-6 0  9991
2 53182  53.1630 172.4162 0001180  85.0578 275.0560 15.35400367224653
STARLINK-4268           
1 53183U 22083BD  26220.11622790 -.00000691  00000+0 -89073-5 0  9994
2 53183  53.1631 164.9600 0001232  92.7067 267.4077 15.35400396224755
STARLINK-4257           
1 53184U 22083BE  26220.10589680  .00001942  00000+0  74313-4 0  9992
2 53184  53.1632 160.8671 0001417  89.1770 270.9394 15.31706981224820
STARLINK-4391           
1 53189U 22084A   26220.14879910 -.00000217  00000+0 -11136-4 0  9990
2 53189  97.2816 277.4034 0001971 104.0667 256.0780 15.05653637222847
STARLINK-4332           
1 53190U 22084B   26220.16264775  .00000199  00000+0  17703-4 0  9994
2 53190  97.2837 277.4547 0001730 118.8010 241.3392 15.05653847222848
STARLINK-4369           
1 53191U 22084C   26220.42948551 -.00002842  00000+0 -76491-4 0  9993
2 53191  97.5664 283.5645 0000435  47.7098 312.4183 15.36942094222391
STARLINK-4375           
1 53192U 22084D   26220.12664796  .00000652  00000+0  49085-4 0  9991
2 53192  97.2827 277.4191 0001790 120.0563 240.0842 15.05657926222835
STARLINK-4351           
1 53193U 22084E   26220.42435613 -.00000120  00000+0 -44288-5 0  9992
2 53193  97.2828 276.5701 0001421 102.8429 257.2958 15.05654491223152
STARLINK-4382           
1 53194U 22084F   26220.40910164  .00000116  00000+0  11910-4 0  9998
2 53194  97.2819 277.6539 0001661 103.4570 256.6843 15.05663179222208
STARLINK-4403           
1 53197U 22084J   26220.41881920 -.00000076  00000+0 -13639-5 0  9997
2 53197  97.2816 276.5551 0002342 108.1088 252.0395 15.05652638222135
STARLINK-4385           
1 53198U 22084K   26220.11699260  .00000830  00000+0  61372-4 0  9991
2 53198  97.2836 276.3587 0001445 105.3225 254.8162 15.05658091222759
STARLINK-4395           
1 53199U 22084L   26220.11835167  .00001032  00000+0  75407-4 0  9999
2 53199  97.2837 277.4098 0001038 102.3760 257.7584 15.05652049222161
STARLINK-4417           
1 53200U 22084M   26220.40355433 -.00000233  00000+0 -12275-4 0  9995
2 53200  97.2814 277.6423 0002073 126.4171 233.7248 15.05653413222860
STARLINK-4405           
1 53201U 22084N   26220.44528703  .00007028  00000+0  19673-3 0  9997
2 53201  97.5779 285.0678 0001135  75.8749 284.2621 15.36970852222493
STARLINK-4411           
1 53202U 22084P   26220.17372655  .00000385  00000+0  30582-4 0  9993
2 53202  97.2837 277.4852 0001529 128.0705 232.0661 15.05654349222171
STARLINK-4409           
1 53203U 22084Q   26220.43679062  .00000183  00000+0  16613-4 0  9990
2 53203  97.2837 277.7229 0001638 139.5482 220.5867 15.05653940222214
STARLINK-4410           
1 53204U 22084R   26220.45897977 -.00000844  00000+0 -21050-4 0  9997
2 53204  97.5627 283.3407 0001450  94.2469 265.8940 15.36965819223041
STARLINK-4397           
1 53205U 22084S   26220.43125236  .00000249  00000+0  21160-4 0  9997
2 53205  97.2823 277.7268 0001608  97.2365 262.9046 15.05653205222214
STARLINK-4408           
1 53206U 22084T   26220.50004630  .01218009  00000+0  25654-1 0  9995
2 53206  97.2852 278.5172 0001401  76.5406 243.1455 15.42340245  5815
STARLINK-4413           
1 53207U 22084U   26220.14190430  .00000170  00000+0  15700-4 0  9991
2 53207  97.2820 276.2748 0001164  97.5577 262.5782 15.05653921222099
STARLINK-4425           
1 53208U 22084V   26220.13910846 -.00000239  00000+0 -12668-4 0  9990
2 53208  97.2836 276.3573 0001183  96.1200 264.0163 15.05653608222095
STARLINK-4423           
1 53209U 22084W   26220.15576214  .00000131  00000+0  12958-4 0  9991
2 53209  97.2828 276.4112 0001323  98.4191 261.7187 15.05653355222108
STARLINK-4427           
1 53210U 22084X   26220.40220274 -.00000825  00000+0 -53311-4 0  9993
2 53210  97.2819 276.5500 0001632  97.0690 263.0724 15.05653971222672
STARLINK-4416           
1 53212U 22084Z   26220.43403745 -.00000107  00000+0 -34910-5 0  9992
2 53212  97.2833 277.7147 0001885 130.1101 230.0292 15.05647950222209
STARLINK-4414           
1 53213U 22084AA  26220.17747917  .00051896  00000+0  35354-2 0  9995
2 53213  97.2844 276.3588 0002242 109.6882 250.4588 15.06061000222628
STARLINK-4353           
1 53214U 22084AB  26220.39666650 -.00000165  00000+0 -75240-5 0  9990
2 53214  97.2823 276.5396 0001557 108.5301 251.6095 15.05653982222134
STARLINK-4335           
1 53215U 22084AC  26220.41740346  .00000318  00000+0  25965-4 0  9995
2 53215  97.2820 277.7100 0001568 112.6049 247.5345 15.05655658222735
STARLINK-4376           
1 53216U 22084AD  26220.11975374  .00000600  00000+0  45487-4 0  9999
2 53216  97.2820 276.2946 0001277 131.3649 228.7689 15.05659030222098
STARLINK-4384           
1 53218U 22084AF  26220.15776182  .00000901  00000+0  67790-4 0  9996
2 53218  97.2845 277.5955 0001846 130.4120 229.7268 15.04838249222697
STARLINK-4373           
1 53219U 22084AG  26220.15710879  .00000095  00000+0  10452-4 0  9995
2 53219  97.2827 277.4333 0002459 127.9501 232.1949 15.05653783222178
STARLINK-4363           
1 53220U 22084AH  26220.12252766  .00000792  00000+0  58784-4 0  9994
2 53220  97.2833 276.2745 0001459 115.8157 244.3222 15.05654335222615
STARLINK-4377           
1 53221U 22084AJ  26220.15022128  .00000034  00000+0  62393-5 0  9996
2 53221  97.2821 276.3732 0001578 117.0566 243.0823 15.05652751222107
STARLINK-4356           
1 53224U 22084AM  26220.39112546  .00000264  00000+0  22157-4 0  9997
2 53224  97.2828 276.5134 0001336 104.1701 255.9675 15.05657278222134
STARLINK-4358           
1 53225U 22084AN  26220.42570848  .00000633  00000+0  47767-4 0  9999
2 53225  97.2831 277.6625 0001828 110.7139 249.4285 15.05655448222211
STARLINK-4359           
1 53226U 22084AP  26220.44097205  .00000150  00000+0  14296-4 0  9998
2 53226  97.2841 276.5845 0001213 107.4202 252.7159 15.05656694222140
STARLINK-4366           
1 53227U 22084AQ  26220.40632846 -.00000104  00000+0 -32906-5 0  9991
2 53227  97.2807 277.6651 0002110 115.7162 244.4283 15.05653491222210
STARLINK-4365           
1 53228U 22084AR  26220.13362885  .00001971  00000+0  14050-3 0  9994
2 53228  97.2819 276.3871 0001664  96.5626 263.5791 15.05647177222106
STARLINK-4367           
1 53229U 22084AS  26220.41140984 -.00002101  00000+0 -14169-3 0  9999
2 53229  97.2837 277.8112 0001286 110.2080 249.9286 15.05673587222212
STARLINK-4364           
1 53230U 22084AT  26220.12388583  .00000575  00000+0  43720-4 0  9995
2 53230  97.2832 277.4571 0001283 115.9433 244.1927 15.05657265222174
STARLINK-4370           
1 53231U 22084AU  26220.40079485  .00000361  00000+0  28880-4 0  9998
2 53231  97.2817 277.6806 0002114 108.4786 251.6672 15.05655938222213
STARLINK-4371           
1 53232U 22084AV  26220.43820098  .00000304  00000+0  24969-4 0  9997
2 53232  97.2840 276.5662 0002033  87.2996 272.8464 15.05656998222148
STARLINK-4372           
1 53233U 22084AW  26220.09760330  .00000248  00000+0  21073-4 0  9992
2 53233  97.2838 276.2547 0001532  96.8135 263.3267 15.05654398222091
STARLINK-4368           
1 53234U 22084AX  26220.45206507 -.00000665  00000+0 -16112-4 0  9997
2 53234  97.5637 284.1770 0001337 113.7863 246.3521 15.36965467223459
STARLINK-4056           
1 53242U 22086A   26220.50004630  .00087354  00000+0  35328-2 0  9993
2 53242  53.1598 236.5962 0001843  62.5952 111.9195 15.23991059  5788
STARLINK-4047           
1 53243U 22086B   26220.29406926  .00000661  00000+0  29851-4 0  9996
2 53243  53.1597 238.5796 0001313  68.4573 291.6570 15.35397560224215
STARLINK-4125           
1 53244U 22086C   26220.35813941  .00000293  00000+0  21218-4 0  9993
2 53244  53.1585 237.6771 0001285  74.0129 286.1014 15.31705271224214
STARLINK-4131           
1 53246U 22086E   26220.36278955  .00000331  00000+0  22416-4 0  9990
2 53246  53.1581 237.6672 0001149  85.3382 274.7751 15.31699400223101
STARLINK-4061           
1 53247U 22086F   26220.50004630  .00086864  00000+0  33935-2 0  9995
2 53247  53.1590 236.7542 0001469  85.7491  26.6086 15.25153930  5837
STARLINK-4135           
1 53248U 22086G   26220.48323023  .00000348  00000+0  22993-4 0  9990
2 53248  53.1599 234.1054 0001156  79.0212 281.0919 15.31700684224271
STARLINK-4128           
1 53249U 22086H   26220.34122465 -.00000408  00000+0 -13789-5 0  9996
2 53249  53.1584 226.0063 0001291  92.2849 267.8300 15.31695717224073
STARLINK-4059           
1 53250U 22086J   26220.31952985  .00000999  00000+0  40721-4 0  9991
2 53250  53.1592 227.2322 0001209  89.6421 270.4720 15.34390085224046
STARLINK-4129           
1 53251U 22086K   26220.33021296  .00000157  00000+0  17770-4 0  9990
2 53251  53.1581 226.7220 0001289  71.4372 288.6768 15.29352995224043
STARLINK-4132           
1 53252U 22086L   26220.28997243  .00000171  00000+0  17270-4 0  9990
2 53252  53.1582 226.3856 0001274  72.8506 287.2635 15.31701328224065
STARLINK-4133           
1 53253U 22086M   26220.29932469  .00002101  00000+0  79398-4 0  9995
2 53253  53.1590 226.5724 0001307  79.4883 280.6265 15.31720280224041
STARLINK-4134           
1 53254U 22086N   26220.33045083  .00000182  00000+0  29557-4 0  9997
2 53254  53.1587 232.9859 0001306  75.6626 284.4510 15.08829312223976
STARLINK-4142           
1 53255U 22086P   26220.31476859  .00001212  00000+0  94246-4 0  9997
2 53255  53.1585 233.0444 0001080  72.1946 287.9163 15.08834086223957
STARLINK-4147           
1 53256U 22086Q   26220.31844500  .00000428  00000+0  45001-4 0  9993
2 53256  53.1585 233.0310 0000705  81.4295 278.6776 15.08823038223955
STARLINK-4144           
1 53257U 22086R   26220.30371639  .00000212  00000+0  31396-4 0  9994
2 53257  53.1586 233.0966 0001276  63.7497 296.3626 15.08832749223955
STARLINK-4127           
1 53258U 22086S   26220.31107160  .00000388  00000+0  42447-4 0  9995
2 53258  53.1585 233.0627 0001075  76.0702 284.0408 15.08835711223956
STARLINK-4140           
1 53259U 22086T   26220.33310519  .00000041  00000+0  20687-4 0  9990
2 53259  53.1587 232.5988 0001128  71.0763 289.0351 15.08830559223962
STARLINK-4062           
1 53261U 22086V   26220.28759266 -.00000196  00000+0  52995-5 0  9993
2 53261  53.1594 227.5066 0001133  59.7376 300.3739 15.35399489224031
STARLINK-4085           
1 53262U 22086W   26220.30800541  .00002151  00000+0  76700-4 0  9991
2 53262  53.1590 227.5560 0000987  75.2988 284.8124 15.33552961224033
STARLINK-4130           
1 53263U 22086X   26220.46711947  .00001031  00000+0  48060-4 0  9994
2 53263  53.1579 225.8426 0001265  87.0707 273.0438 15.29362885224074
STARLINK-3950           
1 53264U 22086Y   26220.29437484  .00000677  00000+0  30319-4 0  9990
2 53264  53.1599 228.2118 0001174  87.9983 272.1155 15.35400854224023
STARLINK-4097           
1 53265U 22086Z   26220.31803446  .00001053  00000+0  41113-4 0  9992
2 53265  53.1613 228.5191 0001632  81.6186 278.5002 15.35396863224025
STARLINK-4058           
1 53266U 22086AA  26220.30027642  .00000145  00000+0  15732-4 0  9997
2 53266  53.1594 227.6650 0001119  84.5482 275.5648 15.33550675224030
STARLINK-4060           
1 53267U 22086AB  26220.33715955  .00000745  00000+0  32283-4 0  9998
2 53267  53.1596 227.3012 0001311  86.8622 273.2531 15.35390961224046
STARLINK-4109           
1 53268U 22086AC  26220.50004630  .00041849  00000+0  12779-2 0  9995
2 53268  53.1594 226.5087 0001379  80.4611 106.8269 15.33518274  5896
STARLINK-4122           
1 53272U 22086AG  26220.26482867  .00000153  00000+0  15671-4 0  9994
2 53272  53.1585 215.4836 0001133  82.4759 277.6373 15.34389084224198
STARLINK-4051           
1 53273U 22086AH  26220.29993052  .00000186  00000+0  17002-4 0  9997
2 53273  53.1586 215.8989 0001263  90.1087 270.0060 15.33547280224189
STARLINK-4050           
1 53274U 22086AJ  26220.22971176  .00000373  00000+0  22671-4 0  9990
2 53274  53.1589 216.0533 0001216  89.2889 270.8253 15.33545727224184
STARLINK-4179           
1 53275U 22086AK  26220.26825337  .00002937  00000+0  95043-4 0  9993
2 53275  53.1578 216.4420 0001224  90.6339 269.4804 15.35404928224171
STARLINK-4174           
1 53276U 22086AL  26220.27090346  .00002717  00000+0  88794-4 0  9990
2 53276  53.1599 215.6843 0001209  79.8253 280.2886 15.35394927224181
STARLINK-4178           
1 53277U 22086AM  26220.30144019  .00000426  00000+0  25505-4 0  9998
2 53277  53.1613 217.4745 0000812 107.5307 252.5783 15.31686527224160
STARLINK-4180           
1 53278U 22086AN  26220.26440975 -.00000352  00000+0  41323-6 0  9991
2 53278  53.1588 217.1643 0001178  83.5927 276.5208 15.31700873224162
STARLINK-4169           
1 53280U 22086AQ  26220.14854427  .00004148  00000+0  15456-3 0  9993
2 53280  53.1615 174.0793 0001667  62.6399 297.4771 15.29669702224762
STARLINK-4164           
1 53282U 22086AS  26220.26285918 -.00000566  00000+0 -58811-5 0  9997
2 53282  53.1592 215.8283 0001264  87.4443 272.6704 15.33543831224180
STARLINK-4175           
1 53283U 22086AT  26220.26742027  .00000003  00000+0  11425-4 0  9990
2 53283  53.1584 215.9737 0001142  80.0654 280.0477 15.33552640224183
STARLINK-4173           
1 53285U 22086AV  26220.43425080  .00001065  00000+0  41443-4 0  9990
2 53285  53.1595 215.0023 0001317  83.5630 276.5523 15.35401872224209
STARLINK-4165           
1 53286U 22086AW  26220.30635990  .00000718  00000+0  34908-4 0  9992
2 53286  53.1585 216.9555 0001411  89.0727 271.0436 15.31699494224165
STARLINK-4107           
1 53287U 22086AX  26220.30865490  .00000423  00000+0  24183-4 0  9990
2 53287  53.1591 215.7170 0001401  82.5934 277.5227 15.33545660224188
STARLINK-4162           
1 53288U 22086AY  26220.26527492  .00000201  00000+0  16669-4 0  9997
2 53288  53.1597 216.0384 0001172  85.3223 274.7914 15.35398713224171
STARLINK-4176           
1 53289U 22086AZ  26220.26372991  .00001123  00000+0  44372-4 0  9996
2 53289  53.1593 211.5337 0001255  89.3387 270.7760 15.34393343224238
STARLINK-4149           
1 53290U 22086BA  26220.30405235  .00008818  00000+0  54447-3 0  9992
2 53290  53.2145 223.0694 0002049  50.4323 309.6850 15.10616783224084
STARLINK-4166           
1 53291U 22086BB  26220.24344014 -.00000366  00000+0  42093-6 0  9991
2 53291  53.1602 212.1138 0001023  85.1980 274.9139 15.35397952224220
STARLINK-4159           
1 53292U 22086BC  26220.27820355  .00001908  00000+0  65579-4 0  9996
2 53292  53.1603 215.5486 0001348  88.6458 271.4700 15.35401658224183
STARLINK-4148           
1 53293U 22086BD  26220.23170132  .00001833  00000+0  65430-4 0  9997
2 53293  53.1602 207.6831 0001229  78.0062 282.1079 15.34376186224286
STARLINK-4146           
1 53294U 22086BE  26220.27056875 -.00000065  00000+0  90443-5 0  9999
2 53294  53.1608 208.9792 0001154  66.2652 293.8472 15.35407455224319
STARLINK-4522           
1 53388U 22097A   26220.50004630 -.00003244  00000+0 -13687-3 0  9999
2 53388  53.1606 161.8726 0000249  42.5128 243.0157 15.19310765  5799
STARLINK-4523           
1 53389U 22097B   26220.50004630  .00006217  00000+0  28741-3 0  9998
2 53389  53.1589 161.6778 0001547  33.9556  33.6084 15.21448567  5782
STARLINK-4517           
1 53390U 22097C   26220.50004630 -.00001397  00000+0 -50466-4 0  9996
2 53390  53.1602 161.8698 0001005 347.6816 321.0961 15.19269261  5783
STARLINK-4521           
1 53391U 22097D   26220.11522945  .00001295  00000+0  53480-4 0  9992
2 53391  53.1632 160.9131 0001161  84.9936 275.1198 15.31707137221577
STARLINK-4535           
1 53392U 22097E   26220.50004630 -.00028478  00000+0 -90882-3 0  9992
2 53392  53.1590 159.5494 0001409  83.1994  59.6754 15.31719426  5833
STARLINK-4530           
1 53393U 22097F   26220.50004630  .00002173  00000+0  11160-3 0  9997
2 53393  53.1586 161.7055 0001371 109.1276 345.2571 15.20881651  5836
STARLINK-4544           
1 53394U 22097G   26220.09839542  .00001217  00000+0  50955-4 0  9994
2 53394  53.1616 149.6360 0001202 104.0805 256.0330 15.31704125221733
STARLINK-4534           
1 53395U 22097H   26220.10124643  .00004269  00000+0  14921-3 0  9998
2 53395  53.1633 160.9465 0001103  85.8447 274.2681 15.31706339221418
STARLINK-4524           
1 53396U 22097J   26220.50004630  .00003345  00000+0  18157-3 0  9995
2 53396  53.1586 161.9890 0002582  73.3359 352.0733 15.17251739  5679
STARLINK-4515           
1 53397U 22097K   26220.50004630 -.00001141  00000+0 -36193-4 0  9991
2 53397  53.1595 161.7039 0002242  71.0902  83.3911 15.21082217  5787
STARLINK-4512           
1 53398U 22097L   26220.50004630  .00000319  00000+0  28544-4 0  9997
2 53398  53.1610 161.6625 0001276 123.2180 151.7817 15.21230997  5785
STARLINK-4528           
1 53399U 22097M   26220.50004630 -.00002515  00000+0 -91718-4 0  9993
2 53399  53.1610 161.5403 0000272 358.5243 279.6490 15.22992146  5674
STARLINK-4520           
1 53400U 22097N   26220.50004630  .00000220  00000+0  23603-4 0  9993
2 53400  53.1596 161.6170 0000601  50.3180 309.1552 15.22215227  5840
STARLINK-4525           
1 53401U 22097P   26220.50004630 -.00000348  00000+0 -77511-6 0  9996
2 53401  53.1610 161.5782 0001248 120.1335 177.7415 15.22195991  5675
STARLINK-4499           
1 53402U 22097Q   26220.13355083  .00002764  00000+0  90128-4 0  9996
2 53402  53.1631 160.8278 0001418  98.1023 262.0141 15.35394812221422
STARLINK-4507           
1 53403U 22097R   26220.07794833  .00000552  00000+0  29562-4 0  9997
2 53403  53.1613 161.0612 0001368  92.4804 267.6354 15.31698703221414
STARLINK-4509           
1 53404U 22097S   26220.12156822  .00002428  00000+0  89929-4 0  9991
2 53404  53.1616 148.7627 0001338  82.9194 277.1960 15.31718454221582
STARLINK-4510           
1 53405U 22097T   26220.50004630  .00002987  00000+0  13586-3 0  9998
2 53405  53.1591 161.4293 0001707  83.7510  51.4400 15.23882315  5847
STARLINK-4533           
1 53406U 22097U   26220.03769777  .00001829  00000+0  70675-4 0  9994
2 53406  53.1619 149.1464 0001323  82.2466 277.8686 15.31714243221573
STARLINK-4491           
1 53408U 22097W   26220.13811535  .00000889  00000+0  73976-4 0  9999
2 53408  53.1621 153.8396 0001505  81.5680 278.5482 15.08833514221519
STARLINK-4490           
1 53409U 22097X   26220.17747021 -.00000778  00000+0 -11408-4 0  9993
2 53409  53.1614 136.6283 0001094  84.6561 275.4567 15.35397520221760
STARLINK-4492           
1 53410U 22097Y   26220.13443441  .00000853  00000+0  71695-4 0  9996
2 53410  53.1609 153.8514 0001340  92.1653 267.9492 15.08830822221517
STARLINK-4497           
1 53411U 22097Z   26220.14179153  .00001084  00000+0  86217-4 0  9997
2 53411  53.1614 153.8177 0001331  89.7279 270.3865 15.08837658221511
STARLINK-4496           
1 53412U 22097AA  26220.05715307  .00000169  00000+0  28684-4 0  9992
2 53412  53.1601 154.2007 0001213  81.0819 279.0309 15.08830095221505
STARLINK-4500           
1 53413U 22097AB  26220.13075268  .00000168  00000+0  28660-4 0  9990
2 53413  53.1612 153.8667 0001405  73.6588 286.4558 15.08832208221515
STARLINK-4304           
1 53414U 22097AC  26220.08756974  .00000428  00000+0  23167-4 0  9991
2 53414  53.1617 150.9260 0001064  84.1244 275.9881 15.35400749221541
STARLINK-4479           
1 53415U 22097AD  26220.09362269 -.00001559  00000+0 -38482-4 0  9997
2 53415  53.1619 148.9001 0001237  81.2504 278.8638 15.31695319221551
STARLINK-4480           
1 53416U 22097AE  26220.10130311 -.00001648  00000+0 -85488-4 0  9998
2 53416  53.1617 153.9483 0001310  94.1771 265.9370 15.08829706221486
STARLINK-4484           
1 53417U 22097AF  26220.11234945  .00000257  00000+0  34269-4 0  9992
2 53417  53.1592 153.9526 0001083  94.8640 265.2475 15.08834362221489
STARLINK-4481           
1 53418U 22097AG  26220.06484379 -.00000021  00000+0  10302-4 0  9997
2 53418  53.1611 136.6384 0001417  97.0817 263.0348 15.35404292221754
STARLINK-4476           
1 53419U 22097AH  26220.09233818  .00004192  00000+0  13105-3 0  9996
2 53419  53.1607 151.0701 0001361  87.3601 272.7558 15.35393050221529
STARLINK-4552           
1 53420U 22097AJ  26220.06581418 -.00000063  00000+0  92760-5 0  9997
2 53420  53.1634 148.9282 0001400  97.2631 262.8531 15.34392113221559
STARLINK-4545           
1 53421U 22097AK  26220.01905318  .00000621  00000+0  31771-4 0  9995
2 53421  53.1620 149.2663 0001162  89.0361 271.0773 15.31702196221548
STARLINK-4546           
1 53422U 22097AL  26220.06792539 -.00001942  00000+0 -46373-4 0  9993
2 53422  53.1616 149.0189 0001298  84.7311 275.3840 15.34383264221571
STARLINK-4539           
1 53423U 22097AM  26220.05559519  .00000080  00000+0  14341-4 0  9992
2 53423  53.1619 146.0106 0001552 109.7989 250.3180 15.31685716221599
STARLINK-4532           
1 53424U 22097AN  26220.12624900  .00000529  00000+0  28822-4 0  9995
2 53424  53.1621 148.7523 0001302  90.5966 269.5185 15.31699992221587
STARLINK-4531           
1 53425U 22097AP  26220.18153649  .00000133  00000+0  16056-4 0  9996
2 53425  53.1607 146.1637 0001352  89.4245 270.6912 15.31698647221590
STARLINK-4558           
1 53426U 22097AQ  26220.48223760  .00000618  00000+0  28610-4 0  9999
2 53426  53.1612 134.9745 0001076  95.4750 264.6376 15.35398362221809
STARLINK-4543           
1 53429U 22097AT  26220.18177552 -.00000038  00000+0  98164-5 0  9995
2 53429  53.1619 136.6571 0001143  87.3532 272.7602 15.35401845221755
STARLINK-4538           
1 53430U 22097AU  26220.48137778  .00000011  00000+0  11222-4 0  9995
2 53430  53.1616 134.9769 0001164  88.9511 271.1626 15.35397463221783
STARLINK-4548           
1 53431U 22097AV  26220.16819541  .00000086  00000+0  13359-4 0  9991
2 53431  53.1621 136.5812 0001180  84.2904 275.8234 15.35398519221756
STARLINK-4557           
1 53432U 22097AW  26220.06781956  .00001153  00000+0  45277-4 0  9999
2 53432  53.1621 136.6626 0001434  66.8627 293.2527 15.34393582221743
STARLINK-4549           
1 53433U 22097AX  26220.50004630  .00019783  00000+0  89063-3 0  9994
2 53433  53.1593 139.7772 0001033  95.8117  23.5969 15.21096074  5868
STARLINK-4542           
1 53435U 22097AZ  26220.05729485  .00001235  00000+0  47672-4 0  9992
2 53435  53.1613 136.5988 0001242  95.9794 264.1350 15.34395955221727
STARLINK-4527           
1 53436U 22097BA  26220.47642389 -.00001723  00000+0 -38493-4 0  9991
2 53436  53.1616 134.9409 0001446 113.7065 246.4089 15.35404905221805
STARLINK-4526           
1 53438U 22097BC  26220.46064434  .00001516  00000+0  54344-4 0  9992
2 53438  53.1599 134.8465 0001242  92.5019 267.6127 15.35401837221815
STARLINK-4519           
1 53439U 22097BD  26220.12759101  .00001112  00000+0  42776-4 0  9996
2 53439  53.1615 136.3187 0001148  88.2987 271.8148 15.35405036221763
STARLINK-4415           
1 53465U 22099A   26220.32416344  .00005630  00000+0  17663-3 0  9993
2 53465  97.2847 338.5401 0001203  79.7907 280.3472 15.33436845218910
STARLINK-4398           
1 53466U 22099B   26220.34531575  .00000761  00000+0  23387-4 0  9991
2 53466  97.5641 346.2599 0001437  87.5550 272.5858 15.36962264219228
STARLINK-4394           
1 53467U 22099C   26220.50004630 -.00736730  00000+0 -15739-1 0  9990
2 53467  97.6046 349.3521 0001308  87.7498  82.2985 15.47139536  6038
STARLINK-4400           
1 53468U 22099D   26220.28174995  .00000444  00000+0  34659-4 0  9997
2 53468  97.2855 336.4762 0001589 113.3636 246.7759 15.05659229218781
STARLINK-4399           
1 53469U 22099E   26220.32686161  .00000476  00000+0  17083-4 0  9993
2 53469  97.2853 338.6635 0001372  90.6023 269.5377 15.33438157218932
STARLINK-4393           
1 53470U 22099F   26220.29835941  .00000457  00000+0  35597-4 0  9992
2 53470  97.2845 336.4517 0000969 108.7115 251.4217 15.05656725218782
STARLINK-4316           
1 53471U 22099G   26220.27792072  .00001121  00000+0  37046-4 0  9998
2 53471  97.2855 338.5722 0000630 129.9432 230.1866 15.33437608218925
STARLINK-4447           
1 53472U 22099H   26220.30390015 -.00000120  00000+0 -44388-5 0  9992
2 53472  97.2851 336.4405 0001305  93.8718 266.2659 15.05653957218783
STARLINK-4383           
1 53473U 22099J   26220.34065433 -.00001571  00000+0 -41208-4 0  9998
2 53473  97.5829 345.2654 0002023  45.7237 314.4172 15.36950833219162
STARLINK-4445           
1 53474U 22099K   26220.33158999 -.00001031  00000+0 -67564-4 0  9992
2 53474  97.2847 336.5230 0001359 109.8215 250.3159 15.05649487218799
STARLINK-4389           
1 53475U 22099L   26220.35076096 -.00000070  00000+0  37757-6 0  9996
2 53475  97.5722 346.5454 0001432  88.8493 271.2915 15.36966565219943
STARLINK-4378           
1 53476U 22099M   26220.27980347  .00000447  00000+0  35588-4 0  9996
2 53476  97.2847 336.6334 0000891 144.4656 215.6631 15.04833216218783
STARLINK-4412           
1 53477U 22099N   26220.50004630  .00401759  64501-4  11749-2 0  9998
2 53477  97.6032 348.6552 0001026  96.8163  17.7007 15.92779688  6000
STARLINK-4433           
1 53478U 22099P   26220.30946347 -.00002922  00000+0 -19879-3 0  9990
2 53478  97.2863 336.4212 0002038 101.6552 258.4904 15.05636122218787
STARLINK-4436           
1 53479U 22099Q   26220.29970508 -.00002179  00000+0 -65247-4 0  9990
2 53479  97.2856 338.5214 0001187  89.6138 270.5241 15.33408555218927
STARLINK-4442           
1 53480U 22099R   26220.50004630  .00281100  00000+0  15315-2 0  9990
2 53480  97.6026 348.1854 0001042  55.5106 181.6547 15.79163096  5985
STARLINK-4302           
1 53481U 22099S   26220.33156751 -.00000520  00000+0 -12077-4 0  9995
2 53481  97.5737 346.4284 0001686  80.9522 279.1912 15.36966551219234
STARLINK-4360           
1 53482U 22099T   26220.32051927  .00000101  00000+0  10919-4 0  9990
2 53482  97.2851 336.5405 0001402 106.6155 253.5226 15.05653327218792
STARLINK-4426           
1 53484U 22099V   26220.32142306  .00000747  00000+0  25462-4 0  9999
2 53484  97.2855 338.6288 0001256  97.5597 262.5788 15.33438496218933
STARLINK-4430           
1 53485U 22099W   26220.32328410  .00000378  00000+0  30062-4 0  9994
2 53485  97.2864 336.5142 0001153 124.0153 236.1184 15.05655350218790
STARLINK-4431           
1 53486U 22099X   26220.33273692 -.00000236  00000+0 -42127-5 0  9998
2 53486  97.5873 347.0749 0001692  65.9103 294.2317 15.36966675219276
STARLINK-4432           
1 53487U 22099Y   26220.30782947  .00001683  00000+0  54422-4 0  9999
2 53487  97.2857 338.6307 0001364  79.2942 280.8454 15.33452886218933
STARLINK-4421           
1 53488U 22099Z   26220.31327870  .00002652  00000+0  84449-4 0  9990
2 53488  97.2858 338.6371 0001383  97.8054 262.3346 15.33445977218935
STARLINK-4392           
1 53489U 22099AA  26220.32506222  .00000091  00000+0  99810-5 0  9996
2 53489  97.2856 336.5202 0000881 131.7214 228.4090 15.06457823218798
STARLINK-4387           
1 53490U 22099AB  26220.50004630  .00012713  00000+0  22723-3 0  9995
2 53490  97.6039 345.7773 0001303  66.7505 166.5680 15.50168112  5871
STARLINK-4450           
1 53491U 22099AC  26220.52747488  .00015964  00000+0  44194-3 0  9990
2 53491  97.5924 347.3732 0001102  96.6148 263.5221 15.37075756219310
STARLINK-4451           
1 53492U 22099AD  26220.50004630  .00376187  00000+0  21121-2 0  9995
2 53492  97.5992 345.6115 0001026  61.1768 154.0940 15.78236758  5964
STARLINK-4340           
1 53494U 22099AF  26220.29151539  .00000598  00000+0  20853-4 0  9997
2 53494  97.2856 338.4922 0001416  89.1171 271.0234 15.33437709218927
STARLINK-4429           
1 53495U 22099AG  26220.32882050  .00000337  00000+0  27226-4 0  9993
2 53495  97.2862 336.4733 0001219 109.9886 250.1473 15.05655158218795
STARLINK-4453           
1 53497U 22099AJ  26220.33712745  .00000355  00000+0  28516-4 0  9992
2 53497  97.2856 336.4526 0001686  93.8641 266.2779 15.05656616218795
STARLINK-4439           
1 53498U 22099AK  26220.33501800  .00000231  00000+0  94997-5 0  9991
2 53498  97.2855 338.5699 0001242  94.9466 265.1919 15.33435392218931
STARLINK-4454           
1 53499U 22099AL  26220.50004630  .00044958  00000+0  58032-3 0  9992
2 53499  97.6011 345.9746 0001642  74.8943  30.2113 15.58857318  5929
STARLINK-4455           
1 53500U 22099AM  26220.50004630  .00755320  23980-3  21890-2 0  9994
2 53500  97.5925 350.8813 0001713  74.8422 242.6454 15.92984372  6080
STARLINK-4434           
1 53501U 22099AN  26220.30714272 -.00000126  00000+0 -11506-5 0  9992
2 53501  97.5782 346.5571 0001361  82.0538 278.0860 15.36968249219244
STARLINK-4435           
1 53502U 22099AP  26220.35436586  .00001652  00000+0  48076-4 0  9991
2 53502  97.5798 347.8503 0001649  91.3310 268.8123 15.36958292219337
STARLINK-4448           
1 53504U 22099AR  26220.30254843 -.00000477  00000+0 -10863-4 0  9991
2 53504  97.5989 346.7135 0001430  84.8119 275.3288 15.36965042219259
STARLINK-4446           
1 53505U 22099AS  26220.32396036  .00088542  51364-5  30963-3 0  9999
2 53505  97.6047 356.9671 0002018 240.9139 119.1931 15.89379180219906
STARLINK-4437           
1 53506U 22099AT  26220.49375943  .00289741  40870-4  38510-3 0  9991
2 53506  97.5914 350.7054 0002343  70.3874 289.7659 16.06715851219526
STARLINK-4443           
1 53508U 22099AV  26220.29695228  .00000426  00000+0  15512-4 0  9997
2 53508  97.2861 338.5886 0001107  98.6038 261.5330 15.33438450218939
STARLINK-4402           
1 53509U 22099AW  26220.50004630  .00110615  00000+0  13418-2 0  9996
2 53509  97.6034 347.5451 0001252  68.1998 341.9440 15.60248901  5694
STARLINK-4503           
1 53528U 22101B   26220.40307215  .00000007  00000+0  18536-4 0  9996
2 53528  53.1611 112.6442 0001440  90.9718 269.1439 15.08831175219066
STARLINK-4478           
1 53529U 22101C   26220.09014290  .00013785  00000+0  71734-3 0  9995
2 53529  53.2124 109.1612 0002682 117.8797 242.2471 15.16316080219095
STARLINK-4482           
1 53530U 22101D   26220.01301968 -.00000071  00000+0  13643-4 0  9991
2 53530  53.1605 114.6190 0001265  86.9457 273.1679 15.08830211219009
STARLINK-4487           
1 53531U 22101E   26220.39164069  .00000558  00000+0  29740-4 0  9996
2 53531  53.1614 108.4975 0001431  99.0997 261.0166 15.31704193219126
STARLINK-4483           
1 53532U 22101F   26220.42511200  .00004492  00000+0  29989-3 0  9999
2 53532  53.1616 112.5466 0001181  84.7504 275.3622 15.08871176219076
STARLINK-4493           
1 53533U 22101G   26220.42893817 -.00000063  00000+0  97409-5 0  9992
2 53533  53.1621 108.3996 0001272  86.3187 273.7960 15.31700586219136
STARLINK-4138           
1 53535U 22101J   26220.50004630  .00065578  00000+0  22808-2 0  9999
2 53535  53.1590 110.6920 0001601  86.2937  62.5493 15.29127718  5836
STARLINK-4053           
1 53536U 22101K   26219.95056729  .00002573  00000+0  94591-4 0  9999
2 53536  53.1604  98.5291 0001010  89.1293 270.9824 15.31714723219223
STARLINK-4120           
1 53537U 22101L   26220.50004630  .00063784  00000+0  20709-2 0  9996
2 53537  53.1586 110.6365 0002126  81.2656  76.3154 15.31368488  5833
STARLINK-4123           
1 53539U 22101N   26220.50004630  .00064845  00000+0  20581-2 0  9995
2 53539  53.1593 110.6111 0001919 104.4482 104.8155 15.32088711  5833
STARLINK-4486           
1 53540U 22101P   26220.09587020 -.00000093  00000+0  12246-4 0  9997
2 53540  53.1603 104.3821 0001355  88.5141 271.6006 15.08833389219841
STARLINK-4485           
1 53541U 22101Q   26220.14179315 -.00000098  00000+0  11971-4 0  9997
2 53541  53.1610 113.8188 0001380  91.5341 268.5808 15.08831018219724
STARLINK-4489           
1 53542U 22101R   26220.35083009  .00000593  00000+0  27904-4 0  9997
2 53542  53.1612  95.5081 0001085  79.5020 280.6105 15.35399921219993
STARLINK-4297           
1 53543U 22101S   26219.93355405  .00001652  00000+0  60010-4 0  9994
2 53543  53.1597  97.0849 0001047  93.3483 266.7639 15.34403931219937
STARLINK-4303           
1 53544U 22101T   26220.08326252  .00000830  00000+0  34703-4 0  9998
2 53544  53.1611  96.7594 0001156  98.0525 262.0610 15.35402927219931
STARLINK-4475           
1 53545U 22101U   26220.35888684  .00000981  00000+0  39007-4 0  9990
2 53545  53.1623  95.5120 0001348  85.8210 274.2947 15.35408916219993
STARLINK-4477           
1 53546U 22101V   26220.04323118  .00000378  00000+0  21735-4 0  9992
2 53546  53.1610  86.5831 0001394 104.9374 255.1783 15.35400121219406
STARLINK-4474           
1 53547U 22101W   26219.94642029 -.00014167  00000+0 -39740-3 0  9992
2 53547  53.1611  97.2880 0001300  83.7628 276.3523 15.35288973219916
STARLINK-4513           
1 53548U 22101X   26220.36719490 -.00000934  00000+0 -40615-4 0  9999
2 53548  53.1615 102.8070 0001530  90.5048 269.6119 15.08830880219200
STARLINK-4514           
1 53551U 22101AA  26220.50004630  .00046128  00000+0  13695-2 0  9991
2 53551  53.1597  98.7131 0001421  87.1102 253.7383 15.34365366  5779
STARLINK-4495           
1 53552U 22101AB  26219.95870794  .00000002  00000+0  18226-4 0  9999
2 53552  53.1606 104.6434 0001339  88.4755 271.6390 15.08834836219790
STARLINK-4501           
1 53553U 22101AC  26220.41501503  .00001365  00000+0  10382-3 0  9999
2 53553  53.1612 102.4666 0001374  90.2701 269.8448 15.08839878219875
STARLINK-4506           
1 53554U 22101AD  26220.08478818 -.00000214  00000+0  46361-5 0  9996
2 53554  53.1613 104.0856 0001278  92.7513 267.3624 15.08834543219162
STARLINK-4504           
1 53555U 22101AE  26219.96238605 -.00000138  00000+0  93999-5 0  9994
2 53555  53.1629 104.6289 0001505 107.2601 252.8555 15.08834984219801
STARLINK-4505           
1 53556U 22101AF  26220.40766833  .00000262  00000+0  34577-4 0  9998
2 53556  53.1613 102.6245 0001364  87.9616 272.1531 15.08837396219212
STARLINK-4502           
1 53557U 22101AG  26220.08752063  .00001228  00000+0  95236-4 0  9995
2 53557  53.1614 104.0634 0002497  99.4920 260.6354 15.08843550219816
STARLINK-4494           
1 53558U 22101AH  26220.50004630  .00086317  00000+0  25870-2 0  9990
2 53558  53.1600  95.0274 0000682  74.4724 316.8216 15.33778621  5784
STARLINK-4564           
1 53560U 22101AK  26220.50004630  .00056257  00000+0  18137-2 0  9991
2 53560  53.1611  89.9849 0001077  90.1304 326.7952 15.31651708  5788
STARLINK-4563           
1 53561U 22101AL  26220.44620953  .00001242  00000+0  46503-4 0  9991
2 53561  53.1621  98.6948 0001169  88.6221 271.4916 15.35405448219278
STARLINK-4565           
1 53562U 22101AM  26219.86416734  .00000468  00000+0  25009-4 0  9993
2 53562  53.1623  87.6263 0001267  93.5175 266.5973 15.34388445220031
STARLINK-4561           
1 53563U 22101AN  26220.32070958  .00001049  00000+0  40960-4 0  9990
2 53563  53.1614  85.4953 0001160  90.9131 269.2005 15.35404111219448
STARLINK-4577           
1 53564U 22101AP  26220.33544275  .00000486  00000+0  24832-4 0  9994
2 53564  53.1608  85.5842 0001242  92.3909 267.7236 15.35396561219448
STARLINK-4575           
1 53565U 22101AQ  26220.33018398  .00000827  00000+0  34598-4 0  9996
2 53565  53.1616  85.5496 0001124  94.6933 265.4198 15.35400699220109
STARLINK-4576           
1 53566U 22101AR  26220.32643235  .00000821  00000+0  35454-4 0  9996
2 53566  53.1607  85.5334 0001086 100.5469 259.5656 15.34388569220135
STARLINK-4585           
1 53567U 22101AS  26220.36418910  .00000362  00000+0  24886-4 0  9998
2 53567  53.1620  90.6707 0001257  93.8242 266.2902 15.29353236219375
STARLINK-4583           
1 53568U 22101AT  26220.34536786 -.00000974  00000+0 -17713-4 0  9991
2 53568  53.1603  85.6451 0001088  92.0312 268.0815 15.34381530220131
STARLINK-4582           
1 53569U 22101AU  26219.94924094  .00000367  00000+0  21422-4 0  9995
2 53569  53.1616  87.4405 0001193  84.5281 275.5858 15.35399684220054
STARLINK-4550           
1 53570U 22101AV  26220.32313148  .00002056  00000+0  73794-4 0  9999
2 53570  53.1613  85.5138 0001531  98.2432 261.8743 15.33562272220134
STARLINK-4584           
1 53571U 22101AW  26220.15205980  .00000039  00000+0  12281-4 0  9998
2 53571  53.1603  86.5742 0001122  87.1044 273.0087 15.34387296220103
STARLINK-4555           
1 53572U 22101AX  26220.04946559  .00000681  00000+0  30417-4 0  9995
2 53572  53.1607  86.6470 0001123  87.6759 272.4373 15.35400513219407
STARLINK-4559           
1 53574U 22101AZ  26219.92509160  .00000103  00000+0  14195-4 0  9999
2 53574  53.1609  87.2922 0001173  91.6623 268.4514 15.34388667219383
STARLINK-4551           
1 53575U 22101BA  26220.04273620 -.00000600  00000+0 -66221-5 0  9996
2 53575  53.1603  86.6066 0001152  84.1015 276.0119 15.34381111220092
STARLINK-4581           
1 53576U 22101BB  26220.50004630  .00054055  00000+0  17434-2 0  9991
2 53576  53.1606  90.0315 0000721  75.8869 315.2535 15.31657073  5782
STARLINK-4553           
1 53577U 22101BC  26219.91691500 -.00000761  00000+0 -10913-4 0  9997
2 53577  53.1609  87.2408 0001077  89.5706 270.5420 15.35404957220201
STARLINK-4556           
1 53578U 22101BD  26220.11839280  .00000706  00000+0  32027-4 0  9998
2 53578  53.1608  86.3645 0001128  85.2914 274.8218 15.34391893219411
STARLINK-4580           
1 53579U 22101BE  26220.01127194  .00000299  00000+0  19994-4 0  9997
2 53579  53.1608  87.1147 0001270  89.2233 270.8915 15.34385291219396
STARLINK-4691           
1 53588U 22104A   26220.46106301 -.00000666  00000+0 -23777-4 0  9990
2 53588  53.1609 282.6390 0001047  77.7737 282.3371 15.08829655219002
STARLINK-4673           
1 53589U 22104B   26220.46251931  .00000153  00000+0  15285-4 0  9995
2 53589  53.1591 274.9329 0001119  75.2629 284.8497 15.35398148218960
STARLINK-4689           
1 53590U 22104C   26220.50004630  .00042870  00000+0  16248-2 0  9994
2 53590  53.2139 250.9042 0001103  88.5608 207.9621 15.26497183  5962
STARLINK-4674           
1 53591U 22104D   26220.43641944  .00002444  00000+0  80885-4 0  9995
2 53591  53.1611 277.5803 0001310  86.5776 273.5377 15.35420037218946
STARLINK-4672           
1 53592U 22104E   26220.41753861 -.00000400  00000+0 -55358-6 0  9997
2 53592  53.1589 275.3647 0001161  86.3480 273.7655 15.35396641218952
STARLINK-4684           
1 53595U 22104H   26220.44694814 -.00000166  00000+0  64093-5 0  9998
2 53595  53.1597 276.2459 0001137  83.0221 277.0910 15.31702388218940
STARLINK-4676           
1 53598U 22104L   26220.43799370 -.00001950  00000+0 -94865-4 0  9995
2 53598  53.1594 281.1032 0000958  87.3449 272.7654 15.12122245218541
STARLINK-4677           
1 53600U 22104N   26220.48914913  .00002032  00000+0  69153-4 0  9998
2 53600  53.1590 277.1888 0001173  86.4529 273.6608 15.35401572218608
STARLINK-4675           
1 53601U 22104P   26220.42521322 -.00001284  00000+0 -25918-4 0  9992
2 53601  53.1608 275.4047 0001317  79.8382 280.2769 15.35398878218628
STARLINK-4648           
1 53602U 22104Q   26220.50004630  .00017897  00000+0  52290-3 0  9997
2 53602  53.1590 274.5079 0001188  78.8622 223.6131 15.35389907  5784
STARLINK-4692           
1 53603U 22104R   26220.45231138 -.00000051  00000+0  14912-4 0  9992
2 53603  53.1593 277.6032 0001184  81.5911 278.5215 15.08833310218598
STARLINK-4690           
1 53604U 22104S   26220.50004630  .00035440  00000+0  11617-2 0  9990
2 53604  53.1589 274.5501 0001303  70.3695 208.5798 15.31328496  5783
STARLINK-4590           
1 53606U 22104U   26220.41245025 -.00066925  00000+0 -19627-2 0  9990
2 53606  53.1604 268.8503 0000912  91.7348 268.3759 15.34789933218594
STARLINK-4591           
1 53607U 22104V   26220.39758623  .00000328  00000+0  20839-4 0  9993
2 53607  53.1594 268.8474 0001208  78.8198 281.2940 15.34391779218715
STARLINK-4647           
1 53608U 22104W   26220.40136966  .00000838  00000+0  34924-4 0  9992
2 53608  53.1605 269.4866 0001141  81.0964 279.0168 15.35400044218583
STARLINK-4660           
1 53609U 22104X   26220.40014763  .00000083  00000+0  13298-4 0  9996
2 53609  53.1597 268.8635 0001171  90.3995 269.7142 15.35397922218714
STARLINK-4610           
1 53610U 22104Y   26220.50004630  .00061219  00000+0  32842-2 0  9993
2 53610  53.1595 272.2784 0002630   4.9284 308.3447 15.14397481  5833
STARLINK-4658           
1 53612U 22104AA  26220.42002601  .00000439  00000+0  23490-4 0  9990
2 53612  53.1607 269.6000 0001067  62.0578 298.0533 15.35403663218586
STARLINK-4655           
1 53613U 22104AB  26220.50004630  .00023518  00000+0  68311-3 0  9997
2 53613  53.1593 269.2607 0001362  73.3706 352.0875 15.35395050  5838
STARLINK-4605           
1 53616U 22104AE  26220.50004630  .00066610  00000+0  31132-2 0  9990
2 53616  53.1603 261.8095 0002237  69.6003  37.8662 15.19192387  5834
STARLINK-4609           
1 53619U 22104AH  26220.50004630  .00025942  00000+0  75234-3 0  9998
2 53619  53.1595 268.9913 0001373  73.3556 128.4419 15.35387141  5838
STARLINK-4615           
1 53620U 22104AJ  26220.39825483  .00000000  00000+0  10894-4 0  9994
2 53620  53.1600 269.4630 0000997  84.1469 275.9648 15.35397780218695
STARLINK-4608           
1 53621U 22104AK  26220.43639758 -.00000113  00000+0  76745-5 0  9992
2 53621  53.1603 268.9962 0001388  78.9442 281.1717 15.35390832218594
STARLINK-4568           
1 53622U 22104AL  26220.35968932  .00001976  00000+0  67524-4 0  9994
2 53622  53.1601 269.2278 0001303  74.9541 285.1606 15.35410751218695
STARLINK-4573           
1 53623U 22104AM  26220.38806624  .00000775  00000+0  36749-4 0  9998
2 53623  53.1597 264.4935 0001121  81.7948 278.3180 15.31687034218767
STARLINK-4596           
1 53624U 22104AN  26220.39273189  .00000034  00000+0  12849-4 0  9997
2 53624  53.1596 264.5196 0001142  84.3235 275.7897 15.31699763218766
STARLINK-4554           
1 53626U 22104AQ  26220.50004630  .00026457  00000+0  81335-3 0  9997
2 53626  53.1595 268.8001 0001220  80.7226 221.7097 15.33532742  5791
STARLINK-4595           
1 53627U 22104AR  26220.50170718  .00001708  00000+0  59864-4 0  9994
2 53627  53.1605 268.6891 0001096  95.0724 265.0404 15.35395758218720
STARLINK-4600           
1 53628U 22104AS  26220.50004630  .00026240  00000+0  76099-3 0  9990
2 53628  53.1605 268.8979 0001637  68.2057 180.8307 15.35380361  5737
STARLINK-4602           
1 53629U 22104AT  26220.37811274  .00001755  00000+0  61203-4 0  9992
2 53629  53.1607 269.3380 0001152  84.0894 276.0240 15.35398020218707
STARLINK-4598           
1 53630U 22104AU  26220.38194756  .00000904  00000+0  40920-4 0  9992
2 53630  53.1596 258.6849 0001310  82.3901 277.7249 15.31689399219024
STARLINK-4599           
1 53631U 22104AV  26220.51970622  .00004170  00000+0  13041-3 0  9994
2 53631  53.1601 268.8007 0001307  71.7008 288.4137 15.35394951218729
STARLINK-4606           
1 53632U 22104AW  26220.50004630  .00068085  00000+0  34354-2 0  9995
2 53632  53.1595 262.0303 0003258  99.6074 350.7567 15.16510307  5735
STARLINK-4593           
1 53633U 22104AX  26220.50004630  .00070107  00000+0  32776-2 0  9990
2 53633  53.1604 261.9888 0002355  82.7158  28.8841 15.19156365  5838
STARLINK-4592           
1 53634U 22104AY  26220.50004630  .00074258  00000+0  36365-2 0  9990
2 53634  53.1608 261.9206 0003776 120.7157  25.5640 15.17513144  5782
STARLINK-4586           
1 53636U 22104BA  26220.50004630  .00066299  00000+0  30391-2 0  9991
2 53636  53.1609 261.7663 0002555  58.2505 166.9591 15.19863458  5846
STARLINK-4396           
1 53637U 22104BB  26220.50004630  .00076939  00000+0  39878-2 0  9993
2 53637  53.1591 262.2838 0003541  17.5167 298.6626 15.15502523  5734
STARLINK-4594           
1 53638U 22104BC  26220.50004630  .00078517  00000+0  42495-2 0  9997
2 53638  53.1602 261.7774 0001377 281.3950 297.5643 15.13961213  5838
STARLINK-4422           
1 53639U 22104BD  26220.50004630 -.00654368  00000+0 -13779-1 0  9996
2 53639  53.2170 236.4021 0001157  69.4765 331.1962 15.47160312  5993
STARLINK-4597           
1 53640U 22104BE  26220.50004630  .00074882  00000+0  38313-2 0  9995
2 53640  53.1606 261.8494 0001508 158.8717  22.9980 15.15975889  5784
STARLINK-4588           
1 53641U 22104BF  26220.37258412  .00004545  00000+0  15799-3 0  9993
2 53641  53.1591 258.6211 0000932  88.0017 272.1091 15.31729927219187
STARLINK-4622           
1 53648U 22105A   26220.38695139  .00002764  00000+0  19520-3 0  9990
2 53648  97.2833  96.6107 0002859  78.5798 281.5750 15.05679654216068
STARLINK-4386           
1 53649U 22105B   26220.50004630  .00402389  00000+0  26681-2 0  9997
2 53649  97.6014 107.9540 0001589  85.5899  72.6959 15.74346905  5770
STARLINK-4380           
1 53650U 22105C   26220.38977683 -.00001348  00000+0 -89543-4 0  9992
2 53650  97.2845  96.5984 0002606  76.6380 283.5138 15.05638926216050
STARLINK-4388           
1 53651U 22105D   26220.50004630 -.00719157  00000+0 -18573-1 0  9996
2 53651  97.6023 108.8160 0001786  76.7532 257.2216 15.41499654  6015
STARLINK-4374           
1 53652U 22105E   26220.53926436  .00001569  00000+0  11256-3 0  9999
2 53652  97.2857  96.6940 0002100  88.0913 272.0555 15.05664116216074
STARLINK-4390           
1 53653U 22105F   26220.50004630  .00840523  00000+0  67290-2 0  9999
2 53653  97.5997 106.8011 0002133  78.1433 290.0366 15.68917268  5804
STARLINK-4420           
1 53654U 22105G   26220.50004630  .00076954  00000+0  32069-2 0  9995
2 53654  97.2854  97.9032 0002028  78.8463 185.5718 15.23395413  5824
STARLINK-4470           
1 53655U 22105H   26220.42939650 -.00000083  00000+0  21808-7 0  9991
2 53655  97.5836 107.7928 0001565  86.7023 273.4400 15.36957025216586
STARLINK-4466           
1 53656U 22105J   26220.38144097 -.00000170  00000+0 -78673-5 0  9998
2 53656  97.2832  96.5814 0002509  78.6118 281.5391 15.05653698216059
STARLINK-4452           
1 53658U 22105L   26220.50004630  .00796944  00000+0  36572-1 0  9999
2 53658  97.2855  97.9157 0001927  81.3685 215.7497 15.18092741  5821
STARLINK-4473           
1 53660U 22105N   26220.37315159  .00000498  00000+0  38401-4 0  9996
2 53660  97.2826  96.5788 0002355  83.4381 276.7115 15.05644580216052
STARLINK-4472           
1 53661U 22105P   26220.53650571  .00000165  00000+0  15345-4 0  9998
2 53661  97.2859  96.6716 0002063  82.3731 277.7731 15.05655521216078
STARLINK-4357           
1 53662U 22105Q   26220.42726187 -.00000409  00000+0 -90113-5 0  9994
2 53662  97.5691 107.1044 0001801  82.1268 278.0180 15.36970108216549
STARLINK-4457           
1 53663U 22105R   26220.50004630  .00065627  00000+0  30112-2 0  9997
2 53663  97.2840  97.9934 0002803  85.1351  82.2013 15.20160432  5715
STARLINK-4471           
1 53664U 22105S   26220.50004630  .00077193  00000+0  32067-2 0  9990
2 53664  97.2851  97.9462 0001238 126.0889 312.9217 15.23501817  5714
STARLINK-4334           
1 53665U 22105T   26220.42896983  .00000989  00000+0  29725-4 0  9990
2 53665  97.5938 107.7901 0001792  69.5264 290.6172 15.36954883216585
STARLINK-4406           
1 53667U 22105V   26220.50004630  .00096728  00000+0  19242-2 0  9998
2 53667  97.5986 105.9344 0001742  68.6848 319.7679 15.46583182  5856
STARLINK-4458           
1 53668U 22105W   26220.40257233  .00000305  00000+0  10770-4 0  9992
2 53668  97.5759 107.7518 0003145  50.9075 309.2448 15.36987601216588
STARLINK-4464           
1 53669U 22105X   26220.50004630  .00373707  00000+0  25895-2 0  9996
2 53669  97.6029 107.0870 0001625  90.6633 297.2006 15.73393255  5923
STARLINK-4459           
1 53670U 22105Y   26220.50004630  .00073575  00000+0  35733-2 0  9990
2 53670  97.2795  97.9026 0003027  59.1813 331.0071 15.18146259  5770
STARLINK-4440           
1 53671U 22105Z   26220.52819369  .00000601  00000+0  45514-4 0  9996
2 53671  97.2843  96.6514 0001903  91.7929 268.3517 15.05658226216076
STARLINK-4428           
1 53672U 22105AA  26220.23192284 -.00002107  00000+0 -14224-3 0  9993
2 53672  97.2822  96.4265 0002398  81.5922 278.5577 15.05640936216038
STARLINK-4456           
1 53673U 22105AB  26220.50004630  .00576971  00000+0  23910-2 0  9995
2 53673  97.5995 106.3080 0001420 101.7234 164.5818 15.84367962  5978
STARLINK-4620           
1 53674U 22105AC  26220.37036160 -.00000124  00000+0 -47153-5 0  9996
2 53674  97.2833  96.5399 0002313  80.6516 279.4973 15.05652694216053
STARLINK-4617           
1 53675U 22105AD  26220.50004630  .00076534  00000+0  33162-2 0  9997
2 53675  97.2852  97.9757 0002847  50.3360 170.8547 15.22070099  5779
STARLINK-4621           
1 53676U 22105AE  26220.55036940 -.00000211  00000+0 -10690-4 0  9996
2 53676  97.2849  96.7467 0002092  88.0004 272.1463 15.05650982216083
STARLINK-4579           
1 53677U 22105AF  26220.50004630  .00077294  00000+0  34707-2 0  9999
2 53677  97.2848  97.9076 0002124 136.2897 268.7726 15.20846926  5771
STARLINK-4632           
1 53679U 22105AH  26220.50004630  .00078244  00000+0  39550-2 0  9998
2 53679  97.2856  97.9342 0003259 134.3523   4.5147 15.16720872  5761
STARLINK-4630           
1 53680U 22105AJ  26220.50004630  .00063829  00000+0  25808-2 0  9994
2 53680  97.2805  97.9421 0001850  50.0694 165.3542 15.24481168  5714
STARLINK-4424           
1 53681U 22105AK  26220.55744167  .00459966  11173-3  45316-3 0  9991
2 53681  97.5841 109.8190 0002152  90.2384 269.9146 16.11398009216726
STARLINK-4438           
1 53682U 22105AL  26220.50004630  .00076707  00000+0  32496-2 0  9996
2 53682  97.2845  97.8789 0000954  61.5325   3.6053 15.22839356  5825
STARLINK-4625           
1 53683U 22105AM  26220.54205604  .00000856  00000+0  63218-4 0  9995
2 53683  97.2853  96.7498 0002264  75.3250 284.8229 15.05658607216085
STARLINK-4624           
1 53684U 22105AN  26220.54479292  .00001757  00000+0  12559-3 0  9994
2 53684  97.2852  96.7017 0002070  84.7825 275.3639 15.05670523216057
STARLINK-4626           
1 53685U 22105AP  26220.38420542  .00000160  00000+0  14998-4 0  9998
2 53685  97.2839  96.4969 0002546  89.1711 270.9808 15.05655090216058
STARLINK-4467           
1 53686U 22105AQ  26220.24299764  .00002581  00000+0  18274-3 0  9993
2 53686  97.2833  96.3736 0002457  80.5718 279.5787 15.05646137216038
STARLINK-4569           
1 53687U 22105AR  26220.50004630  .00811454  00000+0  31569-1 0  9996
2 53687  97.2853  97.8912 0001738  89.9844 355.0669 15.23335130  5827
STARLINK-4571           
1 53688U 22105AS  26220.22636920 -.00000320  00000+0 -18273-4 0  9993
2 53688  97.2837  96.3875 0002175  85.2024 274.9451 15.05658668216036
STARLINK-4570           
1 53690U 22105AU  26220.54758576  .00000111  00000+0  11615-4 0  9992
2 53690  97.2853  96.7120 0002100  83.7472 276.3995 15.05655578216083
STARLINK-4560           
1 53691U 22105AV  26220.50004630  .00064736  00000+0  27208-2 0  9990
2 53691  97.2834  97.9217 0001277  38.5642 180.7246 15.23169639  5771
STARLINK-4572           
1 53692U 22105AW  26220.27528889  .00016661  00000+0  58118-3 0  9991
2 53692  97.6010 109.7853 0002922  83.9795 276.1777 15.29692870216666
STARLINK-4566           
1 53693U 22105AX  26220.50004630  .00802771  00000+0  36720-1 0  9999
2 53693  97.2853  97.9667 0001857  87.3365 231.4495 15.18189705  5827
STARLINK-4725           
1 53700U 22107A   26220.47570964 -.00000379  00000+0 -57241-5 0  9995
2 53700  53.1593 281.9510 0001066  82.4709 277.6404 15.08830770217775
STARLINK-4711           
1 53701U 22107B   26220.47203190 -.00000539  00000+0 -15808-4 0  9990
2 53701  53.1592 281.9288 0001154  86.3766 273.7358 15.08827885217779
STARLINK-4724           
1 53702U 22107C   26220.41187418  .00000428  00000+0  23170-4 0  9995
2 53702  53.1606 263.8069 0001288  70.9758 289.1384 15.35402298218059
STARLINK-4731           
1 53703U 22107D   26220.48677301  .00000279  00000+0  35620-4 0  9995
2 53703  53.1595 282.0192 0001139  80.7167 279.3953 15.08831892217772
STARLINK-4714           
1 53704U 22107E   26220.45160672  .00000023  00000+0  12509-4 0  9999
2 53704  53.1600 276.2057 0001085  96.9686 263.1438 15.31703899217691
STARLINK-4717           
1 53705U 22107F   26220.46473719  .00000213  00000+0  31467-4 0  9995
2 53705  53.1594 282.5903 0001093  90.0337 270.0780 15.08832165217769
STARLINK-4716           
1 53706U 22107G   26220.38376020 -.00000886  00000+0 -37593-4 0  9998
2 53706  53.1600 282.7993 0001181  77.1011 283.0112 15.08832967217754
STARLINK-4667           
1 53707U 22107H   26220.39180875 -.00000355  00000+0  72594-6 0  9993
2 53707  53.1596 262.9779 0001198  78.7113 281.4025 15.35399713218033
STARLINK-4694           
1 53708U 22107J   26220.44000600  .00000481  00000+0  24702-4 0  9992
2 53708  53.1609 263.9840 0001082  74.7326 285.3797 15.35399235218020
STARLINK-4685           
1 53709U 22107K   26220.50004630  .00042755  00000+0  14190-2 0  9995
2 53709  53.1610 285.2148 0000962 126.0172 133.0088 15.30841694  5849
STARLINK-4627           
1 53711U 22107M   26220.45868580  .00001152  00000+0  45235-4 0  9996
2 53711  53.1595 279.1387 0001153  93.2361 266.8773 15.34398898217500
STARLINK-4683           
1 53712U 22107N   26220.50004630  .00001935  00000+0  70164-4 0  9999
2 53712  53.1588 284.7772 0001134  79.4915  47.6312 15.33539995  5630
STARLINK-4686           
1 53715U 22107R   26220.50594862 -.00000241  00000+0  40051-5 0  9996
2 53715  53.1595 285.1065 0001118  72.4804 287.6321 15.35398669217435
STARLINK-4699           
1 53716U 22107S   26220.50049263 -.00000964  00000+0 -16744-4 0  9991
2 53716  53.1604 286.4721 0001305  70.7461 289.3683 15.35388330217409
STARLINK-4695           
1 53718U 22107U   26220.51049042 -.00000229  00000+0  43690-5 0  9993
2 53718  53.1605 287.9328 0001118  85.6777 274.4353 15.31697749217387
STARLINK-4644           
1 53719U 22107V   26220.50004630  .00075203  00000+0  39598-2 0  9999
2 53719  53.1605 261.7609 0001501 160.5094  22.8665 15.14959407  5830
STARLINK-4642           
1 53720U 22107W   26220.45763213  .00001570  00000+0  57612-4 0  9999
2 53720  53.1601 284.8125 0000976  94.3361 265.7753 15.34392108217431
STARLINK-4707           
1 53721U 22107X   26220.44642227 -.00000491  00000+0 -31811-5 0  9997
2 53721  53.1592 286.8499 0001134  82.1188 277.9944 15.35394197217401
STARLINK-4700           
1 53722U 22107Y   26220.50744404  .00002272  00000+0  76033-4 0  9996
2 53722  53.1604 286.5192 0001099  80.0949 280.0178 15.35391293217403
STARLINK-4705           
1 53723U 22107Z   26220.48175144  .00001361  00000+0  49906-4 0  9990
2 53723  53.1597 287.0716 0001082  80.9598 279.1528 15.35402675217544
STARLINK-4663           
1 53724U 22107AA  26220.47675500  .00000169  00000+0  15741-4 0  9996
2 53724  53.1598 285.6334 0001058  73.0123 287.0996 15.35403869217426
STARLINK-4697           
1 53726U 22107AC  26220.49395390  .00001073  00000+0  41678-4 0  9999
2 53726  53.1594 286.4380 0001148  77.0608 283.0523 15.35395288217412
STARLINK-4701           
1 53727U 22107AD  26220.45534544  .00000462  00000+0  24142-4 0  9990
2 53727  53.1608 286.9079 0001024  79.1329 280.9789 15.35400017217546
STARLINK-4640           
1 53728U 22107AE  26220.44079192 -.00000787  00000+0 -12181-4 0  9995
2 53728  53.1593 284.7123 0000901  81.9181 278.1924 15.34385284217576
STARLINK-4651           
1 53729U 22107AF  26220.50004630  .00034653  00000+0  14962-2 0  9992
2 53729  53.1590 290.7887 0001699 337.1981 335.2282 15.22214802  5848
STARLINK-4641           
1 53730U 22107AG  26220.45559093 -.00063173  00000+0 -18539-2 0  9991
2 53730  53.1609 284.8022 0001366  85.0838 275.0321 15.34741931217578
STARLINK-4636           
1 53731U 22107AH  26220.45907948  .00013121  00000+0  63520-3 0  9995
2 53731  53.2133 285.2374 0002679 278.9845  81.0848 15.18896438217604
STARLINK-4661           
1 53732U 22107AJ  26220.48133572  .00000442  00000+0  23563-4 0  9999
2 53732  53.1590 284.9604 0001129  78.8491 281.2639 15.35401246217572
STARLINK-4574           
1 53733U 22107AK  26220.45417110  .00001456  00000+0  55604-4 0  9997
2 53733  53.1593 284.7977 0001058  81.3307 278.7815 15.33544026217606
STARLINK-4616           
1 53734U 22107AL  26220.50609392 -.00001314  00000+0 -26757-4 0  9991
2 53734  53.1602 287.2170 0001637  58.6361 301.4802 15.35403421217572
STARLINK-4618           
1 53735U 22107AM  26220.44949843 -.00000091  00000+0  83024-5 0  9994
2 53735  53.1594 294.7519 0001179  78.4047 281.7088 15.35398576217463
STARLINK-4652           
1 53736U 22107AN  26220.44449770  .00000193  00000+0  16450-4 0  9999
2 53736  53.1591 285.4397 0001176  74.1846 285.9287 15.35396185217594
STARLINK-4662           
1 53738U 22107AQ  26220.52914473 -.00000115  00000+0  77258-5 0  9996
2 53738  53.1602 294.5337 0001286  79.9583 280.1565 15.34389393217461
STARLINK-4607           
1 53740U 22107AS  26220.50004630  .00048924  00000+0  11044-2 0  9999
2 53740  53.1589 295.3941 0001805  87.0218 103.9015 15.42753646  5822
STARLINK-4637           
1 53742U 22107AU  26220.47333017 -.00000011  00000+0  10591-4 0  9995
2 53742  53.1602 294.8979 0001047  81.5086 278.6036 15.35402158217611
STARLINK-4645           
1 53743U 22107AV  26220.52283433 -.00000175  00000+0  59432-5 0  9997
2 53743  53.1601 294.4982 0001156  84.6759 275.4375 15.34385950217624
STARLINK-4670           
1 53744U 22107AW  26220.50004630 -.00011589  00000+0 -36215-3 0  9990
2 53744  53.1603 299.9692 0001255  73.2278 290.1336 15.31709692  5834
STARLINK-4656           
1 53745U 22107AX  26220.52704331 -.00000336  00000+0  11794-5 0  9992
2 53745  53.1597 294.5245 0001032  85.7399 274.3722 15.34386190217629
STARLINK-4589           
1 53746U 22107AY  26220.48648495 -.00000602  00000+0 -69785-5 0  9996
2 53746  53.1602 294.9817 0001202  78.6161 281.4976 15.33550276217619
STARLINK-4612           
1 53750U 22107BC  26220.50601567 -.00043437  00000+0 -12727-2 0  9997
2 53750  53.1607 294.3975 0002147  39.6522 320.4637 15.34620955217638
STARLINK-4718           
1 53773U 22111A   26220.49466149  .00001411  00000+0  57220-4 0  9993
2 53773  53.1625 318.7049 0000880  79.5638 280.5463 15.31702892216819
STARLINK-4719           
1 53774U 22111B   26220.49932270  .00001079  00000+0  46530-4 0  9999
2 53774  53.1620 318.7319 0001160  75.8212 284.2918 15.31706313216676
STARLINK-4722           
1 53775U 22111C   26220.49835080  .00000480  00000+0  28956-4 0  9998
2 53775  53.1603 306.6585 0001317  87.2982 272.8169 15.29354100216697
STARLINK-4664           
1 53777U 22111E   26220.50981400  .00001237  00000+0  95829-4 0  9994
2 53777  53.1624 312.3255 0001185  93.2839 266.8288 15.08824539216613
STARLINK-4709           
1 53778U 22111F   26220.53504041 -.00000095  00000+0  87191-5 0  9996
2 53778  53.1597 311.8627 0001185  75.5543 284.5590 15.31703271216624
STARLINK-4706           
1 53779U 22111G   26220.50561284  .00000241  00000+0  19516-4 0  9993
2 53779  53.1613 305.9987 0001094  78.3007 281.8117 15.31692351216702
STARLINK-4678           
1 53780U 22111H   26220.51349727 -.00000213  00000+0  47290-5 0  9993
2 53780  53.1615 312.3457 0001242  81.9098 278.2034 15.08834348216611
STARLINK-4462           
1 53781U 22111J   26220.49507362  .00000194  00000+0  30292-4 0  9992
2 53781  53.1613 312.2337 0001082  91.4864 268.6251 15.08831195216616
STARLINK-4536           
1 53783U 22111L   26220.48770609 -.00000603  00000+0 -19775-4 0  9999
2 53783  53.1614 312.1879 0001254  86.5351 273.5784 15.08829780216619
STARLINK-4687           
1 53784U 22111M   26220.50093140  .00000507  00000+0  28109-4 0  9993
2 53784  53.1606 305.9688 0001111  70.1734 289.9387 15.31699885216702
STARLINK-4743           
1 53787U 22111Q   26220.48236247  .00000382  00000+0  24075-4 0  9999
2 53787  53.1608 306.5541 0001054  80.0147 280.0973 15.31701018216699
STARLINK-4666           
1 53789U 22111S   26220.53551787  .00002131  00000+0  15191-3 0  9998
2 53789  53.1601 311.7745 0001038  89.9760 270.1350 15.08839896216610
STARLINK-4734           
1 53790U 22111T   26220.51491226  .00101271  00000+0  34864-2 0  9991
2 53790  53.1602 306.7573 0001457  86.0757 274.0410 15.29241733216693
STARLINK-4739           
1 53792U 22111V   26220.47302340 -.00000194  00000+0  55054-5 0  9996
2 53792  53.1610 306.4889 0001148  84.6692 275.4441 15.31701337216682
STARLINK-4728           
1 53793U 22111W   26220.52426816  .00001013  00000+0  44377-4 0  9993
2 53793  53.1602 306.1028 0000977  63.7547 296.3555 15.31707730216694
STARLINK-4730           
1 53794U 22111X   26220.52895036  .00001012  00000+0  44383-4 0  9994
2 53794  53.1607 306.1341 0001082  83.8618 276.2507 15.31697960216695
STARLINK-4742           
1 53795U 22111Y   26220.47778456  .00000649  00000+0  32656-4 0  9990
2 53795  53.1612 307.2234 0001128  82.3570 277.7560 15.31703119216674
STARLINK-4723           
1 53797U 22111AA  26220.53360676 -.00000100  00000+0  85357-5 0  9990
2 53797  53.1621 306.1627 0001135  76.9538 283.1590 15.31703700216682
STARLINK-4712           
1 53798U 22111AB  26220.51025896 -.00001112  00000+0 -24069-4 0  9998
2 53798  53.1605 306.0182 0001165  79.8603 280.2530 15.31708642216680
STARLINK-4710           
1 53799U 22111AC  26220.45939536 -.00000603  00000+0 -70039-5 0  9990
2 53799  53.1598 295.0211 0001086  87.8421 272.2706 15.33544374216836
STARLINK-4720           
1 53800U 22111AD  26220.29438968  .00026131  00000+0  26177-3 0  9992
2 53800  53.2047 225.5578 0004076  18.8922 341.2245 15.65387967217806
STARLINK-4715           
1 53801U 22111AE  26220.49832248  .00001002  00000+0  39630-4 0  9993
2 53801  53.1605 294.5542 0001094  78.5511 281.5615 15.35403380216842
STARLINK-4726           
1 53802U 22111AF  26220.48919278 -.00000163  00000+0  63090-5 0  9998
2 53802  53.1599 294.5000 0001169  81.6049 278.5086 15.34392081216840
STARLINK-4727           
1 53803U 22111AG  26220.50004630  .00036866  00000+0  16279-2 0  9991
2 53803  53.1595 286.0276 0001009 339.4500 322.3958 15.21419480  5792
STARLINK-4729           
1 53804U 22111AH  26220.52296429 -.00000703  00000+0 -92479-5 0  9995
2 53804  53.1602 292.5130 0001224  85.7604 274.3539 15.35395356216872
STARLINK-4763           
1 53805U 22111AJ  26220.47641358  .00002076  00000+0  78648-4 0  9999
2 53805  53.1602 282.2569 0000912  76.3408 283.7695 15.31697390217019
STARLINK-4768           
1 53806U 22111AK  26220.50004630  .00032336  00000+0  15511-2 0  9990
2 53806  53.1583 286.5220 0002991  48.5675 355.2775 15.18627159  5835
STARLINK-4738           
1 53819U 22114B   26220.53628406 -.00000605  00000+0 -77212-5 0  9998
2 53819  53.1614 335.8521 0001041  70.6879 289.4235 15.31703369215849
STARLINK-4758           
1 53820U 22114C   26220.50004630  .00006666  00000+0  24335-3 0  9991
2 53820  53.1585 341.2603 0000940 243.2504 102.4511 15.29323995  5589
STARLINK-4748           
1 53823U 22114F   26220.48081698  .00000622  00000+0  28725-4 0  9994
2 53823  53.1593 292.6643 0000977  86.2775 273.8340 15.35403228216446
STARLINK-4757           
1 53824U 22114G   26220.50004630  .00005714  00000+0  24198-3 0  9995
2 53824  53.1595 340.6233 0001607  25.9556 289.5684 15.24618635  5647
STARLINK-4751           
1 53825U 22114H   26220.50004630  .00009586  00000+0  31907-3 0  9993
2 53825  53.1613 341.0301 0001429  58.2724  45.0827 15.31822639  5539
STARLINK-4756           
1 53826U 22114J   26220.50004630  .00009452  00000+0  33444-3 0  9994
2 53826  53.1612 340.9424 0001005  81.4247  68.0267 15.29844461  5831
STARLINK-4764           
1 53827U 22114K   26220.50004630  .00004372  00000+0  18264-3 0  9994
2 53827  53.1611 341.0289 0002327  79.7206  23.9504 15.25674325  5835
STARLINK-4760           
1 53828U 22114L   26220.50004630  .00006921  00000+0  29311-3 0  9992
2 53828  53.1611 341.0880 0000925  59.8264  12.8756 15.24276278  5838
STARLINK-4759           
1 53829U 22114M   26220.50004630  .00006511  00000+0  26888-3 0  9994
2 53829  53.1615 340.9746 0002561  99.7826  32.1325 15.25240340  5836
STARLINK-4761           
1 53830U 22114N   26220.50004630  .00011903  00000+0  45165-3 0  9996
2 53830  53.1604 340.9046 0001474  94.7419  72.9349 15.27282072  5427
STARLINK-4649           
1 53831U 22114P   26220.50004630  .00011478  00000+0  34855-3 0  9998
2 53831  53.1595 340.5108 0000349  91.9941 277.0809 15.34560001  5834
STARLINK-4747           
1 53832U 22114Q   26220.50004630  .00004506  00000+0  17484-3 0  9992
2 53832  53.1594 340.4130 0001299  70.9521 349.9541 15.28096278  5839
STARLINK-4771           
1 53833U 22114R   26220.51533891 -.00000335  00000+0 -29286-5 0  9993
2 53833  53.1622 342.0166 0001192  86.1576 273.9552 15.08829272215758
STARLINK-4737           
1 53834U 22114S   26220.50004630  .00010695  00000+0  38110-3 0  9999
2 53834  53.1606 340.7805 0001549 122.5669 107.5842 15.29470655  5841
STARLINK-4783           
1 53835U 22114T   26220.50700966 -.00000358  00000+0 -44092-5 0  9990
2 53835  53.1608 341.9656 0001101  86.7222 273.3895 15.08831889215751
STARLINK-4778           
1 53836U 22114U   26220.50004630 -.00020784  00000+0 -66550-3 0  9992
2 53836  53.2180 312.9764 0001124  87.0786 107.2675 15.31430222  5963
STARLINK-4776           
1 53837U 22114V   26220.49963924 -.00000832  00000+0 -34173-4 0  9990
2 53837  53.1626 341.9206 0001122  80.6954 279.4165 15.08827257215753
STARLINK-4773           
1 53838U 22114W   26220.54109148 -.00000895  00000+0 -38148-4 0  9992
2 53838  53.1622 332.1996 0001277  87.6907 272.4230 15.08837050215897
STARLINK-4784           
1 53839U 22114X   26220.48222639 -.00000707  00000+0 -26340-4 0  9990
2 53839  53.1625 332.5375 0001154  71.6569 288.4548 15.08828001215881
STARLINK-4766           
1 53840U 22114Y   26220.49139622  .00000016  00000+0  12279-4 0  9999
2 53840  53.1615 324.1849 0001242 113.6499 246.4633 15.31702839216002
STARLINK-4750           
1 53841U 22114Z   26220.53740771 -.00000177  00000+0  69911-5 0  9993
2 53841  53.1622 332.1733 0001214  87.5788 272.5342 15.08831183215893
STARLINK-4754           
1 53842U 22114AA  26220.52266917 -.00000033  00000+0  16025-4 0  9996
2 53842  53.1622 332.0807 0001180  82.7330 277.3796 15.08835971215892
STARLINK-4769           
1 53843U 22114AB  26220.53372253 -.00000870  00000+0 -36590-4 0  9998
2 53843  53.1617 332.1482 0001197  81.1035 279.0092 15.08833966215890
STARLINK-4745           
1 53844U 22114AC  26220.54615749 -.00003110  00000+0 -18158-3 0  9999
2 53844  53.1622 332.2451 0001037  87.4675 272.6435 15.08016702215897
STARLINK-4753           
1 53845U 22114AD  26220.52635404 -.00002748  00000+0 -15461-3 0  9998
2 53845  53.1613 332.1210 0001381  89.4491 270.6658 15.08835923215899
STARLINK-4746           
1 53846U 22114AE  26220.50793097 -.00000689  00000+0 -25219-4 0  9995
2 53846  53.1623 331.9870 0001067  92.2454 267.8660 15.08832462215898
STARLINK-4777           
1 53847U 22114AF  26220.51898330  .00000235  00000+0  32876-4 0  9995
2 53847  53.1617 332.0553 0001109 101.2899 258.8217 15.08836173215894
STARLINK-4780           
1 53848U 22114AG  26220.50056172  .00000735  00000+0  64264-4 0  9996
2 53848  53.1626 331.9434 0001257  86.9963 273.1173 15.08835495215893
STARLINK-4770           
1 53849U 22114AH  26220.49606492  .00000076  00000+0  14222-4 0  9998
2 53849  53.1612 324.2135 0001035  79.5126 280.5992 15.31704514216003
STARLINK-4767           
1 53850U 22114AJ  26220.48951049  .00000275  00000+0  35367-4 0  9994
2 53850  53.1620 331.8758 0000963 103.2699 256.8400 15.08826055215893
STARLINK-4755           
1 53851U 22114AK  26220.50424591  .00000137  00000+0  26677-4 0  9996
2 53851  53.1620 331.9651 0001178  83.1289 276.9837 15.08835789215898
STARLINK-4797           
1 53852U 22114AL  26220.50538229  .00001682  00000+0  65931-4 0  9993
2 53852  53.1632 324.1922 0001360 103.5529 256.5624 15.31716492216001
STARLINK-4794           
1 53853U 22114AM  26220.49687576  .00000943  00000+0  77307-4 0  9991
2 53853  53.1619 331.9222 0001099  90.3298 269.7819 15.08837966215893
STARLINK-4800           
1 53854U 22114AN  26220.50872249  .00000498  00000+0  27813-4 0  9999
2 53854  53.1620 319.2143 0001060  94.6380 265.4742 15.31688942216077
STARLINK-4703           
1 53855U 22114AP  26219.56855810  .00000214  00000+0  18658-4 0  9992
2 53855  53.1632 328.3799 0001293  86.4728 273.6421 15.31703188215863
STARLINK-4795           
1 53856U 22114AQ  26220.50004630 -.00725336  00000+0 -88273-2 0  9994
2 53856  53.2322 280.7456 0001206  76.3409 122.7352 15.62239045  5954
STARLINK-4809           
1 53857U 22114AR  26220.51007503  .00001180  00000+0  49789-4 0  9991
2 53857  53.1605 324.2982 0001100  85.4995 274.6132 15.31702632216006
STARLINK-4790           
1 53859U 22114AT  26220.50072470  .00001814  00000+0  70178-4 0  9997
2 53859  53.1610 324.1615 0001244  80.2259 279.8882 15.31706203216008
STARLINK-4799           
1 53860U 22114AU  26220.53662544 -.00003698  00000+0 -10743-3 0  9994
2 53860  53.1613 318.6889 0001255  88.2767 271.8378 15.31711278215849
STARLINK-4781           
1 53861U 22114AV  26220.51786294  .00000317  00000+0  21986-4 0  9997
2 53861  53.1596 317.8839 0001136  45.8984 314.2111 15.31698704216097
STARLINK-4788           
1 53863U 22114AX  26220.52729704 -.00000136  00000+0  73804-5 0  9990
2 53863  53.1623 318.6303 0001307  85.9947 274.1203 15.31696463216084
STARLINK-4779           
1 53864U 22114AY  26220.52239784  .00040764  00000+0  13064-2 0  9994
2 53864  53.1618 318.5898 0003420  96.8484 263.2907 15.31985580216083
STARLINK-4762           
1 53866U 22114BA  26220.47451898 -.00000440  00000+0 -18832-5 0  9992
2 53866  53.1590 294.8289 0001173  75.4623 284.6509 15.34389301216419
STARLINK-4793           
1 53867U 22114BB  26220.50004630 -.00036682  00000+0 -11560-2 0  9990
2 53867  53.2178 293.3381 0001261 103.0307 324.5020 15.32249706  5943
STARLINK-4789           
1 53868U 22114BC  26220.44359208  .00000382  00000+0  21872-4 0  9993
2 53868  53.1610 295.3547 0001184  78.9886 281.1251 15.35397935216406
STARLINK-4810           
1 53869U 22114BD  26220.48698534  .00000435  00000+0  25782-4 0  9999
2 53869  53.1607 306.2917 0001049  80.6863 279.4257 15.31698311216258
STARLINK-4732           
1 53870U 22114BE  26220.46820804 -.00000492  00000+0 -34156-5 0  9997
2 53870  53.1597 294.7899 0001229  79.0611 281.0529 15.34386794216412
STARLINK-4740           
1 53871U 22114BF  26220.47858816  .00000333  00000+0  20444-4 0  9999
2 53871  53.1606 294.8551 0001124  79.3932 280.7197 15.35414893216413
STARLINK-5028           
1 53886U 22119A   26220.50004630  .00018325  00000+0  10112-2 0  9990
2 53886  53.1591   2.3559 0000581 219.6444  36.4373 15.14015696  5834
STARLINK-5029           
1 53887U 22119B   26220.50004630  .00012648  00000+0  69792-3 0  9992
2 53887  53.1595   2.2659 0002691 111.0736 189.4082 15.14305109  5738
STARLINK-5031           
1 53889U 22119D   26220.50004630  .00024266  00000+0  13140-2 0  9998
2 53889  53.1598   2.2965 0000299 128.9788 156.1143 15.14517778  5780
STARLINK-5050           
1 53890U 22119E   26220.52401685  .00002770  00000+0  10097-3 0  9998
2 53890  53.1598 323.8455 0001129  83.8534 276.2596 15.31709105215144
STARLINK-5041           
1 53891U 22119F   26220.50004630  .00258804  00000+0  23513-2 0  9993
2 53891  53.2225 335.1892 0001521  71.7318 228.4153 15.66649742  5969
STARLINK-5046           
1 53892U 22119G   26220.09669599  .00000059  00000+0  21791-4 0  9994
2 53892  53.1609   3.8971 0001156  87.8167 272.2957 15.08831428214541
STARLINK-5052           
1 53893U 22119H   26219.84375417 -.00000797  00000+0 -32003-4 0  9998
2 53893  53.1629   5.1627 0001622  86.6356 273.4821 15.08837331214500
STARLINK-5043           
1 53894U 22119J   26220.52464301 -.00000554  00000+0 -78946-5 0  9995
2 53894  53.1691 346.5032 0001274  86.8480 273.2665 15.26515341214839
STARLINK-5037           
1 53896U 22119L   26220.09302883  .00000174  00000+0  29055-4 0  9997
2 53896  53.1621   3.8786 0001171  98.2942 261.8183 15.08823001214540
STARLINK-5035           
1 53897U 22119M   26220.50004630 -.00535078  00000+0 -47922-2 0  9992
2 53897  53.2152 320.0229 0001085  64.4019 215.6285 15.69258936  6085
STARLINK-5044           
1 53898U 22119N   26220.54564132 -.00000689  00000+0 -25186-4 0  9990
2 53898  53.1638   1.7263 0002624 104.7856 255.3426 15.08832090214612
STARLINK-5045           
1 53900U 22119Q   26220.53806507  .00018257  00000+0  11574-2 0  9990
2 53900  53.1635   1.6790 0002023  37.7243 322.3890 15.08992573214618
STARLINK-5021           
1 53902U 22119S   26220.53056569 -.00000301  00000+0  18907-5 0  9999
2 53902  53.1596 308.2467 0001287  73.7000 286.4141 15.29351878215367
STARLINK-5022           
1 53903U 22119T   26220.50004630 -.00023994  00000+0 -76349-3 0  9995
2 53903  53.1593 359.9524 0001042  87.7054 322.8204 15.31717754  5785
STARLINK-4787           
1 53904U 22119U   26220.52925249  .00000858  00000+0  35477-4 0  9996
2 53904  53.1629 356.7214 0000917  70.1916 289.9186 15.35405085214688
STARLINK-5003           
1 53905U 22119V   26220.52453807 -.00000395  00000+0 -67096-5 0  9994
2 53905  53.1616 352.3193 0001225  88.4608 271.6523 15.08832148214740
STARLINK-5054           
1 53906U 22119W   26220.54288037  .00000333  00000+0  39004-4 0  9995
2 53906  53.1616 351.7331 0001160  88.1422 271.9702 15.08830925214751
STARLINK-5057           
1 53908U 22119Y   26220.51127890  .00001245  00000+0  51869-4 0  9999
2 53908  53.1622 348.0423 0001180  87.4960 272.6176 15.31707089214801
STARLINK-4796           
1 53909U 22119Z   26219.76414336  .00000403  00000+0  44239-4 0  9997
2 53909  53.1616 356.1356 0001143  89.5147 270.5975 15.08019538214622
STARLINK-5048           
1 53911U 22119AB  26220.52085376 -.00000799  00000+0 -32091-4 0  9997
2 53911  53.1630 352.2986 0001286  87.7380 272.3759 15.08833738214743
STARLINK-5059           
1 53912U 22119AC  26220.53551104 -.00000267  00000+0  13236-5 0  9996
2 53912  53.1618 351.6894 0001180  91.3874 268.7253 15.08829155214750
STARLINK-5053           
1 53913U 22119AD  26220.10498852 -.00000036  00000+0  15820-4 0  9994
2 53913  53.1626 353.9699 0001188  94.0271 266.0857 15.08833618214689
STARLINK-5040           
1 53914U 22119AE  26220.36626539  .00000398  00000+0  43128-4 0  9990
2 53914  53.1625 352.7604 0001325  89.4353 270.6791 15.08836779214728
STARLINK-5051           
1 53916U 22119AG  26220.51937295 -.00001254  00000+0 -28662-4 0  9993
2 53916  53.1616 323.9697 0001270  93.5245 266.5901 15.31696120215152
STARLINK-5036           
1 53917U 22119AH  26220.49079514  .00037346  00000+0  14086-2 0  9994
2 53917  53.2134 322.1676 0000464  88.6643 271.4410 15.26720602215177
STARLINK-5012           
1 53918U 22119AJ  26219.70018086  .00000481  00000+0  48327-4 0  9991
2 53918  53.1624 355.7108 0001201  85.2574 274.8555 15.08833305214620
STARLINK-5023           
1 53919U 22119AK  26220.51967463  .00000486  00000+0  31397-4 0  9999
2 53919  53.1718 344.9759 0001334  66.2265 293.8874 15.26519561214855
STARLINK-5025           
1 53920U 22119AL  26220.50661147  .00000406  00000+0  24843-4 0  9990
2 53920  53.1621 348.0062 0000868  76.9794 283.1304 15.31705136214804
STARLINK-5002           
1 53922U 22119AN  26220.54656939 -.00001432  00000+0 -71880-4 0  9994
2 53922  53.1625 351.7477 0001526  70.3341 289.7815 15.08830474214750
STARLINK-5004           
1 53923U 22119AP  26220.09025191  .00000396  00000+0  42988-4 0  9998
2 53923  53.1626 353.8786 0001174  91.2138 268.8988 15.08831948214681
STARLINK-5001           
1 53924U 22119AQ  26220.52408075 -.00001632  00000+0 -48638-4 0  9997
2 53924  53.2009 329.4668 0000972 103.1684 256.9424 15.26532006215070
STARLINK-5011           
1 53925U 22119AR  26220.53182498 -.00000328  00000+0 -25409-5 0  9990
2 53925  53.1617 351.6667 0001162  88.0244 272.0881 15.08831244214752
STARLINK-5014           
1 53926U 22119AS  26220.43450020  .00000143  00000+0  18454-4 0  9993
2 53926  53.1973 318.2400 0001014  62.7980 297.3122 15.26502468215239
STARLINK-5009           
1 53928U 22119AU  26220.49230397 -.00001616  00000+0 -83510-4 0  9997
2 53928  53.1625 342.1470 0001341  89.5049 270.6096 15.08828237214883
STARLINK-5018           
1 53929U 22119AV  26220.50193892  .00000922  00000+0  41446-4 0  9997
2 53929  53.1617 347.9736 0000744  74.9218 285.1866 15.31704411214806
STARLINK-5010           
1 53930U 22119AW  26220.50004630 -.00752579  00000+0 -13233-1 0  9994
2 53930  53.2173 294.7864 0001440  52.1748  70.7731 15.52177559  6030
STARLINK-4772           
1 53932U 22119AY  26220.50934819 -.00000390  00000+0 -64159-5 0  9991
2 53932  53.1623 337.2585 0001050  82.8530 277.2581 15.08830447214963
STARLINK-4782           
1 53933U 22119AZ  26220.48861708 -.00001666  00000+0 -86650-4 0  9991
2 53933  53.1628 342.1223 0001230  93.1752 266.9380 15.08828909214887
STARLINK-4775           
1 53934U 22119BA  26220.50566059  .00000765  00000+0  66148-4 0  9993
2 53934  53.1620 337.2383 0001234  95.5575 264.5557 15.08835040214979
STARLINK-4791           
1 53936U 22119BC  26220.54412572  .00001056  00000+0  45796-4 0  9999
2 53936  53.1616 329.7627 0001104  82.7940 277.3187 15.31699221215071
STARLINK-4633           
1 53964U 22125A   26220.50004630  .00070630  00000+0  31972-2 0  9998
2 53964  53.1592 262.0548 0001052  29.5265 295.7667 15.20267500  5733
STARLINK-4635           
1 53966U 22125C   26220.50004630  .00071374  00000+0  35071-2 0  9990
2 53966  53.1600 262.0558 0000850  26.4484 297.7291 15.17418341  5833
STARLINK-4634           
1 53967U 22125D   26220.50004630  .00070086  00000+0  33750-2 0  9992
2 53967  53.1586 261.9877 0001437  33.4687 325.4657 15.18131300  5523
STARLINK-4629           
1 53968U 22125E   26220.50004630  .00066991  00000+0  31708-2 0  9994
2 53968  53.1584 261.8861 0001795  71.5046 338.8612 15.18752325  5832
STARLINK-4468           
1 53969U 22125F   26220.50004630  .00068889  00000+0  32457-2 0  9995
2 53969  53.1598 261.7952 0002105  81.5535  17.2470 15.18897426  5728
STARLINK-4567           
1 53970U 22125G   26220.36540172 -.00002975  00000+0 -74400-4 0  9999
2 53970  53.1601 254.0867 0001063  70.9165 289.1953 15.35408218212359
STARLINK-5156           
1 53973U 22125K   26220.50004630  .00072599  00000+0  29068-2 0  9997
2 53973  53.1610 261.5094 0001681  79.1181 165.6355 15.24421204  5837
STARLINK-5159           
1 53974U 22125L   26220.50004630  .00053541  00000+0  15865-2 0  9994
2 53974  53.1585 239.0707 0001153  70.0909  17.8846 15.34360301  5836
STARLINK-5137           
1 53975U 22125M   26220.34735912  .00000064  00000+0  22129-4 0  9996
2 53975  53.1591 257.4769 0001202  89.2296 270.8833 15.08831597212290
STARLINK-5134           
1 53976U 22125N   26220.36541569 -.00004138  00000+0 -13129-3 0  9999
2 53976  53.1585 238.4273 0001080  65.5640 294.5473 15.29322405212566
STARLINK-5094           
1 53977U 22125P   26220.36784198  .00000270  00000+0  18634-4 0  9995
2 53977  53.1596 253.3893 0001246  77.7810 282.3332 15.35400910212352
STARLINK-5148           
1 53978U 22125Q   26220.38051977 -.00000196  00000+0  57459-5 0  9997
2 53978  53.1592 257.6666 0001105  81.9235 278.1882 15.08834599212296
STARLINK-5123           
1 53979U 22125R   26220.50004630  .00082480  00000+0  43603-2 0  9994
2 53979  53.1604 257.1379 0002039 347.4367 299.4796 15.14769407  5832
STARLINK-5133           
1 53980U 22125S   26220.42834118  .00000068  00000+0  22373-4 0  9994
2 53980  53.1590 257.2580 0001173  83.4258 276.6866 15.08831885212307
STARLINK-5149           
1 53981U 22125T   26220.33954808  .00000783  00000+0  37001-4 0  9992
2 53981  53.1597 238.2752 0001146  81.9115 278.2017 15.31705200212561
STARLINK-5120           
1 53982U 22125U   26220.39019793  .00000060  00000+0  21889-4 0  9999
2 53982  53.1589 252.7445 0001274  80.1225 279.9910 15.08829759212355
STARLINK-5142           
1 53984U 22125W   26220.40125405 -.00000416  00000+0 -80367-5 0  9995
2 53984  53.1587 252.8122 0001059  70.1699 289.9406 15.08830587212366
STARLINK-5147           
1 53985U 22125X   26220.40862282  .00000265  00000+0  34750-4 0  9991
2 53985  53.1587 252.8577 0001092  84.3997 275.7119 15.08831321212367
STARLINK-5119           
1 53986U 22125Y   26220.36905897 -.00000011  00000+0  11952-4 0  9996
2 53986  53.1585 235.6382 0001286  79.4496 280.6649 15.29355190212599
STARLINK-5113           
1 53988U 22125AA  26220.50004630  .00086814  00000+0  42140-2 0  9994
2 53988  53.1600 252.1146 0002885   8.5485 300.3389 15.17741392  5780
STARLINK-5118           
1 53991U 22125AD  26220.50004630  .00054875  00000+0  15744-2 0  9990
2 53991  53.1597 239.1608 0001416  74.4616 294.8444 15.35364427  5794
STARLINK-5108           
1 53992U 22125AE  26220.50004630  .00079016  00000+0  38731-2 0  9996
2 53992  53.1608 252.0374 0002006   7.5974 340.4071 15.17451816  5537
STARLINK-5121           
1 53993U 22125AF  26220.36301973 -.00000166  00000+0  76479-5 0  9996
2 53993  53.1589 247.5829 0001033  82.8976 277.2132 15.08833211212423
STARLINK-5125           
1 53994U 22125AG  26220.37545623  .00000050  00000+0  21238-4 0  9993
2 53994  53.1590 252.6536 0001136  83.9524 276.1597 15.08833240212361
STARLINK-5097           
1 53995U 22125AH  26220.50004630  .00083758  00000+0  42326-2 0  9992
2 53995  53.1607 252.0445 0002852  30.8678 315.1970 15.16351925  5836
STARLINK-5131           
1 53996U 22125AJ  26220.37176810 -.00000364  00000+0 -47825-5 0  9994
2 53996  53.1592 252.6298 0001242  80.1636 279.9496 15.08835707212360
STARLINK-5130           
1 53997U 22125AK  26220.29027310  .00000156  00000+0  15752-4 0  9996
2 53997  53.1603 237.9541 0001365  78.5955 281.5200 15.34389967212556
STARLINK-5128           
1 53998U 22125AL  26220.36440155  .00000280  00000+0  35675-4 0  9995
2 53998  53.1586 252.5844 0001076  81.0372 279.0741 15.08834548212369
STARLINK-5079           
1 53999U 22125AM  26220.50004630  .00083398  00000+0  42418-2 0  9998
2 53999  53.1598 252.0056 0002891  43.0403 320.7082 15.16126361  5832
STARLINK-5088           
1 54000U 22125AN  26220.33298970  .00001067  00000+0  53332-4 0  9997
2 54000  53.1585 238.9256 0001020  71.0251 289.0859 15.26521353212551
STARLINK-5109           
1 54002U 22125AQ  26220.33407736  .00000868  00000+0  39726-4 0  9990
2 54002  53.1602 234.7379 0001204  72.6658 287.4475 15.31706654212613
STARLINK-5114           
1 54003U 22125AR  26220.36808668  .00000388  00000+0  42457-4 0  9995
2 54003  53.1592 252.6075 0001020  70.6055 289.5046 15.08835174212362
STARLINK-5129           
1 54004U 22125AS  26220.35704176  .00000298  00000+0  36841-4 0  9994
2 54004  53.1587 252.5388 0001127  84.3516 275.7604 15.08829139212366
STARLINK-5135           
1 54005U 22125AT  26220.49318405  .00003006  00000+0  20683-3 0  9992
2 54005  53.1588 251.9667 0001349  65.9028 294.2105 15.08854095212383
STARLINK-5096           
1 54006U 22125AU  26220.50004630  .00076785  00000+0  30122-2 0  9999
2 54006  53.1589 248.7531 0001191  57.4414 187.2282 15.25078543  5808
STARLINK-5132           
1 54007U 22125AV  26220.35334940 -.00000264  00000+0  15257-5 0  9998
2 54007  53.1598 252.5167 0001178  77.9006 282.2117 15.08829253212363
STARLINK-5145           
1 54008U 22125AW  26220.33497213  .00000390  00000+0  24332-4 0  9992
2 54008  53.1597 238.9365 0001153  84.9913 275.1220 15.31706089212553
STARLINK-5099           
1 54009U 22125AX  26220.50004630  .00087779  00000+0  46862-2 0  9995
2 54009  53.1590 251.7458 0002533  81.7109  53.9148 15.14385848  5781
STARLINK-5127           
1 54010U 22125AY  26220.36219480  .00000805  00000+0  34958-4 0  9992
2 54010  53.1609 239.1072 0000945  62.3314 297.7784 15.34390249212556
STARLINK-5124           
1 54011U 22125AZ  26220.36204091  .00000127  00000+0  16746-4 0  9997
2 54011  53.1583 238.4009 0001107  82.8312 277.2814 15.29354747212561
STARLINK-5126           
1 54012U 22125BA  26220.36373049  .00000108  00000+0  16083-4 0  9991
2 54012  53.1585 235.6062 0001313  86.6956 273.4195 15.29354207212603
STARLINK-5098           
1 54013U 22125BB  26220.35249049  .00000196  00000+0  19110-4 0  9994
2 54013  53.1577 238.3406 0001151  75.1500 284.9628 15.29353850212561
STARLINK-5055           
1 54015U 22125BD  26220.50004630  .01311074  00000+0  14394-1 0  9995
2 54015  53.2163 234.7595 0001509  65.1036 266.6296 15.60017068  5824
STARLINK-5195           
1 54051U 22136A   26220.17354083 -.00001473  00000+0 -76316-4 0  9995
2 54051  53.1706  24.5696 0001323  87.2531 272.8612 15.08016391209706
STARLINK-5189           
1 54052U 22136B   26220.48493079 -.00000516  00000+0 -14325-4 0  9998
2 54052  53.1615 342.0942 0001135  87.3904 272.7217 15.08829703210323
STARLINK-5176           
1 54053U 22136C   26220.16835379 -.00001059  00000+0 -22354-4 0  9991
2 54053  53.1625  16.5949 0001187  76.5071 283.6062 15.31707563209813
STARLINK-5163           
1 54054U 22136D   26220.16388734  .00000801  00000+0  37580-4 0  9999
2 54054  53.1612  18.0284 0001100  84.3609 275.7518 15.31697342209796
STARLINK-5158           
1 54055U 22136E   26219.73426346 -.00000210  00000+0  49575-5 0  9996
2 54055  53.1637  22.3623 0001338  91.8383 268.2772 15.33546299209698
STARLINK-5226           
1 54056U 22136F   26220.50004630  .00033302  00000+0  11441-2 0  9997
2 54056  53.1609  20.7045 0000359 118.4785 246.9572 15.29838137  5833
STARLINK-5167           
1 54058U 22136H   26219.87717887 -.00002189  00000+0 -51897-4 0  9994
2 54058  53.1628  21.8225 0000987 101.9779 258.1334 15.35376587209712
STARLINK-5173           
1 54059U 22136J   26220.17278413 -.00000324  00000+0  16188-5 0  9990
2 54059  53.1614  20.1253 0000631  75.1210 284.9863 15.35406031209766
STARLINK-5169           
1 54060U 22136K   26220.53919286 -.00000225  00000+0  39528-5 0  9995
2 54060  53.1621 351.6917 0001206  87.0571 273.0558 15.08828587210199
STARLINK-5209           
1 54061U 22136L   26220.52862131 -.00000543  00000+0 -46571-5 0  9991
2 54061  53.1629 343.0967 0000975  69.3433 290.7674 15.35394582210312
STARLINK-5170           
1 54062U 22136M   26219.87448748  .00000043  00000+0  12117-4 0  9993
2 54062  53.1622  21.8095 0000690  67.1384 292.9691 15.35403961209711
STARLINK-5172           
1 54064U 22136P   26220.54356273 -.00000009  00000+0  12007-4 0  9993
2 54064  53.1602 330.4447 0000924  73.5669 286.5433 15.29355222210497
STARLINK-5187           
1 54065U 22136Q   26220.50004630 -.00000953  00000+0 -16403-4 0  9990
2 54065  53.1613  19.3178 0001296 106.9706 248.4204 15.35408902  5845
STARLINK-5151           
1 54066U 22136R   26219.74654442 -.00000272  00000+0  86725-6 0  9996
2 54066  53.1693  26.1731 0001298  96.3854 263.7285 15.08016859209642
STARLINK-5174           
1 54067U 22136S   26220.50004630  .00001012  00000+0  39918-4 0  9993
2 54067  53.1598  18.9063 0001308  93.5451 114.6626 15.35395909  5843
STARLINK-5222           
1 54068U 22136T   26220.50004630  .00033372  00000+0  11166-2 0  9991
2 54068  53.1602  20.7039 0000459  90.5294 273.0614 15.30694833  5842
STARLINK-5181           
1 54070U 22136V   26220.15312878  .00001482  00000+0  53375-4 0  9998
2 54070  53.1635  20.6973 0001204  81.2922 278.8218 15.35401565209753
STARLINK-5168           
1 54071U 22136W   26220.18164502  .00000577  00000+0  27435-4 0  9993
2 54071  53.1626  20.1729 0000738  90.3132 269.7955 15.35398162209769
STARLINK-5146           
1 54073U 22136Y   26220.14496500  .00000552  00000+0  52746-4 0  9993
2 54073  53.1626  18.4646 0001253  92.4942 267.6193 15.08835300209787
STARLINK-5192           
1 54074U 22136Z   26220.50004630  .00036815  00000+0  14679-2 0  9995
2 54074  53.1614  20.9370 0003150  76.8170 166.0890 15.24873106  5834
STARLINK-5212           
1 54075U 22136AA  26220.15291864  .00001341  00000+0  54952-4 0  9990
2 54075  53.1623  10.8089 0000935  99.1981 260.9127 15.31702514209897
STARLINK-5201           
1 54076U 22136AB  26220.50004630  .00039826  00000+0  12345-2 0  9990
2 54076  53.1616  20.8074 0000793 122.6071 181.8568 15.33065701  5839
STARLINK-5171           
1 54077U 22136AC  26219.82404270 -.00000015  00000+0  17135-4 0  9991
2 54077  53.1619   0.8857 0001194  88.2771 271.8357 15.08832325210009
STARLINK-5175           
1 54079U 22136AE  26220.13263589  .00000871  00000+0  72838-4 0  9995
2 54079  53.1620  14.0843 0001201  87.9397 272.1733 15.08833651209849
STARLINK-5210           
1 54082U 22136AH  26220.12893721 -.00000578  00000+0 -18214-4 0  9999
2 54082  53.1619  14.0608 0001176  88.5557 271.5569 15.08827921209849
STARLINK-5178           
1 54083U 22136AJ  26220.11788063  .00000501  00000+0  49567-4 0  9990
2 54083  53.1622  13.9916 0001338  88.8702 271.2443 15.08832069209846
STARLINK-5183           
1 54084U 22136AK  26220.12525080  .00000591  00000+0  55252-4 0  9997
2 54084  53.1621  14.0363 0001160 103.7502 256.3619 15.08826696209840
STARLINK-5166           
1 54085U 22136AL  26219.78395041 -.00000047  00000+0  15171-4 0  9993
2 54085  53.1614  15.4644 0001414 108.4128 251.7018 15.08832469209799
STARLINK-5211           
1 54086U 22136AM  26220.50004630  .00007947  00000+0  30987-3 0  9993
2 54086  53.1592 356.4369 0000983 109.6979 260.9309 15.26857279  5788
STARLINK-5184           
1 54087U 22136AN  26220.14358780  .00000470  00000+0  47641-4 0  9992
2 54087  53.1626  13.4546 0001200  91.4436 268.6693 15.08833360209853
STARLINK-5153           
1 54088U 22136AP  26220.12156988  .00003428  00000+0  23355-3 0  9998
2 54088  53.1612  14.0138 0001592 113.5137 246.6022 15.08813763209847
STARLINK-5143           
1 54089U 22136AQ  26220.16569321  .00000522  00000+0  50875-4 0  9992
2 54089  53.1618  13.5865 0001185  86.7374 273.3753 15.08837245209857
STARLINK-5177           
1 54090U 22136AR  26219.83817873  .00000539  00000+0  51948-4 0  9994
2 54090  53.1618  15.0935 0001251  89.8950 270.2185 15.08836623209801
STARLINK-5221           
1 54091U 22136AS  26220.13990410 -.00000473  00000+0 -11639-4 0  9991
2 54091  53.1622  13.4263 0001087  90.8166 269.2950 15.08830578209857
STARLINK-5190           
1 54092U 22136AT  26220.50075052  .00392513  84530-4  48322-3 0  9999
2 54092  53.1632 133.5160 0002393 167.4291 192.6804 16.07371859213247
STARLINK-5213           
1 54093U 22136AU  26220.15464784 -.00000270  00000+0  11206-5 0  9990
2 54093  53.1622  13.5146 0001316  88.0409 272.0733 15.08828337209855
STARLINK-5193           
1 54095U 22136AW  26220.14726891 -.00006088  00000+0 -36458-3 0  9999
2 54095  53.1628  13.4679 0000995  96.4701 263.6404 15.08858374209858
STARLINK-5188           
1 54096U 22136AX  26219.69464487  .00000373  00000+0  41513-4 0  9996
2 54096  53.1623  15.6200 0001175  88.4411 271.6716 15.08835256209789
STARLINK-5197           
1 54097U 22136AY  26220.49736381 -.00000578  00000+0 -18213-4 0  9992
2 54097  53.1636 347.1510 0001266  94.4937 265.6199 15.08832135210257
STARLINK-5217           
1 54098U 22136AZ  26219.81343124  .00000781  00000+0  67194-4 0  9992
2 54098  53.1626  15.6329 0001188  96.1313 263.9813 15.08833917209792
STARLINK-5198           
1 54099U 22136BA  26219.73877902  .00000688  00000+0  61337-4 0  9999
2 54099  53.1621  15.1862 0001199  94.5961 265.5168 15.08831848209790
STARLINK-5185           
1 54100U 22136BB  26219.81975326  .00000409  00000+0  43804-4 0  9990
2 54100  53.1626  14.9802 0000974  88.1602 271.9501 15.08838451209801
STARLINK-5204           
1 54101U 22136BC  26220.51666387  .00000224  00000+0  18963-4 0  9997
2 54101  53.1621 350.9599 0000906  89.5296 270.5809 15.31708078210201
STARLINK-5179           
1 54102U 22136BD  26219.84923401  .00000317  00000+0  38004-4 0  9996
2 54102  53.1617  15.1504 0001151 107.2362 252.8756 15.08841756209801
STARLINK-5200           
1 54103U 22136BE  26220.51594757 -.00000432  00000+0 -21631-5 0  9990
2 54103  53.1626 348.0631 0001152  88.7896 271.3238 15.31709198210247
STARLINK-5203           
1 54104U 22136BF  26220.44628897 -.00000253  00000+0  36034-5 0  9999
2 54104  53.1613 330.5473 0001108  72.5612 287.5510 15.31701692210481
STARLINK-5290           
1 54157U 22141A   26219.82074059  .00000184  00000+0  29682-4 0  9990
2 54157  53.1618  55.2117 0001310  96.8703 263.2437 15.08837811208534
STARLINK-5297           
1 54158U 22141B   26220.23565014  .00002560  00000+0  17888-3 0  9998
2 54158  53.1637  53.5316 0001557 101.3578 258.7589 15.08833315208591
STARLINK-5294           
1 54159U 22141C   26220.23196294 -.00000220  00000+0  42815-5 0  9991
2 54159  53.1615  53.5167 0001299  87.0202 273.0938 15.08831308208597
STARLINK-5233           
1 54160U 22141D   26220.54758093 -.00000620  00000+0 -82056-5 0  9994
2 54160  53.1624   2.8124 0001010  85.2248 274.8869 15.31708013209337
STARLINK-5269           
1 54161U 22141E   26219.96206987  .00000982  00000+0  43391-4 0  9996
2 54161  53.1613  50.4754 0001161  93.2041 266.9093 15.31705130208619
STARLINK-5273           
1 54162U 22141F   26219.95963249 -.00000300  00000+0 -75327-6 0  9999
2 54162  53.1615  54.6536 0001374  90.9712 269.1437 15.08831410208556
STARLINK-5161           
1 54163U 22141G   26219.79077445  .00000851  00000+0  36324-4 0  9997
2 54163  53.1613  38.0473 0001090  91.5440 268.5687 15.34389909208775
STARLINK-5278           
1 54164U 22141H   26220.20261173  .00002852  00000+0  95503-4 0  9996
2 54164  53.1609  36.3478 0001182  79.7936 280.3200 15.34404876208838
STARLINK-5279           
1 54165U 22141J   26219.95594523  .00000544  00000+0  52260-4 0  9994
2 54165  53.1611  54.6315 0001465  92.7576 267.3583 15.08835156208552
STARLINK-5280           
1 54166U 22141K   26220.20475423  .00000081  00000+0  13536-4 0  9991
2 54166  53.1614  36.3603 0001221  91.4618 268.6524 15.34376767208833
STARLINK-5243           
1 54167U 22141L   26220.26872532  .00000057  00000+0  21661-4 0  9991
2 54167  53.1607  53.0280 0001359  85.8099 274.3048 15.08834668208605
STARLINK-5245           
1 54168U 22141M   26220.20000002  .00000690  00000+0  30689-4 0  9994
2 54168  53.1602  36.3302 0001239  86.0723 274.0421 15.35398550208836
STARLINK-5282           
1 54169U 22141N   26220.20684350 -.00000288  00000+0  26000-5 0  9996
2 54169  53.1604  36.3751 0001026  98.3232 261.7887 15.34380800208839
STARLINK-5155           
1 54170U 22141P   26219.91894167 -.00003267  00000+0 -85619-4 0  9994
2 54170  53.1617  37.4226 0001072 100.1109 260.0014 15.34390755208799
STARLINK-5117           
1 54172U 22141R   26220.38328898 -.00000212  00000+0  48773-5 0  9999
2 54172  53.1612  35.3455 0001065  90.8286 269.2838 15.33552444208867
STARLINK-5242           
1 54173U 22141S   26219.87064125  .00000074  00000+0  13317-4 0  9992
2 54173  53.1607  37.8289 0000961  87.7981 272.3131 15.34384440208787
STARLINK-5248           
1 54174U 22141T   26220.48994560  .00000440  00000+0  23521-4 0  9992
2 54174  53.1622 343.1844 0001033  70.9205 289.1909 15.35402191209605
STARLINK-5256           
1 54175U 22141U   26219.87485618  .00001525  00000+0  56283-4 0  9999
2 54175  53.1607  37.8586 0001407  77.0709 283.0451 15.34386315208782
STARLINK-5154           
1 54176U 22141V   26220.21937330 -.00000495  00000+0 -35333-5 0  9994
2 54176  53.1618  35.7479 0001235  91.5633 268.5511 15.34385775208840
STARLINK-5186           
1 54177U 22141W   26220.18580097 -.00001195  00000+0 -24251-4 0  9999
2 54177  53.1618  36.2456 0001088 116.2905 243.8210 15.34380411208838
STARLINK-5164           
1 54178U 22141X   26220.18368981  .00000945  00000+0  39094-4 0  9997
2 54178  53.1596  36.2123 0000943  91.1922 268.9188 15.34392972208831
STARLINK-5122           
1 54179U 22141Y   26220.21742228 -.00065638  00000+0 -19251-2 0  9995
2 54179  53.1607  35.7333 0001091  92.3325 267.7803 15.34777576208846
STARLINK-5227           
1 54181U 22141AA  26220.38331212  .00000558  00000+0  27640-4 0  9994
2 54181  53.1616  35.3416 0001052  94.9597 265.1526 15.34393063208864
STARLINK-5231           
1 54182U 22141AB  26219.84550605 -.00000300  00000+0 -74652-6 0  9997
2 54182  53.1624  14.7838 0001457  98.1016 262.0141 15.08834540209102
STARLINK-5239           
1 54183U 22141AC  26219.73615754  .00000690  00000+0  31556-4 0  9997
2 54183  53.1608  38.4136 0001126  90.8417 269.2715 15.34387524208767
STARLINK-5162           
1 54184U 22141AD  26220.22021316  .00002474  00000+0  91458-4 0  9998
2 54184  53.1608  37.8501 0001186  78.0297 282.0837 15.31703842208813
STARLINK-5235           
1 54185U 22141AE  26219.92946352  .00001079  00000+0  43086-4 0  9994
2 54185  53.1614  37.4862 0001174  92.3377 267.7760 15.34390379208794
STARLINK-5240           
1 54187U 22141AG  26219.73826954 -.00000895  00000+0 -15381-4 0  9994
2 54187  53.1613  38.4340 0001130  98.4467 261.6663 15.34383303208767
STARLINK-5238           
1 54188U 22141AH  26220.18301251  .00003239  00000+0  10370-3 0  9999
2 54188  53.1614  30.4586 0001047  95.9059 264.2063 15.35406816208915
STARLINK-5281           
1 54190U 22141AK  26220.50004630  .00085236  00000+0  25063-2 0  9990
2 54190  53.1611  30.6372 0001941  90.4498  89.1346 15.34387419  5841
STARLINK-4619           
1 54191U 22141AL  26219.78086741  .00001163  00000+0  44245-4 0  9994
2 54191  53.1624  32.2159 0000861  89.8814 270.2288 15.35398382208857
STARLINK-5268           
1 54192U 22141AM  26220.50004630  .00043951  00000+0  15116-2 0  9998
2 54192  53.1587  30.5001 0001467 106.1924 142.9358 15.29672593  5783
STARLINK-5263           
1 54193U 22141AN  26220.50004630  .00055196  00000+0  15953-2 0  9992
2 54193  53.1599  30.4808 0001130 110.6832 148.7757 15.35130172  5782
STARLINK-5271           
1 54194U 22141AP  26220.50004630  .00081859  00000+0  25289-2 0  9991
2 54194  53.1604  30.6871 0002299  86.1218  66.8340 15.32841014  5581
STARLINK-5258           
1 54195U 22141AQ  26220.19884775  .00000892  00000+0  36470-4 0  9997
2 54195  53.1621  30.5544 0001232  86.7253 273.3891 15.35400696208916
STARLINK-5237           
1 54196U 22141AR  26219.88049517  .00001540  00000+0  55014-4 0  9995
2 54196  53.1615  32.1210 0000618  79.8526 280.2546 15.35408348208861
STARLINK-5246           
1 54198U 22141AT  26220.50004630  .00014154  00000+0  41609-3 0  9994
2 54198  53.1615  29.2331 0001270  93.5612  86.0276 15.35386594  5830
STARLINK-5244           
1 54199U 22141AU  26220.20292629  .00000587  00000+0  27716-4 0  9998
2 54199  53.1621  30.5720 0000894  96.9905 263.1200 15.35408092208915
STARLINK-5250           
1 54200U 22141AV  26220.50004630  .00012864  00000+0  37906-3 0  9999
2 54200  53.1608  29.3153 0000962  78.3038  58.5149 15.35399361  5838
STARLINK-5199           
1 54201U 22141AW  26220.50004630  .00010059  00000+0  30842-3 0  9996
2 54201  53.1610  28.6003 0001155  99.8773  40.5209 15.34401150  5586
STARLINK-5205           
1 54202U 22141AX  26220.19021801  .00001954  00000+0  66901-4 0  9991
2 54202  53.1627  30.4984 0001276  69.6198 290.4942 15.35397948208916
STARLINK-5247           
1 54203U 22141AY  26220.50004630  .00012784  00000+0  37673-3 0  9994
2 54203  53.1612  29.1354 0000821  96.5913 133.3429 15.35403270  5833
STARLINK-5241           
1 54204U 22141AZ  26220.50004630  .00014797  00000+0  43438-3 0  9997
2 54204  53.1613  29.2096 0001413  95.4388  94.7215 15.35391201  5575
STARLINK-5249           
1 54205U 22141BA  26220.50004630  .00011961  00000+0  39647-3 0  9995
2 54205  53.1615  29.9615 0000918  63.2166 100.7519 15.31709708  5844
STARLINK-5264           
1 54206U 22141BB  26220.50004630  .00011446  00000+0  37273-3 0  9997
2 54206  53.1597 355.2274 0000924  97.7316 321.5709 15.32325852  5834
STARLINK-5262           
1 54207U 22141BC  26220.50004630  .00047927  00000+0  15515-2 0  9995
2 54207  53.1603  30.4968 0001547 104.1398 145.8796 15.31592997  5782
STARLINK-5255           
1 54208U 22141BD  26219.70399005  .00001077  00000+0  46455-4 0  9994
2 54208  53.1632   6.7908 0001127 100.6785 259.4344 15.31709727209205
STARLINK-5259           
1 54209U 22141BE  26220.50004630  .00030538  00000+0  11928-2 0  9991
2 54209  53.1610  21.1334 0001832  67.6609 214.9915 15.25655182  5781
STARLINK-5464           
1 54758U 22175A   26219.98961461 -.00000310  00000+0  15829-5 0  9994
2 54758  53.1615  75.0869 0001132  83.6500 276.4629 15.29349079202892
STARLINK-5215           
1 54759U 22175B   26219.98661948  .00001275  00000+0  52845-4 0  9990
2 54759  53.1603  74.3595 0001283  87.8301 272.2847 15.31698655202908
STARLINK-5220           
1 54760U 22175C   26219.89801128 -.00000021  00000+0  16793-4 0  9999
2 54760  53.1621  85.1066 0001358  91.5704 268.5443 15.08835708202743
STARLINK-5202           
1 54761U 22175D   26220.34697896 -.00000062  00000+0  97661-5 0  9996
2 54761  53.1598  78.7380 0001127  71.8561 288.2563 15.31699085202878
STARLINK-5214           
1 54762U 22175E   26220.32759301  .00000699  00000+0  34297-4 0  9995
2 54762  53.1599  75.8179 0001256  87.4153 272.6992 15.31698907202917
STARLINK-5191           
1 54763U 22175F   26220.02680785  .00000002  00000+0  18201-4 0  9997
2 54763  53.1605  84.4891 0001292  85.6469 274.4670 15.08835138202762
STARLINK-5458           
1 54764U 22175G   26219.99281883  .00000212  00000+0  18584-4 0  9995
2 54764  53.1613  80.7864 0001272  94.9591 265.1556 15.31698600202811
STARLINK-5471           
1 54766U 22175J   26220.34327595  .00000789  00000+0  67658-4 0  9994
2 54766  53.1610  82.9072 0001331  91.5143 268.6000 15.08832190202817
STARLINK-5472           
1 54767U 22175K   26219.94216566  .00001220  00000+0  94774-4 0  9994
2 54767  53.1607  84.6693 0002049  87.5038 272.6188 15.08834418202757
STARLINK-5444           
1 54768U 22175L   26220.26332382  .00000581  00000+0  30469-4 0  9997
2 54768  53.1607  61.1583 0001168  92.1006 268.0129 15.31703376203113
STARLINK-5448           
1 54770U 22175N   26219.97431774  .00001865  00000+0  66322-4 0  9994
2 54770  53.1601  61.4972 0000982 101.4385 258.6728 15.34402945203089
STARLINK-5451           
1 54771U 22175P   26219.81021474  .00001523  00000+0  70597-4 0  9990
2 54771  53.1607  76.0955 0001382  92.5929 267.5228 15.26512763202868
STARLINK-5452           
1 54772U 22175Q   26220.27742551  .00000580  00000+0  28313-4 0  9990
2 54772  53.1610  61.9391 0001130  97.8470 262.2661 15.34387052203101
STARLINK-5453           
1 54773U 22175R   26220.02849967  .00001038  00000+0  42887-4 0  9994
2 54773  53.1617  80.9950 0001459  92.0033 268.1136 15.33550904202813
STARLINK-5454           
1 54774U 22175S   26219.89081502  .00000312  00000+0  20361-4 0  9998
2 54774  53.1614  63.7964 0001229  81.0099 279.1043 15.34388393203047
STARLINK-5465           
1 54775U 22175T   26220.40729674 -.00001528  00000+0 -34120-4 0  9997
2 54775  53.1610  79.0993 0001055  84.3587 275.7536 15.34374031202874
STARLINK-5470           
1 54776U 22175U   26219.88197519  .00001365  00000+0  51544-4 0  9991
2 54776  53.1608  81.5087 0001288  91.8031 268.3119 15.34393388202791
STARLINK-5468           
1 54777U 22175V   26220.00681684 -.00000111  00000+0  81824-5 0  9993
2 54777  53.1614  80.8682 0001450  97.0288 263.0879 15.31701170202812
STARLINK-5450           
1 54778U 22175W   26219.94754057 -.00000116  00000+0  76964-5 0  9994
2 54778  53.1601  63.4375 0000908  74.9324 285.1779 15.34379939203055
STARLINK-5447           
1 54779U 22175X   26220.26479912  .00000847  00000+0  36219-4 0  9994
2 54779  53.1600  61.8611 0001134  88.6128 271.5005 15.34388473203106
STARLINK-5449           
1 54780U 22175Y   26220.26900932  .00000098  00000+0  14040-4 0  9993
2 54780  53.1615  61.8813 0001423  95.7673 264.3492 15.34387803203109
STARLINK-5443           
1 54781U 22175Z   26220.25638118  .00001004  00000+0  40858-4 0  9991
2 54781  53.1616  61.8042 0001142  86.4684 273.6450 15.34394040203100
STARLINK-5439           
1 54783U 22175AB  26220.25865400  .00000721  00000+0  34993-4 0  9997
2 54783  53.1609  61.1298 0001159  91.6790 268.4344 15.31705332203116
STARLINK-5442           
1 54784U 22175AC  26220.30973078 -.00000351  00000+0  44586-6 0  9996
2 54784  53.1615  79.2066 0001494  91.4186 268.6987 15.31701280202860
STARLINK-5440           
1 54785U 22175AD  26220.18870826 -.00000124  00000+0  73346-5 0  9993
2 54785  53.1610  22.1811 0000998  78.7512 281.3603 15.35398834203656
STARLINK-5441           
1 54787U 22175AF  26220.30506713 -.00000158  00000+0  66709-5 0  9992
2 54787  53.1617  79.1766 0001224  93.2866 266.8276 15.31701169202864
STARLINK-5399           
1 54788U 22175AG  26219.84837385  .00003430  00000+0  10919-3 0  9997
2 54788  53.1610  63.5315 0001327  76.5682 283.5469 15.35401048203047
STARLINK-5446           
1 54789U 22175AH  26220.26137995  .00000318  00000+0  38085-4 0  9993
2 54789  53.1606  53.0499 0001252  90.1325 269.9810 15.08828074203223
STARLINK-5445           
1 54790U 22175AJ  26220.26058360  .00001478  00000+0  54869-4 0  9999
2 54790  53.1619  61.8344 0001210  94.8000 265.3140 15.34398226203103
STARLINK-5425           
1 54791U 22175AK  26219.99163413 -.00001151  00000+0 -22957-4 0  9997
2 54791  53.1613  63.0006 0001072  89.3124 270.8001 15.34383018203064
STARLINK-5431           
1 54792U 22175AL  26219.90422259 -.00002199  00000+0 -59116-4 0  9995
2 54792  53.1599  80.9411 0001037  71.9362 288.1753 15.31706360202801
STARLINK-5433           
1 54793U 22175AM  26220.50004630  .00073419  00000+0  40769-2 0  9996
2 54793  53.1590  57.1811 0001641 166.7758  22.4332 15.13079365  5830
STARLINK-5436           
1 54795U 22175AP  26220.27054053  .00000084  00000+0  13638-4 0  9991
2 54795  53.1600  59.7918 0001156  83.8030 276.3104 15.34385773203139
STARLINK-5415           
1 54796U 22175AQ  26220.26312586  .00000159  00000+0  15464-4 0  9991
2 54796  53.1613  61.8502 0001101  91.6059 268.5070 15.35397123203100
STARLINK-5435           
1 54797U 22175AR  26219.91143338  .00002259  00000+0  77977-4 0  9999
2 54797  53.1617  81.6786 0001256  88.2428 271.8718 15.34396968202797
STARLINK-5420           
1 54798U 22175AS  26220.24763652  .00044758  00000+0  27855-2 0  9993
2 54798  53.1607  58.1082 0001414  85.3613 274.7540 15.09191666203151
STARLINK-5421           
1 54799U 22175AT  26220.50004630  .00074016  00000+0  42428-2 0  9990
2 54799  53.1595  57.1514 0001383 193.3505   6.5271 15.11933360  5781
STARLINK-5428           
1 54800U 22175AU  26220.50004630  .00083799  00000+0  37051-2 0  9997
2 54800  53.1607  71.6347 0000849 124.1227 302.0136 15.20987251  5830
STARLINK-5429           
1 54801U 22175AV  26220.33692689  .00000146  00000+0  16473-4 0  9998
2 54801  53.1606  75.8665 0001211  84.4514 275.6625 15.31700396202911
STARLINK-5426           
1 54802U 22175AW  26220.20135702  .00000035  00000+0  20637-4 0  9997
2 54802  53.1695  28.6978 0001370  98.1019 262.0128 15.08016934203563
STARLINK-5430           
1 54803U 22175AX  26220.50004630  .00093001  00000+0  47220-2 0  9996
2 54803  53.1604  81.7079 0002688  67.3873 310.7529 15.16127745  5833
STARLINK-5422           
1 54804U 22175AY  26219.98474617  .00000294  00000+0  19824-4 0  9996
2 54804  53.1614  60.8562 0001038  88.0299 272.0823 15.34390274203094
STARLINK-5417           
1 54805U 22175AZ  26220.28976227  .00001991  00000+0  14633-3 0  9993
2 54805  53.1692  68.5543 0001523  92.4922 267.6243 15.08003015203019
STARLINK-5412           
1 54806U 22175BA  26220.27350287 -.00000093  00000+0  84860-5 0  9999
2 54806  53.1604  59.8093 0000982  95.0641 265.0473 15.33542963203139
STARLINK-5410           
1 54807U 22175BB  26220.26024551  .00000449  00000+0  23763-4 0  9999
2 54807  53.1622  61.8297 0001061  87.9163 272.1962 15.35398023203104
STARLINK-5413           
1 54808U 22175BC  26220.27983051  .00000198  00000+0  30580-4 0  9996
2 54808  53.1612  53.3694 0001853  91.5713 268.5491 15.08824914203224
STARLINK-5414           
1 54809U 22175BD  26219.98263997  .00000262  00000+0  18883-4 0  9997
2 54809  53.1617  60.8410 0001095  88.3950 271.7178 15.34390720203099
STARLINK-5408           
1 54810U 22175BE  26220.26124610 -.00001034  00000+0 -20104-4 0  9999
2 54810  53.1612  59.6405 0001331  89.9260 270.1895 15.33538497203138
STARLINK-5424           
1 54811U 22175BF  26220.26216491  .00000025  00000+0  11636-4 0  9996
2 54811  53.1609  59.6361 0001344  87.6535 272.4622 15.35396974203137
STARLINK-5382           
1 54820U 22177A   26220.50192668  .00000359  00000+0  22573-4 0  9996
2 54820  43.0049 358.4980 0001327 268.6035  91.4665 15.27591847200148
STARLINK-5385           
1 54821U 22177B   26220.51348263  .00001506  00000+0  64218-4 0  9999
2 54821  43.0057 358.5785 0001794 270.9063  89.1583 15.27590426200142
STARLINK-5101           
1 54822U 22177C   26219.74299460  .00000897  00000+0  42138-4 0  9996
2 54822  43.0034   3.1091 0001445 269.1420  90.9267 15.27579335200023
STARLINK-5106           
1 54823U 22177D   26220.50578743 -.00000198  00000+0  23653-5 0  9994
2 54823  43.0052 358.5213 0002491 275.9251  84.1317 15.27575825200140
STARLINK-4643           
1 54824U 22177E   26220.50965038  .00001294  00000+0  56563-4 0  9994
2 54824  43.0050 358.5479 0002049 281.9043  78.1579 15.27572589200145
STARLINK-5107           
1 54826U 22177G   26219.47759639  .00000557  00000+0  29779-4 0  9998
2 54826  43.0038   4.5469 0001765 269.6956  90.3694 15.27571814199983
STARLINK-5383           
1 54827U 22177H   26219.87765831 -.00005836  00000+0 -20301-3 0  9992
2 54827  43.0036   2.3942 0001443 272.7469  87.3218 15.27530966200042
STARLINK-5381           
1 54828U 22177J   26220.07764922 -.00000712  00000+0 -16361-4 0  9997
2 54828  43.0028   1.3142 0001261 275.5790  84.4917 15.27570596200071
STARLINK-5394           
1 54830U 22177L   26219.89175726  .00000235  00000+0  18076-4 0  9999
2 54830  43.0032   2.5005 0001419 277.3112  82.7579 15.27577249200047
STARLINK-5395           
1 54831U 22177M   26219.79807862  .00002443  00000+0  98248-4 0  9994
2 54831  43.0042   2.6602 0001707 274.7906  85.2750 15.27595285200033
STARLINK-5386           
1 54834U 22177Q   26220.09178164  .00002076  00000+0  84959-4 0  9994
2 54834  43.0033   1.4207 0001038 282.6565  77.4170 15.27574522200085
STARLINK-5389           
1 54835U 22177R   26220.08149070 -.00000053  00000+0  75916-5 0  9996
2 54835  43.0026   1.3442 0001322 272.7426  87.3274 15.27576777200078
STARLINK-5372           
1 54838U 22177U   26220.27300685 -.00000128  00000+0  48707-5 0  9992
2 54838  43.0030 356.7973 0000936 266.6233  93.4511 15.27576181200149
STARLINK-5368           
1 54840U 22177W   26219.87426017  .00001167  00000+0  51932-4 0  9993
2 54840  43.0026 358.9576 0001171 281.6510  78.4211 15.27579639200081
STARLINK-4659           
1 54841U 22177X   26220.08069605  .00000489  00000+0  27281-4 0  9991
2 54841  43.0034 357.9368 0001297 267.4051  92.6652 15.27577921200113
STARLINK-5387           
1 54842U 22177Y   26219.73579755  .00001291  00000+0  56471-4 0  9999
2 54842  43.0027 359.6377 0001521 270.8762  89.1915 15.27566158200069
STARLINK-5304           
1 54843U 22177Z   26220.08326713 -.00000090  00000+0  62573-5 0  9992
2 54843  43.0020 357.9511 0001218 277.1431  82.9282 15.27578044200111
STARLINK-5388           
1 54844U 22177AA  26220.49550284 -.00000278  00000+0 -57065-6 0  9990
2 54844  43.0048 358.4147 0001328 276.3794  83.6907 15.27577299200144
STARLINK-5082           
1 54845U 22177AB  26219.87040747  .00000187  00000+0  16331-4 0  9995
2 54845  43.0032 358.9296 0001283 262.7185  97.3521 15.27577569200088
STARLINK-5360           
1 54846U 22177AC  26219.86398267  .00001177  00000+0  52295-4 0  9997
2 54846  43.0031 358.8810 0001604 267.1090  92.9578 15.27575603200080
STARLINK-5061           
1 54847U 22177AD  26220.47303744 -.00000122  00000+0  50804-5 0  9998
2 54847  43.0027 333.0955 0001243 268.7006  91.3704 15.27578359200438
STARLINK-5432           
1 54848U 22177AE  26219.62814801  .00000636  00000+0  32635-4 0  9995
2 54848  43.0045 349.2572 0001789 268.3324  91.7322 15.27574487200176
STARLINK-5087           
1 54850U 22177AG  26220.45375198 -.00000370  00000+0 -39114-5 0  9999
2 54850  43.0039 344.2741 0001223 272.7210  87.3502 15.27579423200302
STARLINK-5084           
1 54851U 22177AH  26220.44990029 -.00000228  00000+0  12384-5 0  9996
2 54851  43.0037 344.2456 0001211 272.7646  87.3067 15.27575192200309
STARLINK-5418           
1 54852U 22177AJ  26220.05115730  .00000476  00000+0  26840-4 0  9997
2 54852  43.0035 346.4119 0001350 269.3110  90.7587 15.27576410200242
STARLINK-5427           
1 54853U 22177AK  26220.45632383 -.00000257  00000+0  18716-6 0  9993
2 54853  43.0045 344.2947 0001488 272.9078  87.1604 15.27576977200309
STARLINK-5416           
1 54855U 22177AM  26219.66655754  .00000642  00000+0  32848-4 0  9990
2 54855  43.0036 348.6853 0001064 261.8350  98.2381 15.27571756200186
STARLINK-5086           
1 54856U 22177AN  26219.69868833  .00002102  00000+0  85937-4 0  9998
2 54856  43.0037 348.9162 0001711 273.9008  86.1648 15.27565895200186
STARLINK-5078           
1 54857U 22177AP  26220.46532147 -.00000187  00000+0  27457-5 0  9998
2 54857  43.0048 344.3593 0001714 281.7331  78.3329 15.27574415200307
STARLINK-5407           
1 54858U 22177AQ  26220.06529251 -.00000392  00000+0 -47280-5 0  9992
2 54858  43.0038 346.5162 0001094 274.3661  85.7066 15.27574069200246
STARLINK-5409           
1 54859U 22177AR  26219.69481812  .00000566  00000+0  30123-4 0  9998
2 54859  43.0045 348.8932 0002038 273.5052  86.5567 15.27574878200185
STARLINK-5406           
1 54860U 22177AS  26219.63713519 -.00000881  00000+0 -22491-4 0  9997
2 54860  43.0026 349.3103 0000825 260.7222  99.3536 15.27569759200170
STARLINK-5400           
1 54861U 22177AT  26220.44733185 -.00000541  00000+0 -10151-4 0  9993
2 54861  43.0034 344.2278 0001260 272.5081  87.5626 15.27575019200305
STARLINK-5403           
1 54862U 22177AU  26220.07557143  .00000036  00000+0  10858-4 0  9992
2 54862  43.0045 346.6117 0001680 273.9225  86.1435 15.27576442200244
STARLINK-5405           
1 54863U 22177AV  26220.47302535  .00000036  00000+0  10832-4 0  9992
2 54863  43.0055 344.4129 0001740 276.7887  83.2767 15.27578326200303
STARLINK-5359           
1 54864U 22177AW  26219.84101324  .00000021  00000+0  10299-4 0  9996
2 54864  43.0030 348.2583 0001454 262.2739  97.7947 15.27584270200205
STARLINK-5411           
1 54865U 22177AX  26220.07686240  .00000760  00000+0  37141-4 0  9994
2 54865  43.0049 346.6000 0002036 281.5495  78.5128 15.27576965200246
STARLINK-5398           
1 54866U 22177AY  26220.50628992  .00000266  00000+0  19204-4 0  9994
2 54866  43.0032 343.8019 0001320 270.0038  90.0662 15.27576029200310
STARLINK-5396           
1 54867U 22177AZ  26219.70638054  .00000699  00000+0  34915-4 0  9991
2 54867  43.0032 348.9697 0001372 271.0292  89.0403 15.27577186200180
STARLINK-5379           
1 54868U 22177BA  26220.05629365 -.00000074  00000+0  68306-5 0  9997
2 54868  43.0041 346.4399 0001286 268.4325  91.6379 15.27575778200247
STARLINK-5402           
1 54869U 22177BB  26219.72051651  .00000188  00000+0  16375-4 0  9990
2 54869  43.0030 349.0802 0001321 268.9705  91.0995 15.27572416200188
STARLINK-5401           
1 54870U 22177BC  26220.51016072 -.00001510  00000+0 -45376-4 0  9994
2 54870  43.0037 343.8296 0001408 267.0168  93.0523 15.27562515200318
STARLINK-5397           
1 54871U 22177BD  26220.04358735 -.00006228  00000+0 -21690-3 0  9991
2 54871  43.0031 347.2018 0001994 272.5387  87.5236 15.27591158200232
STARLINK-5091           
1 54873U 22177BF  26220.48073387  .00000509  00000+0  28027-4 0  9994
2 54873  43.0040 344.4533 0002035 270.3040  89.7579 15.27578163200307
STARLINK-5277           
1 55269U 23010A   26220.50029948  .00000339  00000+0  36220-4 0  9993
2 55269  70.0007  21.7703 0003136 265.3528  94.7273 14.98328172195807
STARLINK-5306           
1 55271U 23010C   26220.50446632 -.00000080  00000+0  11061-5 0  9990
2 55271  70.0005  21.7837 0003066 267.3182  92.7626 14.98329483195521
STARLINK-5310           
1 55272U 23010D   26220.48778291 -.00002206  00000+0 -17713-3 0  9998
2 55272  70.0005  21.7270 0002740 272.4105  87.6740 14.98326365195529
STARLINK-5291           
1 55273U 23010E   26220.52948411 -.00000132  00000+0 -32359-5 0  9998
2 55273  70.0004  21.4726 0002936 266.2317  93.8506 14.98329779195537
STARLINK-5236           
1 55274U 23010F   26220.49172678 -.00000108  00000+0 -12915-5 0  9998
2 55274  70.0009   1.8708 0002535 269.8051  90.2817 14.98331831196016
STARLINK-5260           
1 55275U 23010G   26220.48353941  .00001660  00000+0  14684-3 0  9997
2 55275  70.0024   1.8431 0002466 270.2036  89.8841 14.98335075196014
STARLINK-5261           
1 55276U 23010H   26220.48338160 -.00000701  00000+0 -51011-4 0  9997
2 55276  70.0008   1.8414 0003000 264.1743  95.9074 14.98324477196009
STARLINK-5299           
1 55277U 23010J   26220.49195718  .00000274  00000+0  30781-4 0  9993
2 55277  70.0007  21.7411 0002881 268.9390  91.1439 14.98332870195528
STARLINK-5289           
1 55278U 23010K   26220.54201957 -.00000379  00000+0 -23964-4 0  9996
2 55278  70.0003  21.5118 0002946 271.7575  88.3246 14.98323716195529
STARLINK-5331           
1 55280U 23010M   26220.51281530 -.00000114  00000+0 -17499-5 0  9995
2 55280  70.0003  21.8021 0002981 266.2898  93.7920 14.98328507195515
STARLINK-5298           
1 55281U 23010N   26220.55035458  .00000319  00000+0  34517-4 0  9990
2 55281  70.0005  21.5420 0002844 267.8795  92.2038 14.98332629195524
STARLINK-5330           
1 55282U 23010P   26220.52547402  .00000228  00000+0  26890-4 0  9999
2 55282  70.0001  21.4506 0002759 268.5658  91.5185 14.98330826195528
STARLINK-5317           
1 55283U 23010Q   26220.54618377  .00000251  00000+0  28804-4 0  9995
2 55283  70.0004  21.5267 0003103 271.9498  88.1306 14.98330946195521
STARLINK-5337           
1 55284U 23010R   26220.52532963  .00001979  00000+0  17368-3 0  9990
2 55284  70.0000  21.4502 0002933 266.6971  93.3852 14.98318352195516
STARLINK-5332           
1 55285U 23010S   26220.49998001  .00000012  00000+0  88201-5 0  9999
2 55285  70.0011 341.6082 0003142 268.5916  91.4883 14.98331800197385
STARLINK-5338           
1 55286U 23010T   26220.54178457  .00000265  00000+0  29995-4 0  9995
2 55286  70.0008   1.6429 0003223 266.8321  93.2469 14.98331023196017
STARLINK-5341           
1 55287U 23010U   26220.48314135  .00000293  00000+0  32307-4 0  9996
2 55287  70.0013 341.8773 0003262 268.9829  91.0956 14.98332239196493
STARLINK-5311           
1 55288U 23010V   26220.52942448  .00000331  00000+0  35554-4 0  9996
2 55288  70.0010   1.5973 0003209 269.4560  90.6231 14.98330512196013
STARLINK-5320           
1 55289U 23010W   26220.54595807  .00000244  00000+0  28246-4 0  9995
2 55289  70.0008   1.6573 0002382 272.3873  87.7014 14.98331201196011
STARLINK-5266           
1 55290U 23010X   26220.53758797  .00004819  00000+0  41117-3 0  9998
2 55290  70.0008   1.6265 0003314 260.6377  99.4408 14.98347960196012
STARLINK-5327           
1 55291U 23010Y   26220.48754333  .00000378  00000+0  39426-4 0  9992
2 55291  70.0011   1.8532 0002950 265.5232  94.5590 14.98333146196003
STARLINK-5325           
1 55292U 23010Z   26220.52510356  .00000253  00000+0  28992-4 0  9991
2 55292  70.0008   1.5818 0002997 273.6416  86.4400 14.98324240196015
STARLINK-5287           
1 55293U 23010AA  26220.52925992  .00000170  00000+0  22030-4 0  9993
2 55293  70.0009   1.5973 0003101 268.0665  92.0139 14.98329992196012
STARLINK-5286           
1 55294U 23010AB  26220.53365711  .00000082  00000+0  14689-4 0  9995
2 55294  70.0001  21.4792 0003089 266.5037  93.5769 14.98331171195528
STARLINK-5293           
1 55295U 23010AC  26220.50864098 -.00000029  00000+0  53223-5 0  9995
2 55295  70.0004  21.7974 0002717 264.6994  95.3855 14.98330904195524
STARLINK-5285           
1 55296U 23010AD  26220.51256233 -.00000122  00000+0 -24374-5 0  9993
2 55296  70.0012   1.5396 0003057 267.6301  92.4508 14.98331201196896
STARLINK-5284           
1 55297U 23010AE  26220.52093115 -.00001166  00000+0 -90012-4 0  9993
2 55297  70.0008   1.5676 0002832 269.1152  90.9683 14.98317191196017
STARLINK-5270           
1 55299U 23010AG  26220.50838646 -.00000346  00000+0 -21235-4 0  9999
2 55299  70.0017   1.5274 0002781 267.5042  92.5798 14.98329452196890
STARLINK-5308           
1 55300U 23010AH  26220.50421657  .00000226  00000+0  26713-4 0  9993
2 55300  70.0000   1.5101 0003033 269.7349  90.3462 14.98331666196017
STARLINK-5321           
1 55302U 23010AK  26220.51673953  .00000661  00000+0  63201-4 0  9990
2 55302  70.0010   1.5510 0003055 269.7171  90.3638 14.98332502196016
STARLINK-5322           
1 55303U 23010AL  26220.52113892 -.00000136  00000+0 -36465-5 0  9995
2 55303  70.0001  21.4350 0002825 265.6018  94.4819 14.98329081195528
STARLINK-5318           
1 55304U 23010AM  26220.50004007 -.00000313  00000+0 -18438-4 0  9997
2 55304  70.0011   1.4948 0003022 264.7599  95.3215 14.98336189196017
STARLINK-5316           
1 55305U 23010AN  26220.49590343  .00000386  00000+0  40151-4 0  9994
2 55305  70.0009   1.8849 0002619 267.6065  92.4794 14.98336509196016
STARLINK-5295           
1 55306U 23010AP  26220.46647028  .00000514  00000+0  50869-4 0  9995
2 55306  70.0011 341.9077 0003323 270.3592  89.7186 14.98325734196506
STARLINK-5288           
1 55307U 23010AQ  26220.47064382  .00000577  00000+0  56142-4 0  9992
2 55307  70.0009 341.9239 0003166 271.0335  89.0461 14.98323482196509
STARLINK-5315           
1 55309U 23010AS  26220.48729501  .00000507  00000+0  50238-4 0  9999
2 55309  70.0013 341.5786 0003248 269.1957  90.8830 14.98332539196512
STARLINK-5309           
1 55310U 23010AT  26220.52486344 -.00000073  00000+0  17077-5 0  9995
2 55310  70.0011 341.7083 0003350 269.3331  90.7445 14.98327127196514
STARLINK-5312           
1 55311U 23010AU  26220.52903733 -.00000224  00000+0 -10947-4 0  9999
2 55311  70.0012 341.7237 0003165 268.7786  91.3011 14.98327751197383
STARLINK-5296           
1 55312U 23010AV  26220.49980947  .00000453  00000+0  45779-4 0  9991
2 55312  70.0012 341.5084 0003316 268.2556  91.8224 14.98331865197360
STARLINK-5313           
1 55313U 23010AW  26220.51651367 -.00000237  00000+0 -12091-4 0  9999
2 55313  70.0013 341.6791 0003140 269.8462  90.2337 14.98329497197384
STARLINK-5305           
1 55314U 23010AX  26220.45392926 -.00000488  00000+0 -33082-4 0  9997
2 55314  70.0010 341.8599 0003226 270.9569  89.1221 14.98328937197372
STARLINK-4623           
1 55315U 23010AY  26220.53343458 -.00000080  00000+0  11280-5 0  9997
2 55315  70.0008   1.6108 0002875 269.6509  90.4321 14.98330859196006
STARLINK-5257           
1 55316U 23010AZ  26220.49148387  .00000593  00000+0  57496-4 0  9993
2 55316  70.0012 341.6061 0003135 270.8142  89.2657 14.98324894197386
STARLINK-5265           
1 55317U 23010BA  26220.51234227  .00000127  00000+0  18403-4 0  9994
2 55317  70.0013 341.6916 0003374 271.6104  88.4669 14.98331340197387
STARLINK-5180           
1 55318U 23010BB  26220.44140801 -.00000409  00000+0 -26529-4 0  9994
2 55318  70.0014 341.8171 0002887 270.0818  90.0010 14.98328257197378
STARLINK-5196           
1 55319U 23010BC  26220.50399286  .00000548  00000+0  53749-4 0  9991
2 55319  70.0011 341.6350 0003072 268.4643  91.6164 14.98332621197385
STARLINK-5492           
1 55331U 23013A   26220.13241870  .00000467  00000+0  26513-4 0  9991
2 55331  43.0018 168.2301 0001458 268.5227  91.5458 15.27577890195914
STARLINK-5491           
1 55332U 23013B   26220.15090972  .00000496  00000+0  27539-4 0  9990
2 55332  43.0032 153.6374 0001559 265.9858  94.0816 15.27577300195004
STARLINK-5493           
1 55333U 23013C   26220.14012856  .00000224  00000+0  17683-4 0  9993
2 55333  43.0019 168.2854 0001318 263.4246  96.6456 15.27577997194832
STARLINK-5652           
1 55334U 23013D   26220.33241534  .00000681  00000+0  34275-4 0  9995
2 55334  43.0019 167.0478 0001401 265.6978  94.3713 15.27579591194867
STARLINK-5660           
1 55335U 23013E   26219.94782800 -.00000039  00000+0  81180-5 0  9993
2 55335  43.0014 169.4193 0000963 268.3582  91.7159 15.27575334194806
STARLINK-5655           
1 55336U 23013F   26219.87136044 -.00000023  00000+0  86766-5 0  9997
2 55336  43.0043 154.9028 0001236 276.3614  83.7097 15.27578016194963
STARLINK-5667           
1 55337U 23013G   26220.16246825  .00000264  00000+0  19127-4 0  9993
2 55337  43.0024 153.6883 0001377 262.5435  97.5261 15.27578010195008
STARLINK-5658           
1 55338U 23013H   26220.34398830 -.00006719  00000+0 -23471-3 0  9997
2 55338  43.0015 167.2324 0001264 271.3927  88.6780 15.27601198194863
STARLINK-5671           
1 55339U 23013J   26220.33836380  .00000767  00000+0  37412-4 0  9990
2 55339  43.0025 170.6037 0001356 270.6316  89.4380 15.27580481194822
STARLINK-5675           
1 55340U 23013K   26220.30416537 -.00000128  00000+0  48910-5 0  9995
2 55340  43.0034 166.9379 0001321 264.7198  95.3503 15.27575877194865
STARLINK-5670           
1 55341U 23013L   26220.15041347 -.00000535  00000+0 -99301-5 0  9995
2 55341  43.0009 168.3580 0000815 258.1863 101.8897 15.27573303194839
STARLINK-5657           
1 55342U 23013M   26220.35042497  .00000040  00000+0  10961-4 0  9998
2 55342  43.0014 167.2761 0000900 248.6188 111.4567 15.27573417194864
STARLINK-5661           
1 55343U 23013N   26220.29390628 -.00002893  00000+0 -95729-4 0  9999
2 55343  43.0028 166.8552 0001148 265.9008  94.1713 15.27551519194860
STARLINK-5653           
1 55345U 23013Q   26220.28553286  .00000513  00000+0  28152-4 0  9992
2 55345  43.0033 152.9172 0001392 269.2738  90.7955 15.27581069195022
STARLINK-5631           
1 55346U 23013R   26220.16696566  .00000303  00000+0  20534-4 0  9992
2 55346  43.0028 167.6200 0000904 268.6722  91.4026 15.27576746194848
STARLINK-5663           
1 55347U 23013S   26220.16568266 -.00000377  00000+0 -41917-5 0  9990
2 55347  43.0028 167.6115 0000808 284.5559  75.5203 15.27575192194846
STARLINK-5609           
1 55348U 23013T   26220.17724953  .00000823  00000+0  39454-4 0  9995
2 55348  43.0043 167.7001 0001357 276.3402  83.7295 15.27574803194845
STARLINK-5666           
1 55349U 23013U   26220.31187347  .00000298  00000+0  20374-4 0  9999
2 55349  43.0046 166.9965 0001726 264.9139  95.1516 15.27576190194865
STARLINK-5668           
1 55350U 23013V   26220.16182889 -.00000265  00000+0 -96146-7 0  9999
2 55350  43.0029 167.5823 0000741 277.3533  82.7234 15.27573224194842
STARLINK-5659           
1 55351U 23013W   26219.91442154  .00000665  00000+0  33703-4 0  9994
2 55351  43.0047 169.1670 0001198 276.1421  83.9294 15.27571516194808
STARLINK-5547           
1 55352U 23013X   26220.32264808  .00000585  00000+0  30766-4 0  9997
2 55352  43.0018 163.6614 0001339 253.2572 106.8133 15.27578249194902
STARLINK-5608           
1 55353U 23013Y   26220.30465745  .00000148  00000+0  14891-4 0  9995
2 55353  43.0034 163.5258 0001500 271.2034  88.8646 15.27574548194903
STARLINK-5649           
1 55354U 23013Z   26220.30287853 -.00000109  00000+0  55516-5 0  9996
2 55354  43.0036 166.9243 0001387 279.4492  80.6203 15.27575519194861
STARLINK-5647           
1 55355U 23013AA  26220.31829358  .00000480  00000+0  26971-4 0  9993
2 55355  43.0034 167.0219 0001400 271.5989  88.4703 15.27580721194856
STARLINK-5651           
1 55357U 23013AC  26220.31444292  .00000129  00000+0  14239-4 0  9999
2 55357  43.0044 167.0063 0001826 274.3581  85.7062 15.27576199194860
STARLINK-5622           
1 55358U 23013AD  26220.31058863 -.00000097  00000+0  59907-5 0  9992
2 55358  43.0042 166.9808 0001557 286.2532  73.8149 15.27575636194862
STARLINK-5641           
1 55359U 23013AE  26220.32423877  .00001599  00000+0  67631-4 0  9994
2 55359  43.0042 170.4970 0001427 276.4604  83.6085 15.27576416194821
STARLINK-5664           
1 55360U 23013AF  26220.38011816  .00001272  00000+0  55746-4 0  9990
2 55360  43.0017 184.7430 0001181 262.9182  97.1536 15.27577689194668
STARLINK-5665           
1 55361U 23013AG  26220.18417741 -.00000078  00000+0  66727-5 0  9992
2 55361  43.0024 153.0384 0000777 242.8257 117.2515 15.27574371195010
STARLINK-5574           
1 55362U 23013AH  26220.30852554 -.00001198  00000+0 -34018-4 0  9994
2 55362  43.0012 152.2539 0000867 216.6105 143.4688 15.27569788195032
STARLINK-5627           
1 55364U 23013AK  26219.92805780  .00000718  00000+0  35644-4 0  9992
2 55364  43.0038 172.6820 0001858 277.6705  82.3936 15.27575772194761
STARLINK-5639           
1 55365U 23013AL  26220.37240348  .00000546  00000+0  29380-4 0  9996
2 55365  43.0023 184.6939 0001503 272.0127  88.0553 15.27581186194667
STARLINK-5654           
1 55366U 23013AM  26220.17389738  .00000171  00000+0  15741-4 0  9992
2 55366  43.0013 152.9630 0000720 257.0695 103.0076 15.27575495195010
STARLINK-5635           
1 55367U 23013AN  26220.14448322 -.00001596  00000+0 -48507-4 0  9995
2 55367  43.0063 153.5883 0001624 266.0647  94.0019 15.27567055195002
STARLINK-5625           
1 55368U 23013AP  26220.30724037 -.00000385  00000+0 -44933-5 0  9999
2 55368  43.0010 152.2408 0000858 252.0881 107.9877 15.27575488195035
STARLINK-5644           
1 55369U 23013AQ  26218.99543679  .00000525  00000+0  28591-4 0  9998
2 55369  43.0029 192.4216 0001548 269.5108  90.5566 15.27575765194456
STARLINK-5027           
1 55370U 23013AR  26220.18267572  .00001131  00000+0  50619-4 0  9999
2 55370  43.0014 185.8543 0001477 266.1801  93.8882 15.27577129194638
STARLINK-5590           
1 55371U 23013AS  26219.97238273  .00000169  00000+0  15670-4 0  9999
2 55371  43.0043 186.8539 0001660 278.5241  81.5423 15.27575758195526
STARLINK-5568           
1 55372U 23013AT  26220.34607398 -.00001605  00000+0 -48836-4 0  9999
2 55372  43.0047 181.9313 0000766 189.7000 170.3837 15.27579466194692
STARLINK-5581           
1 55373U 23013AU  26220.34942164 -.00000194  00000+0  24746-5 0  9999
2 55373  43.0030 185.3641 0001056 282.7971  77.2763 15.27576317194652
STARLINK-5578           
1 55374U 23013AV  26220.21609843  .00000611  00000+0  31746-4 0  9990
2 55374  43.0024 186.0923 0000492 297.0924  62.9877 15.27562988194631
STARLINK-5588           
1 55375U 23013AW  26220.38654045  .00000447  00000+0  25754-4 0  9992
2 55375  43.0014 184.7941 0001285 268.1514  91.9191 15.27577185194660
STARLINK-5586           
1 55376U 23013AX  26219.94446993  .00000504  00000+0  27832-4 0  9997
2 55376  43.0050 154.6745 0001409 274.7790  85.2900 15.27579512194970
STARLINK-5567           
1 55377U 23013AY  26219.94988492 -.00000275  00000+0 -46201-6 0  9993
2 55377  43.0033 184.1108 0001243 268.3304  91.7405 15.27574862194637
STARLINK-5572           
1 55378U 23013AZ  26220.36212622  .00000183  00000+0  16187-4 0  9991
2 55378  43.0036 184.6167 0001673 276.8174  83.2488 15.27575966194663
STARLINK-5569           
1 55379U 23013BA  26220.33579578  .00000604  00000+0  31462-4 0  9996
2 55379  43.0027 181.8497 0000850 282.7577  77.3179 15.27575819194699
STARLINK-5571           
1 55380U 23013BB  26220.50004630 -.00026958  00000+0 -97306-3 0  9999
2 55380  43.0010 170.1561 0001724 283.8563 302.4077 15.27598711  5881
STARLINK-5575           
1 55381U 23013BC  26219.95117012  .00000036  00000+0  10825-4 0  9995
2 55381  43.0034 184.1205 0001011 280.0991  79.9747 15.27575066194631
STARLINK-5576           
1 55382U 23013BD  26220.33963537 -.00000091  00000+0  61994-5 0  9997
2 55382  43.0033 181.8814 0001168 263.3476  96.7243 15.27574891194695
STARLINK-5531           
1 55383U 23013BE  26220.25983920 -.00000264  00000+0 -66711-7 0  9994
2 55383  43.0041 152.7365 0000674 262.5895  97.4880 15.27575993195027
STARLINK-5537           
1 55384U 23013BF  26220.20115552 -.00000424  00000+0 -59096-5 0  9992
2 55384  43.0020 182.5642 0000767 259.7137 100.3628 15.27572613194674
STARLINK-5556           
1 55385U 23013BG  26220.20757823 -.00000495  00000+0 -84732-5 0  9999
2 55385  43.0032 182.6046 0000923 269.1336  90.9409 15.27572860194672
STARLINK-5555           
1 55386U 23013BH  26220.34735257  .00000905  00000+0  42408-4 0  9999
2 55386  43.0041 181.9349 0000996 267.7568  92.3170 15.27586449194693
STARLINK-5085           
1 55392U 23014B   26220.51698005  .00000306  00000+0  33422-4 0  9996
2 55392  70.0002  21.5346 0002933 267.5697  92.5126 14.98321543195296
STARLINK-4786           
1 55393U 23014C   26220.53807781  .00001226  00000+0  11054-3 0  9990
2 55393  70.0002  41.4936 0002483 271.5228  88.5647 14.98328818194809
STARLINK-5274           
1 55395U 23014E   26220.52971110  .00001110  00000+0  10080-3 0  9999
2 55395  70.0004  41.4436 0002497 267.8508  92.2365 14.98329283194808
STARLINK-5283           
1 55396U 23014F   26220.53389072  .00000173  00000+0  22279-4 0  9993
2 55396  70.0002  41.4688 0002205 262.9814  97.1094 14.98332015194809
STARLINK-5224           
1 55397U 23014G   26220.49612950  .00000406  00000+0  41790-4 0  9991
2 55397  70.0006  21.8512 0003071 267.1376  92.9431 14.98339170195284
STARLINK-5275           
1 55398U 23014H   26220.55058750 -.00000019  00000+0  61619-5 0  9995
2 55398  69.9999  41.5235 0002624 272.8603  87.2256 14.98337617194806
STARLINK-5276           
1 55399U 23014J   26220.54225260  .00000399  00000+0  41233-4 0  9996
2 55399  69.9999  41.4951 0003102 269.0790  91.0014 14.98320781194807
STARLINK-5632           
1 55400U 23014K   26219.89134412 -.00001183  00000+0 -91412-4 0  9991
2 55400  70.0001  43.2310 0002653 274.3421  85.7434 14.98321435194708
STARLINK-5076           
1 55401U 23014L   26220.54642716  .00000165  00000+0  21659-4 0  9990
2 55401  69.9998  41.5096 0003271 265.3039  94.7746 14.98333192194805
STARLINK-5071           
1 55402U 23014M   26220.23348479  .00000221  00000+0  26291-4 0  9996
2 55402  69.9997  42.4247 0002822 266.6689  93.4147 14.98330603194758
STARLINK-5597           
1 55403U 23014N   26219.95392123  .00000406  00000+0  41816-4 0  9994
2 55403  69.9999  43.0541 0002315 265.2097  94.8797 14.98331908194711
STARLINK-5607           
1 55404U 23014P   26219.90804104  .00000245  00000+0  28326-4 0  9999
2 55404  69.9999  43.2960 0002529 266.5191  93.5679 14.98319836194705
STARLINK-5623           
1 55405U 23014Q   26220.22931301  .00000252  00000+0  28875-4 0  9994
2 55405  69.9996  42.4103 0002314 269.2710  90.8184 14.98332254194757
STARLINK-5630           
1 55406U 23014R   26220.51304479  .00000142  00000+0  19661-4 0  9998
2 55406  69.9997  41.7964 0002708 268.8135  91.2714 14.98330598194796
STARLINK-5019           
1 55407U 23014S   26220.23766010 -.00000187  00000+0 -78437-5 0  9999
2 55407  69.9999  42.4394 0002675 266.6466  93.4387 14.98328101194753
STARLINK-5633           
1 55410U 23014V   26219.94996828 -.00000398  00000+0 -25541-4 0  9992
2 55410  69.9994  62.9095 0002844 260.1244  99.9594 14.98331073194223
STARLINK-5605           
1 55411U 23014W   26220.52140481  .00000320  00000+0  34604-4 0  9998
2 55411  69.9997  41.8264 0002724 266.4833  93.6015 14.98320680194794
STARLINK-5060           
1 55413U 23014Y   26220.27959529 -.00000733  00000+0 -53611-4 0  9992
2 55413  69.9996  62.0524 0002847 269.9493  90.1340 14.98334152194270
STARLINK-5620           
1 55414U 23014Z   26220.29629417 -.00000457  00000+0 -30475-4 0  9991
2 55414  70.0009  62.1132 0002462 267.1606  92.9271 14.98331122194271
STARLINK-5624           
1 55416U 23014AB  26219.97084193 -.00000258  00000+0 -13808-4 0  9992
2 55416  69.9996  62.9844 0002849 268.3958  91.6875 14.98329538194224
STARLINK-5030           
1 55418U 23014AD  26219.97918989 -.00000520  00000+0 -35815-4 0  9997
2 55418  69.9997  63.0140 0002987 269.7541  90.3276 14.98329523194229
STARLINK-5629           
1 55419U 23014AE  26220.30048707  .00000561  00000+0  54778-4 0  9991
2 55419  69.9995  62.1286 0002811 265.6917  94.3920 14.98330170194272
STARLINK-5604           
1 55420U 23014AF  26220.53785971  .00000490  00000+0  48843-4 0  9996
2 55420  70.0003  21.6159 0003185 266.0334  94.0461 14.98321868195293
STARLINK-5598           
1 55421U 23014AG  26219.97500605 -.00006464  00000+0 -53401-3 0  9996
2 55421  69.9995  62.9989 0002412 259.2146 100.8742 14.98362468194228
STARLINK-5006           
1 55422U 23014AH  26219.95415053 -.00000948  00000+0 -71711-4 0  9993
2 55422  69.9994  62.9209 0002677 261.1352  98.9504 14.98321798194221
STARLINK-5068           
1 55423U 23014AJ  26219.99172669  .00002134  00000+0  18663-3 0  9994
2 55423  69.9992  63.0551 0002661 271.9225  88.1630 14.98313355194224
STARLINK-5615           
1 55425U 23014AL  26219.98336621  .00000183  00000+0  23100-4 0  9990
2 55425  69.9995  63.0287 0002751 268.9540  91.1304 14.98329091194227
STARLINK-5638           
1 55426U 23014AM  26220.26711054  .00000339  00000+0  36234-4 0  9996
2 55426  69.9993  62.4126 0002403 269.7050  90.3834 14.98330330194261
STARLINK-5064           
1 55428U 23014AP  26220.27547389  .00004673  00000+0  39939-3 0  9996
2 55428  69.9990  62.4410 0002969 285.0752  75.0078 14.98306137194261
STARLINK-5645           
1 55429U 23014AQ  26219.99588481 -.00000199  00000+0 -88979-5 0  9993
2 55429  69.9992  63.0711 0003014 269.2821  90.7993 14.98336126194225
STARLINK-5642           
1 55430U 23014AR  26220.32155846  .00000258  00000+0  29392-4 0  9996
2 55430  69.9993  82.0595 0002903 268.2628  91.8199 14.98331357193780
STARLINK-5643           
1 55431U 23014AS  26220.27127514 -.00000221  00000+0 -10735-4 0  9995
2 55431  69.9993  62.4270 0002876 268.4680  91.6150 14.98328449194269
STARLINK-5637           
1 55432U 23014AT  26219.99627119  .00000074  00000+0  13965-4 0  9991
2 55432  69.9994  82.9323 0002797 271.1717  88.9122 14.98330783193734
STARLINK-5570           
1 55433U 23014AU  26220.31738611  .00000348  00000+0  36968-4 0  9992
2 55433  69.9992  82.0452 0002822 270.9068  89.1768 14.98331524193780
STARLINK-5621           
1 55434U 23014AV  26220.00445765 -.00000070  00000+0  19128-5 0  9997
2 55434  69.9995  82.9611 0002976 269.0242  91.0576 14.98328132193738
STARLINK-5626           
1 55435U 23014AW  26220.32991059  .00000356  00000+0  37606-4 0  9991
2 55435  69.9994  82.0915 0002715 265.2221  94.8628 14.98330727193789
STARLINK-5640           
1 55436U 23014AX  26220.00863081  .00000212  00000+0  25521-4 0  9994
2 55436  69.9994  82.9753 0002828 269.9523  90.1312 14.98329923193730
STARLINK-5074           
1 55438U 23014AZ  26220.52554719  .00000211  00000+0  25493-4 0  9995
2 55438  69.9999  41.4525 0002782 269.8936  90.1904 14.98322570194807
STARLINK-5634           
1 55439U 23014BA  26220.01280825 -.00000288  00000+0 -16335-4 0  9995
2 55439  69.9996  82.9913 0001973 269.9281  90.1651 14.98326614193734
STARLINK-5699           
1 55449U 23015A   26220.22415857  .00001331  00000+0  57900-4 0  9996
2 55449  43.0009 193.2515 0000901 256.0284 104.0467 15.27567470194839
STARLINK-5686           
1 55450U 23015B   26220.41643976  .00000745  00000+0  36588-4 0  9991
2 55450  43.0008 192.1162 0000977 265.9760  94.0980 15.27580164194863
STARLINK-5656           
1 55451U 23015C   26219.96646221  .00000684  00000+0  34382-4 0  9998
2 55451  43.0008 194.7557 0000577 240.5240 119.5554 15.27555554193851
STARLINK-5683           
1 55452U 23015D   26219.97415521  .00000031  00000+0  10657-4 0  9992
2 55452  43.0029 194.8065 0000600 275.9050  84.1734 15.27574676193851
STARLINK-5684           
1 55453U 23015E   26220.38303169  .00000076  00000+0  12283-4 0  9990
2 55453  43.0045 191.8707 0001552 278.3939  81.6737 15.27576392193920
STARLINK-5636           
1 55454U 23015F   26220.19714921  .00000570  00000+0  30255-4 0  9990
2 55454  43.0016 193.0407 0001569 272.0467  88.0205 15.27579719193898
STARLINK-5680           
1 55455U 23015G   26220.36261935 -.00000738  00000+0 -17305-4 0  9991
2 55455  43.0018 192.5685 0000687 287.3131  72.7646 15.27564757193918
STARLINK-5058           
1 55456U 23015H   26220.19458151  .00000293  00000+0  20194-4 0  9995
2 55456  43.0020 193.0314 0001942 280.6727  79.3905 15.27574278193896
STARLINK-5682           
1 55457U 23015J   26220.19074327  .00001452  00000+0  62313-4 0  9992
2 55457  43.0036 193.0056 0001725 273.4873  86.5781 15.27564059193896
STARLINK-5020           
1 55458U 23015K   26220.21257342  .00000150  00000+0  14985-4 0  9992
2 55458  43.0008 193.1568 0000926 263.9757  96.0989 15.27576283193890
STARLINK-5669           
1 55459U 23015L   26220.40101551  .00000978  00000+0  45072-4 0  9993
2 55459  43.0013 191.9970 0001462 263.5329  96.5356 15.27580610193923
STARLINK-5678           
1 55460U 23015M   26220.20871577 -.00000130  00000+0  48041-5 0  9996
2 55460  43.0014 193.1308 0001351 260.1938  99.8761 15.27578330193899
STARLINK-5646           
1 55461U 23015N   26220.39716388  .00000465  00000+0  26443-4 0  9996
2 55461  43.0015 191.9679 0001522 263.8436  96.2242 15.27576320193927
STARLINK-5673           
1 55462U 23015P   26219.92276023  .00000061  00000+0  11733-4 0  9999
2 55462  43.0043 194.4254 0001554 272.3963  87.6711 15.27574966193852
STARLINK-5677           
1 55463U 23015Q   26220.01174423  .00013399  00000+0  62304-3 0  9990
2 55463  42.9966 206.1865 0005091 101.3172 258.8249 15.19841740193729
STARLINK-5676           
1 55464U 23015R   26220.39459333  .00000663  00000+0  33604-4 0  9990
2 55464  43.0017 191.9430 0001520 266.2473  93.8205 15.27577938193921
STARLINK-5674           
1 55465U 23015S   26219.99198701  .00014195  00000+0  52314-3 0  9997
2 55465  43.0051 194.0907 0002162 275.0837  84.9768 15.27655750193865
STARLINK-5628           
1 55466U 23015T   26220.40615727  .00000696  00000+0  34821-4 0  9993
2 55466  43.0012 192.0265 0001363 265.3474  94.7222 15.27577855193929
STARLINK-5679           
1 55467U 23015U   26219.98430449 -.00001430  00000+0 -42467-4 0  9995
2 55467  43.0033 194.0237 0001704 276.8279  83.2379 15.27561189193865
STARLINK-5672           
1 55468U 23015V   26220.39844978  .00000304  00000+0  20584-4 0  9992
2 55468  43.0013 191.9720 0001504 264.3463  95.7217 15.27574752193928
STARLINK-5681           
1 55469U 23015W   26220.19201004  .00000573  00000+0  30340-4 0  9997
2 55469  43.0037 193.0086 0001600 273.6807  86.3861 15.27579646193899
STARLINK-5708           
1 55470U 23015X   26220.20614589  .00000036  00000+0  10851-4 0  9996
2 55470  43.0007 193.1092 0001322 270.5014  89.5686 15.27577352193895
STARLINK-5711           
1 55471U 23015Y   26220.37917286 -.00000913  00000+0 -23637-4 0  9997
2 55471  43.0043 191.8270 0001708 276.1481  83.9176 15.27578264193926
STARLINK-5705           
1 55472U 23015Z   26220.40454250 -.00000256  00000+0  21273-6 0  9994
2 55472  43.0021 184.9869 0000931 256.6382 103.4366 15.27573853194008
STARLINK-5689           
1 55474U 23015AB  26220.00868594  .00000122  00000+0  13949-4 0  9992
2 55474  43.0031 205.4974 0001436 295.1396  64.9306 15.27577388193732
STARLINK-5650           
1 55475U 23015AC  26220.41001185  .00000174  00000+0  15842-4 0  9994
2 55475  43.0010 192.0537 0001341 266.4205  93.6493 15.27576242193926
STARLINK-5685           
1 55477U 23015AE  26219.96853605  .00000538  00000+0  29065-4 0  9992
2 55477  43.0035 186.8773 0001437 276.5800  83.4889 15.27573592193940
STARLINK-5691           
1 55478U 23015AF  26220.38575816  .00000307  00000+0  20665-4 0  9997
2 55478  43.0007 181.4240 0001105 257.1105 102.9623 15.27574468194043
STARLINK-5688           
1 55479U 23015AG  26219.93269831  .00000638  00000+0  32708-4 0  9992
2 55479  43.0005 187.4619 0001105 257.9060 102.1668 15.27576813193930
STARLINK-5690           
1 55480U 23015AH  26220.23681130  .00000025  00000+0  10444-4 0  9992
2 55480  43.0014 203.6922 0001528 265.5141  94.5536 15.27577490193776
STARLINK-5694           
1 55481U 23015AJ  26220.45097537  .00000153  00000+0  15082-4 0  9994
2 55481  43.0005 202.8022 0000950 269.2100  90.8643 15.27577081193801
STARLINK-5692           
1 55483U 23015AL  26220.23296940  .00000614  00000+0  31843-4 0  9996
2 55483  43.0006 203.7472 0001431 265.2227  94.8461 15.27577882193771
STARLINK-5696           
1 55484U 23015AM  26220.26509291  .00000038  00000+0  10892-4 0  9997
2 55484  43.0020 203.9805 0000778 275.0761  85.0002 15.27575832193771
STARLINK-5695           
1 55485U 23015AN  26220.13175309 -.00000415  00000+0 -55565-5 0  9991
2 55485  43.0022 204.7031 0000720 273.1154  86.9616 15.27574065193752
STARLINK-5704           
1 55486U 23015AP  26219.99726585 -.00001005  00000+0 -27045-4 0  9999
2 55486  43.0004 205.3630 0000386 261.2893  98.7915 15.27546497193730
STARLINK-5701           
1 55487U 23015AQ  26220.24710823 -.00000440  00000+0 -64789-5 0  9997
2 55487  43.0003 203.8486 0000994 264.6303  95.4435 15.27574805193779
STARLINK-5706           
1 55488U 23015AR  26220.44069183  .00000626  00000+0  32259-4 0  9996
2 55488  43.0006 202.7143 0001301 267.5927  92.4776 15.27579012193802
STARLINK-5371           
1 55489U 23015AS  26220.44711566 -.00001193  00000+0 -33832-4 0  9996
2 55489  43.0001 202.7699 0001278 269.1758  90.8947 15.27568166193807
STARLINK-5373           
1 55490U 23015AT  26220.22525623  .00000793  00000+0  38327-4 0  9998
2 55490  43.0017 203.6775 0001535 269.8277  90.2399 15.27578556193775
STARLINK-5364           
1 55491U 23015AU  26220.37626549  .00000867  00000+0  41010-4 0  9999
2 55491  43.0020 184.7611 0001387 272.6275  87.4418 15.27580573194002
STARLINK-5013           
1 55492U 23015AV  26220.44580722  .00001967  00000+0  80932-4 0  9998
2 55492  43.0005 202.7427 0000946 273.0495  87.0248 15.27594013193809
STARLINK-5362           
1 55493U 23015AW  26220.42656112  .00000908  00000+0  42506-4 0  9993
2 55493  43.0014 202.6135 0001406 269.2314  90.8377 15.27577226193806
STARLINK-5344           
1 55494U 23015AX  26220.44841397  .00001915  00000+0  79127-4 0  9995
2 55494  43.0006 202.7713 0001455 252.4151 107.6542 15.27559727193805
STARLINK-5100           
1 55495U 23015AY  26220.38269624  .00000139  00000+0  14588-4 0  9993
2 55495  43.0014 184.8248 0001430 262.0657  98.0033 15.27574580194004
STARLINK-5363           
1 55497U 23015BA  26220.38689082  .00000189  00000+0  16381-4 0  9997
2 55497  43.0008 203.1650 0001167 260.0009 100.0711 15.27579894193792
STARLINK-5365           
1 55498U 23015BB  26220.39715189 -.00001316  00000+0 -38315-4 0  9993
2 55498  43.0030 203.2415 0001037 307.5889  52.4868 15.27581981193790
STARLINK-5366           
1 55499U 23015BC  26220.22012352  .00000924  00000+0  43128-4 0  9998
2 55499  43.0024 203.6372 0001658 276.4692  83.5971 15.27574085194524
STARLINK-5141           
1 55500U 23015BD  26219.99841992  .00005248  00000+0  20021-3 0  9993
2 55500  43.0010 205.4138 0000654 269.6336  90.4441 15.27560791193736
STARLINK-5367           
1 55501U 23015BE  26220.40485722  .00000294  00000+0  20206-4 0  9999
2 55501  43.0033 203.2906 0001348 280.4714  79.5986 15.27578834193798
STARLINK-5749           
1 55569U 23020A   26220.34607287 -.00002631  00000+0 -86205-4 0  9994
2 55569  43.0017 232.3928 0001224 294.6139  65.4585 15.27553986193130
STARLINK-5737           
1 55570U 23020B   26220.07086147  .00000082  00000+0  12494-4 0  9997
2 55570  43.0015 230.3667 0000954 271.0960  88.9783 15.27574489192060
STARLINK-5739           
1 55571U 23020C   26220.32550838  .00000425  00000+0  24966-4 0  9997
2 55571  42.9996 232.2445 0000790 242.9477 117.1294 15.27571536192062
STARLINK-5732           
1 55572U 23020D   26220.32291870  .00000250  00000+0  18614-4 0  9995
2 55572  42.9999 232.2260 0001216 270.0899  89.9813 15.27577049192063
STARLINK-5738           
1 55573U 23020E   26220.05751705  .00000416  00000+0  24648-4 0  9992
2 55573  43.0004 233.6771 0001211 270.5353  89.5360 15.27577547192022
STARLINK-5747           
1 55574U 23020F   26220.35375786 -.00000122  00000+0  50909-5 0  9992
2 55574  43.0024 232.4554 0001531 293.1145  66.9545 15.27575154192066
STARLINK-5745           
1 55575U 23020G   26220.46270028  .00000522  00000+0  28495-4 0  9995
2 55575  43.0003 231.5539 0000837 276.6941  83.3815 15.27582238192081
STARLINK-5751           
1 55576U 23020H   26220.40730328  .00000202  00000+0  16862-4 0  9994
2 55576  43.0032 202.5928 0001499 292.3327  67.7366 15.27580306192410
STARLINK-5752           
1 55577U 23020J   26220.34395829 -.00000157  00000+0  38408-5 0  9992
2 55577  43.0035 228.8936 0001537 270.2515  89.8161 15.27575092192101
STARLINK-5754           
1 55579U 23020L   26220.32340955  .00000216  00000+0  17361-4 0  9991
2 55579  43.0000 228.8160 0001161 277.2125  82.8595 15.27576749192105
STARLINK-5757           
1 55580U 23020M   26220.22142726  .00000675  00000+0  34053-4 0  9994
2 55580  43.0027 203.7804 0001681 269.2278  90.8381 15.27575887192384
STARLINK-5753           
1 55581U 23020N   26220.46219204  .00000374  00000+0  23114-4 0  9999
2 55581  43.0002 234.9594 0001286 272.0069  88.0635 15.27577798192048
STARLINK-5741           
1 55582U 23020P   26220.28245598 -.00000013  00000+0  90636-5 0  9990
2 55582  43.0002 218.1038 0001350 267.2341  92.8356 15.27575404192222
STARLINK-5742           
1 55583U 23020Q   26220.36567221  .00000775  00000+0  37694-4 0  9998
2 55583  43.0009 228.2782 0001390 271.4881  88.5812 15.27576194192112
STARLINK-5736           
1 55584U 23020R   26220.35938927  .00000553  00000+0  29639-4 0  9997
2 55584  43.0019 229.0884 0001775 272.6706  87.3942 15.27578968192103
STARLINK-5769           
1 55585U 23020S   26220.43764503 -.00000427  00000+0 -60083-5 0  9995
2 55585  43.0024 217.5585 0001153 310.2208  49.8542 15.27575415192244
STARLINK-5767           
1 55586U 23020T   26220.47345994 -.00000263  00000+0 -14201-7 0  9990
2 55586  43.0040 228.2257 0001493 301.4178  58.6527 15.27576411192128
STARLINK-5727           
1 55587U 23020U   26220.33624946  .00000109  00000+0  13470-4 0  9994
2 55587  43.0023 228.8414 0001067 292.6788  67.3951 15.27575078192100
STARLINK-5728           
1 55588U 23020V   26220.01189764  .00000020  00000+0  10241-4 0  9999
2 55588  43.0031 230.7842 0001371 294.7753  65.2956 15.27577756192051
STARLINK-5697           
1 55589U 23020W   26220.45805676  .00000375  00000+0  23142-4 0  9992
2 55589  43.0010 228.1072 0001161 276.9882  83.0837 15.27578450192123
STARLINK-5762           
1 55590U 23020X   26220.32084507  .00000381  00000+0  23381-4 0  9994
2 55590  42.9998 228.8024 0001103 240.5512 119.5230 15.27576759192105
STARLINK-5760           
1 55591U 23020Y   26220.46576615 -.00001443  00000+0 -42963-4 0  9995
2 55591  43.0018 228.1695 0000985 282.5328  77.5413 15.27562163192128
STARLINK-5759           
1 55592U 23020Z   26220.36824145  .00000353  00000+0  22356-4 0  9990
2 55592  43.0008 228.2964 0001581 269.7871  90.2800 15.27577010192119
STARLINK-5703           
1 55593U 23020AA  26220.36438792  .00000909  00000+0  42554-4 0  9999
2 55593  43.0011 228.2678 0001489 271.9896  88.0785 15.27576196192116
STARLINK-5750           
1 55594U 23020AB  26220.37209316  .00000513  00000+0  28171-4 0  9999
2 55594  43.0002 228.3256 0001400 265.0479  95.0213 15.27576338192116
STARLINK-5729           
1 55596U 23020AD  26220.31698713  .00000097  00000+0  13046-4 0  9990
2 55596  43.0000 228.7694 0000942 271.5122  88.5622 15.27575763192104
STARLINK-5743           
1 55597U 23020AE  26220.45678399  .00001450  00000+0  62241-4 0  9999
2 55597  43.0036 216.8489 0001588 271.2366  88.8304 15.27567442192259
STARLINK-5756           
1 55598U 23020AF  26220.42607448 -.00000366  00000+0 -37863-5 0  9994
2 55598  42.9992 217.4366 0000973 265.8117  94.2624 15.27575924192249
STARLINK-5761           
1 55599U 23020AG  26220.29916843  .00001266  00000+0  55504-4 0  9991
2 55599  42.9962 218.2073 0000881  61.5114 298.5826 15.27577427192228
STARLINK-5755           
1 55600U 23020AH  26219.03240655 -.00000250  00000+0  44279-6 0  9997
2 55600  43.0003 225.0583 0001181 272.9557  87.1160 15.27583290192031
STARLINK-5744           
1 55601U 23020AJ  26220.36067582  .00000605  00000+0  31512-4 0  9999
2 55601  43.0031 229.0940 0001458 264.7642  95.3043 15.27576970192101
STARLINK-5764           
1 55602U 23020AK  26220.43378414 -.00000054  00000+0  75483-5 0  9992
2 55602  43.0020 217.4975 0000788 275.7188  84.3574 15.27576369192245
STARLINK-5735           
1 55603U 23020AL  26220.46705448  .00000491  00000+0  27391-4 0  9995
2 55603  43.0010 216.9106 0001536 265.0560  95.0116 15.27561250192258
STARLINK-5748           
1 55604U 23020AM  26220.40602001 -.00000001  00000+0  94953-5 0  9998
2 55604  43.0035 202.5930 0001530 293.3053  66.7637 15.27580109192412
STARLINK-5725           
1 55605U 23020AN  26220.27860531 -.00000434  00000+0 -62652-5 0  9990
2 55605  43.0005 218.0703 0001323 265.8975  94.1725 15.27571973192228
STARLINK-5700           
1 55607U 23020AQ  26220.29273597  .00000061  00000+0  11724-4 0  9991
2 55607  43.0002 218.1778 0001131 266.4726  93.5996 15.27575564192221
STARLINK-5726           
1 55608U 23020AR  26220.29659457  .00000397  00000+0  23929-4 0  9997
2 55608  43.0009 218.2009 0000915 273.1251  86.9496 15.27582670192221
STARLINK-5719           
1 55609U 23020AS  26220.41965543 -.00000136  00000+0  45805-5 0  9998
2 55609  43.0004 217.4101 0001205 266.3913  93.6801 15.27573893192247
STARLINK-5722           
1 55610U 23020AT  26220.04275260 -.00000128  00000+0  48538-5 0  9996
2 55610  43.0013 219.7336 0001064 271.8207  88.2523 15.27574730192189
STARLINK-5730           
1 55611U 23020AU  26220.44150014  .00000584  00000+0  30754-4 0  9995
2 55611  43.0037 217.5614 0001236 287.9301  72.1416 15.27587435192241
STARLINK-5734           
1 55612U 23020AV  26220.44536178  .00000904  00000+0  42362-4 0  9999
2 55612  43.0032 217.6012 0001595 293.9772  66.0913 15.27586806192242
STARLINK-5714           
1 55614U 23020AX  26220.41244413  .00000662  00000+0  33565-4 0  9992
2 55614  43.0038 202.6043 0001617 295.1314  64.9369 15.27587956192417
STARLINK-5712           
1 55615U 23020AY  26220.25932983 -.00000016  00000+0  89606-5 0  9993
2 55615  43.0029 217.9302 0001842 286.3444  73.7205 15.27586000192226
STARLINK-5710           
1 55616U 23020AZ  26220.46576830  .00001070  00000+0  48408-4 0  9996
2 55616  43.0016 216.8976 0001445 272.1612  87.9074 15.27577438192256
